const,tang,mbtr,logsale,profit,debtratio
1,0.15283128157004788,1.0452749582016991,6.0465609754050638,0.087747343499826741,0.4806140585431839
1,0.59341052029731278,1.6479297693920334,3.939774349958971,0.18836954450161997,0.49789297924783343
1,0.24067336207541057,2.8577454083285567,5.7573106032737202,0.24105132869805035,0.085132111450482648
1,0.37908270249138143,0.68596065678643781,4.9424421027798688,0.10643458790915875,0.72337394030063396
1,0.2246337281795511,0.81535653054862833,3.644352688730462,0.10099750623441396,0.87229293138309538
1,0.28268554088517289,2.0006900280853537,5.6873549453037615,0.10290430534482574,0.25224938130668834
1,0.16413259925070048,0.85672303466297262,7.444631617090927,0.075884283600415575,0.6502922069346464
1,0.64726938646911958,1.0547737748842334,6.0075470279380259,0.10247048575717702,0.82784745109788982
1,0.10341835613521184,0.87605558085321844,6.4276948492155395,-0.049203576711953259,0.96586875990381904
1,0.12944697377846981,2.0706479749211102,6.0694065883875661,0.14460620341371286,0.29379814083432826
1,0.10986147399386509,1.4878636888943237,6.8502098490846635,0.18828203984409581,0.25159485248410357
1,0.22716095207163733,0.88281600395923232,4.1450059903575438,0.10592492924418874,0.69433446620650996
1,0.10519763460939932,3.6674836601307192,2.2168093159726419,0.4122315592903828,0.085797027654902464
1,0.88186163422430253,1.0194852104382937,4.9736185504169796,0.3136930856696124,0.52781013395457188
1,0.44649656055492132,4.1762986447946737,8.968512347997839,0.31245069321947849,0.12396548176081662
1,0.68209558634186529,0.90980372869135295,4.4186839690233617,0.08361229850131327,0.82881142447049383
1,0.098455851510067124,1.2532836094798658,4.9880760708782796,0.12320417365771812,0.25703243890576871
1,0.30317060401806162,0.89657704011517581,5.1795000462036009,0.10322459263137229,0.52647353330945967
1,0.2768205208170903,1.2650914158740056,4.2865476906296731,0.11287618899111181,0.47460682466864657
1,0.19914410600270041,1.004222257820903,3.9709897831919956,0.056525619607753395,0.56260610963617919
1,0.21840968632726759,0.90084259718190196,4.5639522797718097,0.089145365715499539,0.69551821168629058
1,0.36891574353810003,0.77645820745216532,1.5997915353822949,0.049009734810339038,0.27355197422067135
1,0.083183936894944424,16.751667981355325,2.2157191599723838,0.030118321979204016,0.057812002559395788
1,0.07090499378367178,3.2940323249067558,4.7975493286092661,0.19508910070451721,0.13346464741775177
1,0.306794247695033,0.90371793620018692,4.5846204796978807,0.059601355780899111,0.5796942246354353
1,0.13470735987337853,1.2151618896879193,6.3100982620284602,0.050648590991982934,0.6978657133755708
1,0.048782521997247738,1.0363831255236313,6.6102841160106003,0.10701220321248905,0.23100059349568963
1,0.43966074893984042,2.0306008768777399,4.5368592248045942,0.28045712642852011,0.13815073402532585
1,0.10106309540245755,0.79128123705646836,3.2016482792015748,0.12439596852133093,0.32689203925845145
1,0.16227839213621204,0.83579076707038791,3.2210334954220001,0.068018255222046686,0.7990129160978684
1,0.16574673601528503,0.71740717545908073,3.1204247175113093,-0.018363231079503238,0.86562594276733684
1,0.47875519216625984,1.3814364734357898,7.3228333673177728,0.29159550996308942,0.20063223235257546
1,0.40898453357956494,1.0886473449178919,5.4239054192151235,-0.01925939487530547,0.94482086468363813
1,0.37271440004925205,0.99299698331588993,3.3853728313151841,0.23345441113094872,0.47981152254444565
1,0.48435752560075462,3.3312813830080361,6.0257572722653396,0.22855420163572532,0.17167693111612142
1,0.51499317298603087,1.2677764940657494,4.160771923377693,0.08103140426425795,0.20115156787208485
1,0.61129664262178285,1.712922009974174,8.0762977774761051,0.18075964021729449,0.31114823498859889
1,0.78487461788900759,0.9403037005740984,2.4292177439274116,0.12259860327559211,0.66116030130831238
1,0.95028987294930312,1.1588416183545083,-3.6888794541139363,-0.33292216602935737,0.2006444251877835
1,0.30954496562689987,1.6538780807183275,4.8011562894998967,0.16314361876256842,0.32293341910582185
1,0.37517164715883083,0.62300153665075519,3.7029549282184826,0.11982606421238476,0.24660032405980017
1,0.19938237221494104,1.7236672673656617,6.9951120963003861,0.13918577981651378,0.30811694221179681
1,0.62839475924840515,2.7988472178416939,9.0688306080504475,0.24728019936406007,0.16392154893405933
1,0.61659767396018139,0.93353029519022268,8.9353770719321766,0.060122215651488273,0.58141272388425613
1,0.014677103718199608,2.7959356653620349,1.5600375621389735,0.064823874755381608,0.089852958738943903
1,0.12043058605728739,1.331072393170539,8.5014385360155647,0.11366591662743313,0.48638111804101458
1,0.35906448560227122,0.63987089360551563,2.9288977853667677,0.1252534811410031,0.25670143932391393
1,0.85644730642374745,0.98404370190042401,2.3452613672744818,0.11296528977540442,0.71264333418124326
1,0.22535972106271179,1.2080243579040417,3.7031767588147608,-0.013848647055934783,0.66014878653603803
1,0.66365377428998495,2.0573734118086695,3.4401616516802962,0.12044562780269058,0.16227430368322765
1,0.14302209736318719,1.8852859141671459,6.8744228756556298,0.13877880294045469,0.27592877762642759
1,0.14539520831507363,1.2872845572047988,5.6911868146697815,0.10702924814782352,0.45774642246368397
1,0.14034825777794366,0.8726414213993765,3.2672087416588385,0.088706817715234879,0.051436148598070879
1,0.082562474112936615,0.96174965483915509,4.0107274183004868,0.00055225735192599747,0.94728606937507587
1,0.16993661546245414,0.85855480443551224,5.8279038987388745,0.049414641687630878,0.89409670356653226
1,0.36230940870211975,1.5887803551506137,9.3961558180243934,0.11891037560431388,0.4976908577876023
1,0.48151697957189304,0.62745484956118092,4.2631304797300258,0.11245795042378456,0.44193186072631974
1,0.67110757605885862,3.2654106184132035,0.50380100882902623,0.10956452575064626,0.18402423615022759
1,0.15095213447026454,2.2990165363554635,2.3314640525444221,-0.13654071430517339,0.36544614290792748
1,0.12394176754490072,0.64103172719360713,3.8983296782961436,0.15903156895323997,0.5867686990866452
1,0.45698326783816512,1.0415708954301675,4.2218285393675492,0.13398087046785795,0.44256460147592719
1,0.58203227767143539,1.2300724161079915,9.1581519402305958,0.11467735936351842,0.49888966405719781
1,0.30079283371111187,5.4540759270369614,5.434826197201442,0.15929700263896068,0.076355012820872953
1,0.47794117647058826,0.45745798319327735,-1.2140231401794375,0.13340336134453781,0.21814006888633755
1,0.19035575788231326,0.79611364019558251,2.1681389964411228,0.062046872365537006,0.95007147773600886
1,0.59614059269469333,1.5938479669193659,2.253289801269168,0.53370089593383874,0.94488050063619022
1,0.6685675559522628,0.88017364210387117,8.2154933271962527,0.050811597077589338,0.72386032619347351
1,0.17517241379310344,2.0337068965517244,1.6498118065723737,0.29172413793103447,0.14225764062566232
1,0.39363771335182474,1.2096458618665622,5.4672370176517999,0.19571972792247402,0.37750767108299044
1,0.73883791291570189,1.0998955944192892,8.6784613390123599,0.11564609236947239,0.5560455877246594
1,0.31422860367031175,0.79605577366213709,7.8338909896254707,0.078007081758621921,0.61851417733725866
1,0.36252427386107561,0.92886720250890475,5.0685771047045147,0.12401217068029119,0.60979042087713831
1,0.095074517142284293,1.2608279422575686,9.0870760917074378,0.1316514068034485,0.56511877583995584
1,0.066311743394892639,1.3068613590174072,6.6302835695788227,0.11801714235221349,0.42433104007843275
1,0.32847182997664792,1.748993626653403,6.1387416579920684,0.18861227965165783,0.28539667448128014
1,0.39167066996785044,1.4562681072392005,8.5693111456783448,0.15112154022393851,0.34144020687132709
1,0.10131332082551595,1.3644465290806755,1.8589507187683783,-0.17698561601000623,0.62381116076544052
1,0.067278287461773709,2.8198267074413867,0.4916428043492167,-0.19367991845056065,0.28992318120198823
1,0.004642857142857143,2.1244842857142858,0.089840703999789537,0.076071428571428568,0.076825367366466751
1,0.78621213301144766,1.1076342379876958,4.1160571291277508,-0.084479401915738661,0.6030140142821887
1,0.28193429558559752,1.3688650399065836,4.9743515970190089,0.14637229291312043,0.13761292407676529
1,0.25771130091253058,1.4309860477409302,7.3485624340875733,0.14929682283552193,0.27836588106091414
1,0.79412496003978261,1.0215518772422123,5.7468323855267123,0.12568820374382836,0.607770698053124
1,0.33368138798626718,0.87593661507104492,4.8427608730491869,0.034231871225347286,0.70198643919092896
1,0.24894134977640955,3.4600412663894571,8.9712817196340851,0.29262631092901187,0.13697319940236363
1,0.34877863865825925,1.0867249764233806,5.6002351290264718,0.11275356423010781,0.45425487229748418
1,0.81651734248341101,1.0351195501211841,4.3236424699081137,0.15975418243874986,0.73881973790223121
1,0.025901472828847132,3.6194768918232607,2.1733871545223638,0.38894531911291685,0.014967084107996867
1,0.26171413571334823,1.2114450715316971,2.7819819672563759,0.20868880430502693,0.42535211267605633
1,0.48516434815486681,0.95594965320462888,6.2955832942703838,0.15236475806968139,0.610580777860387
1,0.10126902788244159,2.4784415975885454,5.8067721821680252,0.22369856819894499,0.1516985051500627
1,0,0.63217427733556764,1.3807791804317806,-0.44281524926686217,0.16832339297548046
1,0.21260404280618311,2.4526952041220769,1.1951338556587316,0.039080459770114942,0.10759273773260185
1,0.36367397600330992,6.7434836574265624,1.2694796065280556,0.25734381464625572,0.030001840603718018
1,0.57345052509633065,0.86234165260533402,2.4095543139912881,0.13068224746266402,0.16854063841593411
1,0.74651457541191379,0.9769267128904795,-1.1425641761972924,-0.022366360993066426,0.35738494044118529
1,0.4655652151335633,1.6260564111662608,4.1443244945271216,0.14832380597951439,0.33144495710403143
1,0.66098393728788929,0.95255456107506475,8.1296238937840251,0.084015763513109187,0.66320652240245082
1,0.22328114363512591,1.7069911504424777,3.9245640369224568,0.14889040163376446,0.12782095813875585
1,0.62471339158455719,1.0374217016793705,2.584978203512216,0.25004647704034205,0.91088434211977221
1,0.62483188318282878,1.1110394422638818,4.178348644051364,0.10478137951856833,0.54661685783436809
1,0.051672227195052489,1.6865591179103263,2.8633430855082453,-0.0071608755797868007,0.21166522926982248
1,0.67561848958333337,1.1739257812499999,3.8884267915729596,0.15968424479166668,0.88166541885034522
1,0.66251442052186083,1.2238324238142766,4.5162078161399011,-0.026818930094494924,0.86527564475983687
1,0.13120047178504293,2.736938373078766,4.7284934020200904,0.1925915004975858,0.08024684915503319
1,0.38556380810563567,1.1194572980140678,9.9438113109573898,0.14018555728006915,0.69862145613206694
1,0.38247245611830261,0.63539441162917354,2.9631574276218124,0.075321519835784015,0.41701005439261579
1,0.51072426783327263,1.229075525580265,3.654908934542783,0.18061125288613442,0.5348493743241155
1,0.33764625276694421,0.97255191314430278,6.1013878872316587,0.071966902076525771,0.63564585004226914
1,0.24107393757195758,1.5530973091818829,7.9504449781000863,-0.018407871765918071,0.98550790907869967
1,0.56796401904873894,1.1859026985713446,3.809569371803037,0.18572520430360395,0.69401550809108847
1,0.31273718387393462,1.8545017226043694,6.645805928425963,0.1824380106231473,0.34858236293847966
1,0.30993720576571859,7.3259469159517741,6.9967189989094161,0.33936245297708706,0.043761049333345535
1,0.36126429051782111,0.77220914593140555,2.7660675052495156,0.052521856086079358,0.52252291480699309
1,0.39224971706705436,2.3785291746211228,8.1128709300099313,0.26621785620517457,0.14855604958569693
1,0.75190665307700422,1.3948536621797352,10.137768848260794,0.12262327346852704,0.39003401452833208
1,0.098044510857660666,0.93319508082108349,4.2799939091087298,0.11087806473488224,0.67838677690885851
1,0.42473338157108248,0.95749310514780672,5.2488277077892977,0.048552343201098976,0.52795772526900853
1,0.34840548726171389,0.83128303343428933,4.2954469826594304,-0.031664588158441712,0.81679671523916852
1,0.10458638331712054,1.2068026559618288,6.4440358626434184,0.1955100130435867,0.78902906455349997
1,0.42256085514899439,1.7243960759396797,6.3409147050194523,0.14065606273370745,0.19285129111539726
1,0.25786683996222698,1.0817907659189909,4.9772715288220244,0.071433648446940085,0.18280831975061657
1,0.13866792680685727,3.4144811110236009,4.8641286573207498,0.24507101415032423,0.094532565488501558
1,0.31396245028825109,0.46887813299626963,3.497113438491982,0.040355149983044056,0.54987178644223811
1,0.47347829668066882,1.2358228317272053,3.0407534392015112,0.083642204101803813,0.97256587771696112
1,0.2517326988724527,1.6452880935140166,3.2202349009058318,0.17492500258611773,0.29889971707010371
1,0.30146460537021968,4.8073637103336049,1.2131307421107016,-0.32953620829943042,0.038082342487200105
1,0.22561892384338006,1.6553057149318962,6.091327981461415,0.19988723672642481,0.23420994090893085
1,0.23530670470756063,1.9964574417498815,3.5553766325098297,0.2091773656680932,0.034142739755391734
1,0.28885381579065139,1.4745221124613259,6.0741291990948092,0.1705716152554054,0.29312856622556754
1,0.099918765231519074,5.4291226645004063,0.88747965002003537,-0.32006498781478471,0.022855646579134404
1,0.64383198621968984,1.6335904752978894,5.6569249417513019,0.15648278915543892,0.2465572122965041
1,0.71396578065838545,2.1070627923969671,9.3408158500465266,0.22096432875620381,0.26650583090438096
1,0.088190098863257668,2.3104987827229979,6.2885311963448691,0.25033324693597953,0.063075283135895457
1,0.20452582557154952,1.2172301016088058,5.9965689972078309,0.11931414055884844,0.53077156513822576
1,0.87951873465583119,1.3321897688035815,6.0477172731587574,0.20013637437802784,0.45794542190084042
1,0.0030846249146671383,3.0138049606836743,-1.3783261914707137,-0.06563677277439256,0.027508620038758713
1,0.28287957548625503,1.2183548489232854,6.3907120324652897,0.16574151633808801,0.44648763694918103
1,0.10943527382316849,2.1581689886078368,8.8659527713515498,0.24220273585225061,0.22339264741733761
1,0.19689954897099674,1.9457819329529955,5.2029346841154602,0.090250604856775898,0.15695254274581238
1,0.51549641309590266,1.180615527174264,5.6966370064953296,0.12415739084532447,0.44686268107958577
1,0.30278090749594178,1.9901905783641085,6.6219155084495434,0.11257381515116734,0.22345556337918349
1,0.19102818743641736,1.3722032291327848,5.8787576684391549,0.17553305604960656,0.48519197041546208
1,0.29974746173272176,1.7385520280369018,2.6003165012988281,-0.01613152605267227,0.34036277397958237
1,0.74985279685966633,1.5497362610402354,1.9456243939454962,0.038616290480863597,0.45759471878228042
1,0.40668267652597573,1.4711879678863664,9.1303770444852894,0.13855988347444956,0.27390944424741537
1,0.19334370199326356,0.95784471818554806,5.4663582718358352,0.089959256891501208,0.43761518155102858
1,0.44263684121335373,1.3620996441281137,2.8805458637448735,0.19861040501609897,0.29224596435569661
1,0.056208729263971656,9.2978933805765838,3.0912242550132119,0.086084715735223069,0.99429903922736318
1,0.11493902439024391,1.0142149390243902,2.9211164801732012,-0.016463414634146342,0.6071468831022433
1,0.36228629752487879,1.1752829803521307,7.6370415061579555,0.050676192906353661,0.70101719212073932
1,0.53338640660762271,1.3088143098815803,7.8437702037040218,0.14125783660065677,0.54832633947228315
1,0.21473249722178123,0.79480274646769333,4.5568409155908052,0.096523257659946016,0.65585231088817697
1,0.045821898774864159,1.6236158474976723,7.3911285104666256,0.14861703203896051,0.33889351059384826
1,0.19205834683954617,3.0501418152350079,1.6068345265639854,-0.784981091301999,0.14479758227890141
1,0.25884485560695086,2.025315664458057,4.2451037832632093,0.20949493686710841,0.18752507638653129
1,0.31005459278240877,1.7436747323535666,5.2810084274253999,-0.10571147866424932,0.8862721117074317
1,0.20462663718319446,1.2178941996938255,2.9673327990322931,0.044820547712195957,0.38386871508379888
1,0.35398968802008945,1.2305897629910643,7.5444294578124014,0.15687329384630605,0.52984535393747079
1,0.44501099148787671,0.89109737005400014,7.554068680402855,0.050642312951217884,0.60509093374799727
1,0.48465429808614252,1.0873424487884136,9.1686999176090271,0.041420190371348503,0.7434684897906404
1,0.70088211708099435,2.2319566960705695,-0.052346480372209236,0.13552526062550119,0.059283212072217727
1,0.44773049645390073,0.65999319148936186,2.8378496386370546,-0.032198581560283691,0.63572544913422702
1,0.21495117925188148,2.3843829561032925,3.3940720567195668,0.16411605069524102,0.088999706658844241
1,0.28846153846153849,1.1442828054298644,1.7450172066759233,0.12330316742081447,0.71993760046503064
1,0.41556231003039512,1.0830143870314082,3.1671613891815218,0.18091185410334348,0.6174742865610563
1,0.012995652277208905,0.72833562994464385,2.8737906027487488,0.013589603478178232,0.30336523340971383
1,0.14374050770232155,1.022799594995299,3.0836973622826349,-0.090077384826788176,0.13017730559140167
1,0.28108111439082556,1.2903861915120443,5.3331196790834854,0.11535214478946494,0.60549188156638012
1,0.18004965296726438,0.8922829412081198,6.1452966047520112,0.030856321529864797,0.64559692777989242
1,0.69739445910290232,1.4747402498350923,9.7701275737908357,0.14652044854881266,0.48547963205287925
1,0.85900350552409299,1.030380188316379,5.0237686724862183,0.016117280263680457,0.88905284025843578
1,0.87119165034114698,1.1310882929135988,3.3885848436113113,0.081165979868945484,0.50332965031206134
1,0.59076665340902246,0.86559761844499883,3.7906911802605152,0.024966554579310841,0.56984140815615203
1,0.14215355172801983,1.1993625464370146,5.3072969293286132,0.091973432398964314,0.54432926793497705
1,0.33258644499201218,1.1021381089057973,5.8908649027184339,0.098927730091251262,0.34999516314036566
1,0.18701462886039374,0.89317617843597619,3.1489253521703855,0.12877009210763951,0.54473582284074873
1,0.14798517832329783,0.87926817971283,2.4889816689411393,-0.0027790643816581755,0.7272866153073918
1,0.40277493553800187,1.2291163590226333,4.0758410906575406,-0.19854295420128515,0.55485997802270992
1,0.22108992745064954,0.80523873797874146,4.3850969165310998,0.098312805803948022,0.4523482761149466
1,0.098105028259954999,2.7711431410924745,5.6521487714589522,0.27858462438953008,0.066799265572212302
1,0.34214791435639341,0.84683144246353315,2.9081025235930169,-0.043589524865648724,0.56301307516393118
1,0.16438298068501359,3.8344599064214262,7.5707375386477347,0.21664085188770568,0.10490047517046085
1,0.32321880113044771,0.75204640785363686,3.1296948232169579,0.089245872378402494,0.95470576787062045
1,0.16935680499341688,2.8653996196420732,3.5108287641706277,0.15131418540010727,0.21337372310598485
1,0.42844856103208734,6.3680449884220973,2.9989271644505102,0.11974859411180946,0.052497065026544623
1,0.36932814555019733,1.2376535468586654,4.6459761803803454,0.046983020267763805,0.55070165432183893
1,0.46312351543942992,1.528519893111639,7.8720358548549552,0.15819477434679333,0.34242058408466886
1,0.081830040533983114,1.3126592851952383,7.4725052927658746,0.075358444499344548,0.24855465992476045
1,0.2778705997580227,3.1170808607478251,8.2453582210571348,0.29544276084576826,0.25836445141125047
1,0.15797994568623355,0.88744400343522967,4.9782567200322339,0.088880765034932571,0.47535585298491606
1,0.42765335180481795,0.98483798968675429,3.4090994115580093,0.1346494266143308,0.34084870271959994
1,0.23527037933817591,1.4522296206618239,1.4639496056854948,-0.086359967715899905,0.68164924102955982
1,0.055027070014987925,1.3203372543332028,9.8331548374308877,0.059951671611659992,0.66242533364019462
1,0.050999083409715859,4.6053895508707612,3.2323052451798615,0.30885426214482126,0.099210266535044417
1,0.15328870601240557,2.1114889762328808,2.8194126689556707,0.051925320886814466,0.05956713482226933
1,0.37591431117687618,1.1902355770039179,5.1975573633968883,0.18092851978275126,0.57559917778609726
1,0.31373967900547356,1.0913999443362092,4.4080110953958469,0.11420354392800816,0.49303820064262766
1,0.59066498183541316,1.0748696888327278,4.278775004863407,-0.079094929710946144,0.61076414401175605
1,0.29047784145371486,1.0401294366379106,5.1029044911595935,0.16290389465598001,0.53694722944798101
1,0.10945102622272126,1.4188818106128309,5.872807692282807,0.093937380172170154,0.35197295373090742
1,0.22389289802666595,1.3345766398231151,7.8393345433713693,0.10246789698400655,0.36503769401330377
1,0.59608821212916774,2.2851142032029403,2.5411294408842786,0.16355998949855605,0.1764705882352941
1,0.37176383993658613,1.8536526674876499,5.7649716429686233,0.16961795971520374,0.16981660366792664
1,0.45392927936568828,1.211602963744485,7.686070471911961,0.15231152887013236,0.50212323333759579
1,0.22485629740485016,10.124341008809225,3.9380610539769192,0.36277677630012584,0.0076881535749410198
1,0.62360415164218064,0.97501488593167762,7.1176522808787848,0.072378361414833767,0.80701820296435145
1,0.51895842850616714,0.65944168896430211,3.3398537514211033,0.060105723422306336,0.28214802627509677
1,0.19085940922821501,1.0877676286116171,5.2521058747433429,0.20500034588512003,0.41454660837201457
1,0.30324632010553254,3.6675905029206866,6.3824486429754588,0.31855834659949406,0.078228261687478012
1,0.36579572446555819,0.81459208234362634,3.2406373166497136,-0.18859857482185272,0.87905696355218321
1,0.20534567891449765,0.96953117569666802,6.1939563106913198,0.051634871445328599,0.90932484543370196
1,0.50037788103817327,1.7099848359996292,6.4574225036449677,0.22797684930104198,0.21662947940205729
1,0.22849122807017547,2.9058131578947366,6.8979069429273228,0.2015438596491228,0.15460841199446845
1,0.61050104049943976,1.5293500880422604,3.114181753753535,0.32421962542020172,0.54393018083459688
1,0.64264126265929056,2.0475507697202144,3.162559409389297,0.063115290125311516,0.11449448470900002
1,0.72751917345889405,3.2640941625069044,6.2923780715438591,0.19124000444062428,0.10418491965832438
1,0.32382934443288247,5.5327523413111344,2.1591765096986895,-0.32903225806451614,0.13689810839206129
1,0.1325005837030119,1.0636908708848938,2.8422313825682299,0.05159934625262666,0.85517587736742806
1,0.27477900336384264,1.0129126574356566,4.623236011799718,0.16304858014550574,0.46145900207077317
1,0.346637046116133,2.8453922169449979,2.9228927273770333,0.044354220928451045,0.29830052162207638
1,0.74786605384110316,0.50089789888378211,0.44404459007563946,0.10505581089954039,0.6711519366076022
1,0.68936934277843376,1.1887236816214088,3.2054663179582668,0.11016824085005904,0.065799343041150454
1,0.1766038991408832,1.7336172991025887,6.159942809456191,0.11531374869343311,0.081044575331205265
1,0.26894644735599132,2.2496812437923266,7.4437140036751197,0.18267439260197393,0.22774015705987571
1,0.28913162206444565,1.5732830010922993,9.0444038444315513,0.15674494811578371,0.37213420537592118
1,0.72323163812331248,1.4007852139773305,3.7586153827988307,0.047086751796731316,0.97221006360766282
1,0.24983742616123089,1.0964796336568678,6.7066337041113622,0.075981719138948453,0.55663320616688317
1,0.44986318613451659,1.4378205763647949,7.7686673299987046,0.14616787431062017,0.34641594694070921
1,0.022814491426961941,1.1094602682815196,4.7647347556594299,0.13132415589902477,0.44138829575476818
1,0.33642635736426357,1.8555694430556946,3.9190780599018229,0.21619838016198378,0.06015880329030502
1,0.14881104576834567,0.20865827154180522,1.797078630705655,-0.01482996676041933,0.62495213295550278
1,0.85930975130314025,1.0606779263200103,3.9306288384202626,0.069777903826782589,0.67519535301846345
1,0.20495460681567584,1.1450495151533888,4.953394523923941,0.09879329355633186,0.44865423079778705
1,0.10844813815209051,0.87492104177868724,6.026841343408341,0.077882823389382808,0.59200852042620034
1,0.52611523287597461,2.2444881306636866,7.0744012803906573,0.19777963294599216,0.21807108699091032
1,0.5194426694512414,1.0294995184140392,4.9765820067713724,0.036460265261911068,0.69889927276865238
1,0.76739226356817181,0.83640057361376674,3.6136169696133895,0.11056773054861009,0.68506489938123039
1,0.063114609570896568,1.2807118017075765,8.5268086147089797,0.074679023946714898,0.56226895870779015
1,0.013249509671947312,1.2717308541900048,8.0161000529946271,0.041558585187719786,0.36970329240304967
1,0.17273692388899761,1.0814888291846816,6.834853348498469,0.085372073851336522,0.49260003153298282
1,0.29533358088872386,1.0166171555885628,2.4192119049257652,0.043569748731278619,0.75816515995495082
1,0.55307945648529788,1.2108276963732818,8.2960226923536418,0.014731693848975488,0.76413609427363749
1,0.56475009645193941,3.8729674100157259,6.5609910611519195,0.33252320232189686,0.10766973957867175
1,0.56169956914913688,1.2008832712311335,7.8620086252427974,0.097982172804089579,0.56610860699720966
1,0.38620788028502334,3.0993970972489673,6.0339898901061861,0.2579473912846148,0.10365473142402747
1,0.26385906749585591,1.0666976314706242,6.190089970608466,0.13188225216104665,0.55003402611015073
1,0.73221230839624785,0.99563989933653618,0.77103371921701647,0.048043925875085783,0.4053362843530543
1,0.062417527974987258,0.96654394776414465,7.9765064630532825,0.047881808755412786,0.77719725032333797
1,0.33988863878687359,1.4033289894562255,3.9611750088877504,0.13887572562492595,0.41357477523110042
1,0.14992426367461431,0.89159186535764368,5.4102164590454453,0.050339410939691451,0.56974854688888721
1,0.30251530818025152,1.1067204744619219,5.8000043599428723,0.13473765262347376,0.5488910156885759
1,0.15329752041033112,4.8908123160035215,1.594730283561826,-0.25433245318522568,0.055135865539230777
1,0.52423105959135952,1.8641827801183548,4.5245239629024265,-0.00038964517935854661,0.25451692258955255
1,0.10381372271780764,4.877172292346847,4.8182553206080687,0.14178385048458828,0.017288239003200159
1,0.15528553113159571,12.662224156084145,5.6160253651317165,0.27927114892885541,0.013226995832677528
1,0.5664160401002506,1.9152355889724308,1.3845428280810843,-0.41040100250626566,0.43805181770239698
1,0.33009559050262105,4.594742522355844,2.8173828175124367,0.24637681159420291,0.11620220458701744
1,0.31535586815032546,0.81690951081251317,5.2757445056956449,0.096241864371194627,0.5137473206988542
1,0.054093214199468727,23.187364163245594,-0.44472582206146699,-0.38420671335426226,0.029515030247959057
1,0.20809898762654666,1.8270745003028466,2.313327189525948,0.055377693172968763,0.11707039852241244
1,0.0069986541049798113,4.120524899057874,1.5034105077885702,0.13135935397039031,0.06395453283467524
1,0.057674466549840223,2.1535827492011133,3.9597840688264059,0.19508298113596537,0.19664313781802464
1,0.14015467645913315,1.0812575344498228,8.4721121399755983,0.10120736660546377,0.74063051964118554
1,0.49955169990549342,1.4279433324448105,4.7982750599391055,0.25253834783240842,0.23961028010322105
1,0.25005849681654169,1.9958944471127205,6.3331588393174831,0.096472026206573816,0.15661421203517953
1,0.12828567392153439,4.5149460247812323,7.1980257486417036,0.29315836054947525,0.080285506822235356
1,0.4520545038529683,0.72565548203657404,5.0878493896311721,0.00014499467763439417,0.3350262527390388
1,0.33090041030106621,0.85239134957522156,6.4572216727062868,0.059282391371023264,0.79289620717550513
1,0.82514483716186737,3.4979357248616134,6.3213149074203079,0.2386603100098913,0.045130854097308271
1,0.1986657671838693,0.53962971291507378,4.7630624288588717,-0.00014991379956525,0.89723858206467388
1,0.41020554361602468,1.2969211164379788,10.315067261644147,0.16537168678018405,0.42132586141349176
1,0.75726812211138173,0.87803742171096122,8.2202927601543774,0.034324581453277908,0.79980917138794716
1,0.16131845550989202,2.2578550606900505,-0.73188800887637595,-0.19155595909395012,0.13540820618916724
1,0.18541498840848855,1.2032004255345317,5.552944080925462,0.13114703693910307,0.61703973536164813
1,0.019011406844106467,3.7266593155893539,0.39271753528566178,-1.8220532319391636,0.82786507737793891
1,0.74130737134909597,1.9204914232730645,0.69763708583279727,-0.21094112192860454,0.26028921023359286
1,0.8681884409907723,0.46138902379796015,1.6380253692860127,-0.010296260320543954,0.20778947368421052
1,0.14117030306056219,1.8607768735333763,4.7053683998651925,0.16114134504967798,0.39568548008425125
1,0.15010456200139416,0.66332003717760057,2.0431664858151239,0.032917667105568892,0.6781778640549968
1,0.024989133963104992,1.3612269543736488,5.394440851893366,0.10230029874724224,0.36694181138793991
1,0.34039914308264746,1.5590161658586084,8.8738321347069551,0.15285451197053407,0.4824022606603422
1,0.23378204694581614,0.75943651491578157,2.9345481202289934,0.057092606372184267,0.23835927583672928
1,0.29717570607348159,0.6050792301924518,2.5989047538414121,0.2314421394651337,0.78792294836430088
1,0.78230851530104262,0.99411893770164572,7.3091246777786782,0.032205013810031297,0.67640156277778718
1,0.42268757794184719,2.0546063105758567,7.7499890527859447,0.11331082661694097,0.33963986659019063
1,0.042587384491763761,5.4675521628498727,2.7933712614223096,-0.42011517342975763,0.1813785711983272
1,0.58654270299616573,2.2367666519629466,3.2591728816327374,0.21533032472600183,0.045464371451651442
1,0.1371393384940183,2.0955313159746658,3.2025838280912233,0.2630190007037298,0.40554949206615731
1,0.30478747130340844,1.4680557317477401,5.6426195829985444,0.23333756194576194,0.21704591186969832
1,0.41297514070752478,1.8430258763160632,5.4636834889425776,0.17539611913044484,0.16706119902302294
1,0.030504862128679901,3.1752364459837485,3.6706900249137262,-0.10396962834687624,0.3376334612883603
1,0.358147685500949,1.8440788112407942,6.0866679030250204,0.15429908523579255,0.31579895164954508
1,0.42515377195895199,1.2809085590500133,4.4266653362922623,0.095504640829815149,0.22406290697889727
1,0.19362282948245294,4.8176905974727724,4.6062995480186499,0.29246052964849573,0.066815821294841329
1,0.50451492458292135,1.5867398220746662,6.9487321415097236,0.22392168809144863,0.3094879494879495
1,0.097796994029236139,3.2414041589458513,0.8259282917937637,-0.63393040971793291,0.14024835646457268
1,0.29072565716401333,3.6790003702332474,9.3197327487473789,0.29535357275083302,0.12035849926235132
1,0.62951997700488649,1.1064144517055026,10.982789592669738,0.11907166746933827,0.64220252724847826
1,0.73710323053503979,0.88664937700851332,2.2718165593224091,0.15735468230253144,0.65691666931612247
1,0.28017147687477356,0.80247252747252751,5.0743484747340393,0.032097572756913412,0.7479901132759742
1,0.20383034414112183,2.2829598030032123,7.1389606463542128,0.22711856170225606,0.16822161856110224
1,0.19687312564073842,1.1785276238902729,7.4546134622129641,0.092588207435472414,0.47146229422989461
1,0.8932297764941588,0.87484713657533886,2.840247370713596,0.060572945125282954,0.21303869375130122
1,0.56048104489968054,1.8551518959892559,7.885271299295229,0.1863258266910911,0.26622515380163081
1,0.28039832285115301,1.3791378406708594,7.6301699572226509,0.10256813417190776,0.41251883506657117
1,0.41282225784498083,1.253237899103016,5.5798581196430312,0.12305548656781889,0.36343854323465191
1,0.31461297480746642,0.72460892833833701,3.7607814234030141,0.029434799634512468,0.83386940081196437
1,0.53476998318813995,0.54129413113250802,3.0943098369149848,0.13342503438789546,0.66140787407132895
1,0.24313127617189087,1.2418686730089037,6.9054506253068482,0.11446111314387933,0.34902491079611053
1,0.28093397843572815,1.2867740286024036,7.6333251181943647,0.1876059433906539,0.55702965247026637
1,0.85176686553464898,1.320031206975677,8.4403121470802791,0.14303197185253175,0.55626092531223625
1,0.16217288536214755,0.94330575721762622,5.0338373654875053,0.026726321121053522,0.6861397479954181
1,0.32361049103188272,0.92419088518967341,5.093437268412945,0.12774340767197456,0.46842543141622606
1,0.14992142343446183,0.91948583957062568,9.038721338315364,0.14918893002690248,0.76252329451995138
1,0.42826000792707092,0.96913396749900904,1.640355015068822,0.012485136741973841,0.34251827616175046
1,0.38142486938928233,1.1148023170410608,4.8519521358677,0.1596153046659553,0.50107371162374414
1,0.31834636692733853,1.0981494629892599,6.2149620357789752,0.093916878337566748,0.71939733774083614
1,0.61092667586370575,1.2212524290567102,7.4182462467570573,0.14903119576342841,0.457787757640779
1,0.42828668715222989,1.0702673365999502,4.0372096775171045,0.076592475707997668,0.93836164241590936
1,0.4997462572951028,1.2900279116975388,4.4819285291300526,0.13698645936656595,0.3511730205278592
1,0.15562435500515995,2.1060002948547845,3.95452678495487,0.15267580716497126,0.1146237311865593
1,0.17069332896246517,1.231294562366825,6.7512020486737709,0.10320439272250451,0.44966350398324795
1,0.20897827125997279,2.0339281775065259,4.3966442744972625,0.10937902128754733,0.33368996523686273
1,0.38924435344551789,2.9289176256592593,6.203458168337491,0.4131330950705191,0.13854561356354833
1,0.40879850330854195,1.8064890112879668,6.0271188118842733,0.26944631623885118,0.18222510541680181
1,0.17489648774564975,1.3526306096138498,5.2783187200413471,0.19902319902319901,0.13196683806867701
1,0.17509588340577859,1.6036307849654821,3.4759646602351508,0.19647149066734851,0.20476084112447748
1,0.40818378712871289,2.1533391669245048,8.794673401383422,0.20803681930693069,0.30892135120127395
1,0.035519125683060107,1.5822776949826129,1.9510398268753117,-0.27446597118728266,0.41662966700302723
1,0.07004120070629781,1.0661418481459681,2.0305138680564125,-0.10123602118893466,0.69532813470429922
1,0.12277259440195411,1.2447443238697795,2.7747738331451184,0.082248828735033835,0.089335692456168556
1,0.81508161544945967,1.317187140777071,9.0749787340455068,0.11433826346846501,0.58610743848533642
1,0.28417255655167972,0.8288400391162537,5.4266710026968008,0.087314739449444581,0.3631463119111793
1,0.40381515314347122,0.81160397635679737,1.1082325320451001,0.18995163890381514,0.54820096729663437
1,0.28699270660879678,2.1944606022640833,2.9609855372241562,0.1252405029307799,0.1907674741048854
1,0.45236595779171701,1.1942573120218409,7.3505071801429631,0.15015416245049143,0.56955033138254307
1,0.49056214543579163,4.1470023207839093,4.2850337899827009,0.2186178442496132,0.15129888400595073
1,0.1264618966598012,1.2533996238918241,4.9407706141232701,0.17705740127160383,0.38453312354694463
1,0.41891942531735354,1.7660645536528838,8.5374743316578154,0.17272443382695726,0.34275070441148636
1,0.30629806692995221,0.85202594055289971,3.2690745204009466,0.17156516316774059,0.33017029507573475
1,0.52718318786874052,1.0625558697807467,5.2364738772142969,0.14800006501210849,0.57730011261799552
1,0.69683653101236998,1.6137264773587476,6.8335628417228769,0.23840783624395828,0.35550517452468522
1,0.46188084720425954,0.88480692678502437,5.3412571170392935,0.14041688361859012,0.72410601997959334
1,0.15677405119152693,2.8224293909973523,3.026940200678184,0.28850397175639897,0.21108179419525064
1,0.2151887630346824,1.8282574370333009,3.2222700579362162,-0.14890514150374456,0.039745644667219436
1,0.45507220800611781,2.201182387717286,3.8915141287966057,0.12109179681755344,0.1529303295117454
1,0.15033958163542513,1.4734829190437382,5.2933198999877442,0.099837000814995913,0.33165768345485397
1,0.69087882767215647,1.2822135048554246,5.8586757358445185,0.06896626713617772,0.32237686695682122
1,0.12933873828223966,1.1005827210539652,2.6079351630992336,0.085381302254877126,0.35681399631675875
1,0.0085124770443988345,0.81363761477800567,3.5343578721776607,-0.51370854488495199,0.85214198691385434
1,0.040389911264588893,3.3843379813786769,3.952838599927921,0.29625825064475236,0.14506577460331813
1,0.27086346845823722,2.2470861077572297,3.5873449432896392,-0.023048140488457998,0.11894261367276765
1,0.45151362028572739,2.9644567963617994,8.7424465155937039,0.25095319031650509,0.17880743096300819
1,0.33314205706153738,1.3891844744875708,5.5022495557343616,0.1384029196410127,0.40410028650454544
1,0.22670544365712583,1.1652018937491861,9.6366104806535322,0.11401179118079188,0.55389511961081983
1,0.60784313725490191,2.4415580693815988,3.0007198150650303,0.10276520864756158,0.24055800495347021
1,0.067615355931909427,1.6146587233452134,7.4070816389174006,0.091950016042734381,0.38376756735854817
1,0.09285835700930041,0.84900201549258147,4.2947652264290426,0.0011655860712464488,0.99900602790077864
1,0.62566486955892464,1.1444033361073924,5.2577453407829893,0.14125085935521223,0.71259134545080882
1,0.31823230637658789,1.394591789908429,6.2691947637054319,0.15232525395799001,0.335273386742449
1,0.021030042918454936,2.8120171673819749,1.0560526742493137,0.094420600858369091,0.074938949938949936
1,0.55672177202722073,1.1708088959527221,6.3459871764785714,0.1052714787786533,0.50007886831142945
1,0.41318409425625924,1.3120486008836525,4.786616359746092,0.15051546391752577,0.4827041995507817
1,0.30533105629318169,1.3276516764188426,7.7061256157665339,0.061748124020335055,0.9828658636899823
1,0.24535411757431697,3.5252202285671106,6.5190720638721977,0.1927139510439066,0.084290448993522005
1,0.17757702714497686,0.58003840446888366,3.2424360892772137,-0.021122457886008552,0.30893085546610488
1,0.43591719087069236,1.4285549190580642,5.033570265378752,0.20348784511357251,0.20940092984596159
1,0.8363465709234722,1.2509163872131805,6.2639238387379956,0.16656946545408155,0.4502777083450003
1,0.22131605235521629,1.0978637842268386,6.0495282454986352,0.078307420404190461,0.60531896774976268
1,0.62065554077574514,1.2932699188998737,8.1242963704598594,0.094149941374375892,0.51890426032032755
1,0.28374596340150698,1.2754611410118406,9.229554590899987,0.04843918191603875,0.69541533934327471
1,0.23093858632676706,2.9400031602233225,5.6124782602473013,0.23961866638575791,0.23092895058842072
1,0.59823774926572881,1.4457315659298191,3.8371701405260783,0.1660225691760705,0.44242476894392496
1,0.080459770114942514,0.50702366463826909,0.59277420641315803,0.056118999323867477,0.55474950926004951
1,0.48899548532731379,0.83094667042889392,0.41805222361363575,-0.20062076749435664,0.23396578802156284
1,0.075603249821508595,1.070880363048957,7.6805021460192959,0.026101918164886863,0.72755538065714398
1,0.33839343999450283,2.8285356803371622,4.333781322045887,-0.35189023901416677,0.32209792447747349
1,0.16100736174189634,1.2662093587578493,5.3309200750920489,0.15216179436310276,0.45093973473751786
1,0.35177711868527256,0.97821753294111924,2.9299663327783714,-0.0060290757037973451,0.23629405040011928
1,0.34846529947032456,0.73044699850604378,3.3855760007591984,0.10742903707727829,0.57696997851460419
1,0.21472591631527732,3.233052221861823,2.086913556518537,0.41939669153421988,0.17858038625532985
1,0.34880258096538036,1.3295384042685197,2.6312411484152523,0.19121479091698723,0.47523273991460374
1,0.39131846720069285,1.2515696038103488,2.567024126715427,0.0037886988525654909,0.58569519332688147
1,0.3188803044935522,1.1261716752826223,2.8518041647469063,0.05517525421803101,0.66358998325349527
1,0.19424796722965076,0.88583272852521122,5.5985775024564193,0.014146359465144599,0.69346775537410432
1,0.19319819148407613,1.4895227803448106,5.4605765123049377,0.089171262483231484,0.38752152503575343
1,0.82870365632879917,0.91595067789224494,8.5023781892131822,0.051577520361497042,0.68746726528882918
1,0.22930127723516153,0.90283621337340358,4.6141299273595635,-0.033675598964855162,0.75498320631156046
1,0.44492585586135353,0.95311832550192221,2.9938304662643946,0.16024897784829437,0.93805522208883552
1,0.41007194244604317,15.996402877697841,1.383039068399218,0.25269784172661869,0.044102765909601979
1,0.66884816753926701,1.3490933682373474,-0.70927656248982895,0.013525305410122165,0.12873351577083095
1,0.91475011906407966,1.2223815274001015,3.1268043946477118,0.09319260727289487,0.55697131876721861
1,0.28531981193535472,2.1660647708452707,6.9282008368090846,0.17104934734660879,0.19916209827290349
1,0.18155430732341293,1.2661204974527356,5.5549691922145383,0.3079721295396326,0.44434340912876419
1,0.50282576732218343,1.1441217913373767,7.1505061444024998,0.14149512957176991,0.8670557682525234
1,0.038597682199486012,1.1861998739271686,3.752417474917924,0.17344712214517771,0.71426235539386007
1,0.094483550192481544,1.8583965627571075,4.6835283987733334,0.17052137611603743,0.21777318663540321
1,0.075464029264327326,0.87897981303346429,2.9962821223594265,0.060289933613331528,0.28384262648838193
1,0.36298817483486473,2.5673523199655599,4.2789690208564766,0.12002744406925593,0.12194572388243494
1,0.75863046312567317,0.65348477977438912,2.7189241976540885,0.06683294597811916,0.28998644619137981
1,0.15526097435694811,1.3269452072385315,5.9938666597239942,0.053162906475957165,0.47717068480572256
1,0.54301572617946348,1.1786479380690393,3.1801349965517702,0.13535225668240905,0.47091384135573616
1,0.1835797644100686,0.97620528027549247,4.0759259766980822,0.11131760911749435,0.47230592097204871
1,0.28131469979296064,1.7239475500345067,3.9127827167743878,0.13537353347135955,0.10380804643714971
1,0.5118350038550501,0.7533387487608767,5.4321093502157636,0.12780041854829827,0.80802682920142932
1,0.69694441547606634,1.1124882678068619,6.7894220920202724,0.12597768276149754,0.55166789311610342
1,0.65316455696202536,1.2611596408595818,10.531135750863378,0.14801295260523992,0.47248476498061132
1,0.28115682766845557,1.0526237328562909,2.7573481728234963,0.10554561717352415,0.15204645234386066
1,0.77132447111279767,3.768602584550802,6.2524047211167577,0.21776871264585904,0.065463605648976506
1,0.12576540710814385,2.8232909768293264,5.1592047133390393,-0.15330041018240625,0.1091041168367503
1,0.29671771361685523,1.1542162504877098,5.560212290123089,0.093942645337495134,0.61799275965955658
1,0.28364450348067793,1.0474946498413402,10.477316144080852,0.064497085085971517,0.77764314128847112
1,0.45945636885498981,2.8159832206962538,6.2481647239510218,0.20970317937693209,0.13953839482506078
1,0.80562579721171701,3.8832322599413702,3.8611085866265964,0.2147828227448699,0.087535296490520373
1,0.14263256884597031,2.7815912472279147,3.391651968818624,0.081155433287482814,0.17904174167317391
1,0.38017500940910798,1.3045287213022205,3.9384506972634243,-0.082611968385397069,0.44846449460741777
1,0.20918984280532044,1.5518206944204525,6.6710197741484603,0.11038175850751425,0.49479656569996744
1,0.16164015699235693,0.75325346002891969,2.6091134532421867,0.084899814087998335,0.16125051419169062
1,0.011935548040580862,1.3252188183807441,2.4907230351094403,-0.24368410582852598,0.7331269349845202
1,0.23559627024374283,1.0487626370031082,3.2449333591874905,-0.062293472926549971,0.90090820806334526
1,0.5527706492846034,1.935923395221022,7.9736663297923807,0.097436091200687885,0.98359423799896284
1,0.22737185170984206,2.1722303434062646,4.4246430183146082,0.12476934505979057,0.062066302609079374
1,0.31943752488540206,1.6375911380957242,7.9338800254801631,0.16894762010520398,0.33696546374476311
1,0.29594272076372319,0.68585918854415273,0.74098450997410537,-0.017104216388225936,0.17630853994490356
1,0.31737142018635817,1.0852796595661425,3.8262472284067419,-0.070214483112817624,0.83258411660536702
1,0.4787535881260363,6.7676748943284766,5.9953644326590512,0.23763151848663427,0.055379429072063155
1,0.88772793271619044,3.2939222624768378,6.6921122780796338,0.31822146395409867,0.17712624182214684
1,0.61181510225297076,1.9644825515745701,5.4560131835155863,0.21499112791927302,0.21716742602656144
1,0.22551166121304986,1.0894527016525657,6.6880009776659231,0.093171835346321175,0.67605439617175955
1,0.22066912653871201,2.1716194846671422,5.2397609170880131,0.21901336392669996,0.17620425804111831
1,0.04552023121387283,0.69996387283236994,1.9027043631797818,-0.039980732177263972,0.61247311827956985
1,0.12331014095677566,2.1194854266556113,5.9166844260358555,0.11518439741879664,0.22267331505928964
1,0.066455696202531639,1.2932020197319436,5.7388278163990014,0.071295606850335064,0.38519774041796329
1,0.055677368833202817,0.82578308535630385,2.3852704596126535,0.066718872357086928,0.52829283504041835
1,0.36007616924434538,2.0667419070177884,7.4483565746756248,0.19286052668245784,0.24003045460326988
1,0.35273628971800935,1.8535782250158583,5.5566813327886591,0.17460354074159506,0.23041480389137259
1,0.71219119755694438,1.0540903667867032,6.2469281334928404,0.086453738466085076,0.44172155000765811
1,0.19576523031203563,1.8604507181773156,5.6794556284984647,0.1130059885631951,0.24351535319921341
1,0.068114690780206294,0.9549461534966146,4.8039308767338182,0.10846548825373745,0.63377031238847525
1,0.12536921562192319,1.2212943879225469,-1.1208578976154293,-0.38496882179192649,0.35068540858477881
1,0.35423197492163011,2.8470094043887149,-2.7806208939370456,-0.028213166144200625,0.11671489414179317
1,0.21718195479919733,1.1803696153694436,6.4858223170347884,0.10736749415616557,0.81937262446054726
1,0.31906279932543935,5.5994345989579744,9.4783700958393737,0.27867584080759084,0.11575655537931416
1,0.088181100289549882,1.4456962358515399,1.9624862883171341,-0.38062648065280336,0.42460216306762311
1,0.38129350419361985,0.9910574286100795,3.9420089009184025,-0.0089160538160710338,0.44754374828165328
1,0.13911217756448707,3.535595380923815,2.9848229830459552,0.17444511097780441,0.07757254929407198
1,0.20166625957116915,1.0142850695071313,5.3726221050562755,0.070436370973737034,0.43288244194478465
1,0.24855795895729335,0.98838047698280629,3.9963273884801764,0.18874098724348307,0.2401728346567156
1,0.29384810732227967,2.1618446476877495,8.8546934708488791,0.1736074050900793,0.2395621944077469
1,0.08391234633885622,1.9795831106360233,1.6339353840344877,-0.23901656867985036,0.13154057994492144
1,0.21682254736643661,2.7341064527278247,4.2074053545061147,-0.013290880717225777,0.081766924073423286
1,0.23529411764705879,1.1809814898667652,4.9663489723847825,0.083192689252047911,0.60068259385665534
1,0.004744821201249856,0.59191644485591954,0.8531379168688864,-0.14431200092581878,0.68859670560633457
1,0.27366743245460778,3.4268490520961037,7.2216188550757083,0.33779935712424103,0.52573003241610128
1,0.27786499215070642,1.033734898641731,3.1391397368487199,0.16367483448228792,0.54314058863339998
1,0.97199820788530467,0.33560315860215062,-0.5851900390548529,-0.012320788530465948,0.42252604492593276
1,0.041613696075938643,1.7851830663615562,4.386180495436343,0.2189168573607933,0.29392250767030448
1,0.85037440435670519,2.5904583616972996,3.9679495497171531,0.98978897208985694,0.19074731849178578
1,0.3348743622296213,1.0075091623350181,4.1815767481649724,0.12022420772750138,0.81397064251636653
1,0.42360580595874714,0.97787994174942694,7.6984827878809465,0.24770817417876242,0.88610176865141566
1,0.21548898403368819,1.8526317644511654,6.4913424628054672,0.10879682855641916,0.42546607062050795
1,0.097145677387513368,0.48750760878506222,-2.9565115604007097,-0.0013983713087110307,0.6097900493197651
1,0.25340386009950788,1.139369699343465,7.0611559633473826,0.10834183248083327,0.51672158487788589
1,0.34899813999468565,1.2039891542547265,6.1105977819461783,0.14073468781339374,0.54141601110596949
1,0.13923659403492503,0.8615185056405501,6.8145428972599582,0.08731262556019162,0.57776963610692511
1,0.088114104595879567,1.4736133122028527,1.3850435792182381,-0.093185419968304276,0.6013873205355702
1,0.16073378466914173,1.8382258377617626,4.0030330437715094,0.20256727572735436,0.085274758638441958
1,0.62920828708842025,0.98163753237143925,5.8414378519542618,0.080203477617462077,0.16896838120255733
1,0.064831684278386648,3.2086778596855119,3.5165775327022284,0.1445188777083275,0.11972315831430953
1,0.0717959235676707,5.1937719273712641,6.4634770946254783,0.30823707819428781,0.19311686703231676
1,0.25701845695302911,1.5998501037585049,8.3186832265601467,0.15334651012779113,0.22590435226875105
1,0.14397905759162305,1.9048619321060631,4.6798415708236476,0.035435314980577608,0.20979280612216625
1,0.1051486352436722,1.9489456337397202,4.1728784398762073,0.1345876931938178,0.26470081190020767
1,0.1252361673414305,2.2791919028340084,0.23901690047049992,-0.6321187584345479,0.90260937240582695
1,0.077896401739818114,1.9038651640964812,0.90664435482234973,-0.8533017002767892,0.77343648589008018
1,0.059113027938153741,1.4743768852052368,7.3190440631888087,0.18676199776657065,0.36917647573896395
1,0.028893937242652275,1.1660513985517535,2.2883847435929043,0.14166548345875338,0.097260273972602729
1,0.31335622377137312,1.3134255887351298,4.9537050895087127,0.14870114105365378,0.38791919725376289
1,0.37043118901980104,1.1183682964544248,4.709521192262744,0.26041025219973457,0.32492321998849827
1,0.23328008415966961,1.2592621904891781,4.7431827730461329,0.10867701778652276,0.55582381817531357
1,0.18808649530803753,0.7568339453284374,1.6233408176030919,0.10893512851897186,0.74123989218328845
1,0.19642994766560076,1.5235665660403697,7.6560301183496717,0.15253899632539522,0.36677589518500342
1,0.1488020267824828,0.8697629388346001,5.7126662303195568,0.12756424176619616,0.37925144237471159
1,0.2692176870748299,0.61091978458049878,2.4995489265248705,0.080102040816326534,0.37228724206326191
1,0.22725374381003521,1.0791718871189071,2.9670241094172471,0.11831036334347594,0.59498009730207868
1,0.23330976462028755,1.5786002746267433,9.9626522857040989,0.12368450715771567,0.46545665290487009
1,0.04103960632554584,0.97273183316611722,4.6269903844612053,0.1512350102718456,0.36851217445758278
1,0.11402054407528506,1.3714212276428035,4.7805846100340776,0.077943369487694855,0.52687120832214729
1,0.10020140986908359,1.4230614300100706,3.0898144269151295,0.1449144008056395,0.22107423395371875
1,0.071457572066585456,2.7069630531871702,1.3706729802169337,-0.084855866829070231,0.14563725674003525
1,0.095821043564511488,0.82099136018375929,5.3069152981729673,0.11496698076270521,0.71664070199980923
1,0.033826075376215209,0.62018910640564651,1.8595738688119114,0.075642562258622981,0.57569250590508914
1,0.38059665526049452,0.92034555882211189,3.3923920617004173,0.0089160923417996047,0.65808732080905941
1,0.83625863923005683,1.5665450208377187,6.8070859646346333,0.11764148094745881,0.24270791532972594
1,0.61486385732605653,1.619329873848081,4.841474749980101,0.25488354060421703,0.60115750652651356
1,0.82200956937799041,1.1421387559808613,8.1152219725623294,0.11332877648667122,0.54663547481102048
1,0.48570943940293443,1.0832002374692562,4.2220485920343753,0.098634551776778892,0.90526051725279977
1,0.2112592003182813,1.8469265963795503,2.0293317571943859,-0.18301173662223991,0.82729279982766979
1,0.29923883749726859,0.69574896205113268,4.3716605924247034,0.11563114574987253,0.76570852772016151
1,0.078197270572852834,1.6496833374193023,4.8356785503653201,0.14143989539919916,0.3473641061713687
1,0.20901716657234481,2.4217336351631764,6.7217870812679852,0.12582531597811733,0.49152451274029979
1,0.12558239861949957,0.8262336496980156,3.7024124683965205,0.22540983606557377,0.62781640192279731
1,0.44253523674361006,2.9427039417845862,7.0904884177312839,0.33278582460241263,0.15454591554909733
1,0.22250382807962404,1.3307292326680393,8.7191049346417557,0.12474259464596862,0.46708324519890176
1,0.57773530541200568,3.9715457459170893,7.0687919104187591,0.26193248985390122,0.1028148123805991
1,0.06155160489809202,1.0107400024409097,3.4660483539817717,-0.063626378096904121,0.7321392634332865
1,0.22841440208799232,0.95072780789550837,4.1475535205532434,-0.10715907719017861,0.77187625188018238
1,0.65890061753160645,0.95416424258266685,7.3465184678251285,0.1366702806452153,0.52496544050902716
1,0.25924657534246576,15.917380136986301,-1.6094379124341003,-1.8489726027397262,0.018382927368041077
1,0.35314741895463614,0.60190517287879608,3.295466427029913,0.088947623927935704,0.66118694617303775
1,0.33397956634989356,3.4571092569906163,5.4069878980541981,0.24702356173507617,0.089249290523788896
1,0.18478378878933219,1.1034515241118128,5.2134890594717813,0.098561146484611992,0.53326233818097113
1,0.37444882532720525,2.2692706996710452,8.2279098375974833,0.1725964118237174,0.2334492110388669
1,0.81776382191319952,1.0646377705506336,1.1881482539789645,0.052596164629359649,0.51046124270873106
1,0.24101236698303136,1.7431873741731378,2.2552838198760328,-0.12050618349151568,0.48786825742186285
1,0.51617736441121176,0.86227684566130014,4.803020544399673,0.066236024142366456,0.79011859975247323
1,0.43715969367517132,2.0840912240326892,8.1235388606746994,0.19455366938216867,0.31084479516488706
1,0,1.8539399773499434,2.5828648356790644,-0.54121051969296596,0.95545717950696718
1,0.75510112933069606,5.2864867128182222,5.9929060077042964,0.21606584572194218,0.055126354991548873
1,0,0.5939192222440447,0.78845736036427028,-0.0065654723492606839,0.085861240204791453
1,0.25893708615051148,1.6924756153097933,7.1754721159177386,0.17201699113471519,0.33644605712407949
1,0.11289719626168225,1.5431925233644863,1.553079178764716,0.11514018691588786,0.31031676049650675
1,0.34669879678516036,0.87541333582697511,6.6815796355189727,0.14625013708502407,0.33354990929396094
1,0.60934599847144888,0.65296429741238138,0.67090157161262554,0.035265858718200677,0.15450213192876849
1,0.46466726734457459,0.77269249581670751,0.81889838586550556,0.037842708199253443,0.4787567915498927
1,0.28178720613603642,3.6378184565815546,6.2494306924747569,0.24058851203969037,0.10915418303663281
1,0.15704484768160287,1.2046894185978521,4.4395759443263287,0.16876839417623327,0.20100632593958809
1,0.20653107402740994,1.9003355532128257,5.3004750371018359,0.10629194415160319,0.11863456189927873
1,0.4343742600826076,0.80259003972534271,4.6434866442722962,0.056983504774933566,0.81229871587901237
1,0.066852193880097832,1.0331390705336194,5.4488214054550976,0.095436280137772667,0.40009059338668285
1,0.55638888436439882,0.72747106259541527,7.3628451235423054,0.029497865510108287,0.75732137836630997
1,0.35902329350866646,1.6011676818906697,8.2376644566541586,0.11858513502914958,0.43360561102998979
1,0.26554807822591575,1.8226254460051492,4.8097260516655203,0.15671153064450569,0.18175679442940421
1,0.54025937010118286,0.66168768704574599,4.1058613223497673,0.067229585292860189,0.64564067358559141
1,0.74405269275474617,0.80034676481983724,3.2551691805654697,0.082929097249128239,0.44647443112366536
1,0.16973956903787327,0.85583115545107014,5.8413419934761599,0.094876109327700672,0.48223492405817847
1,0.63573529411764718,1.1891544117647059,2.8766671663950509,0.14970588235294119,0.44445818519091052
1,0.24652419930236244,0.88920544632947529,6.9511097440900782,0.069025487553511969,0.79295732267932673
1,0.4218573957830356,1.0184425130103547,5.2539003760999181,0.13514673533987875,0.44823853235174038
1,0.41636404393633719,1.3774857655234252,8.2292977628723314,0.11248598968841067,0.56205494880301243
1,0.39027591546901852,1.0619667239523334,6.7989789360231416,0.13297765859001717,0.75578405255351921
1,0.33332635685522694,1.0044134944620717,5.19149467131537,0.1362003867759462,0.3487942138518112
1,0.13372513562386981,1.1136141048824593,3.6072897170739817,0.11292947558770344,0.55741971061428452
1,0.14312590448625181,0.57196092619392191,2.4382517044155794,-0.013603473227206946,0.67581757226896066
1,0.081010776662950576,1.5956428836863621,1.1804994481402937,-0.10702341137123746,0.36563709935664174
1,0.056809005842397751,1.2275091435899872,3.3527421613927522,0.10708687597967036,0.4007893896740865
1,0.19228177440297156,1.0002424272307413,4.3144033605743859,0.11189454826356358,0.37965583676688675
1,0.088326896723557979,1.7585025538806525,3.9921272496698075,0.2007806984759769,0.097528721381932387
1,0.40932809379630225,0.88095084713006511,3.6524747722201365,0.14491399858274817,0.55619744058500908
1,0.039679276315789477,3.7083675986842111,1.0195690813276568,-0.1153371710526316,0.033097713097713095
1,0.19902593992858642,1.670890437933207,4.78976415888771,0.2034630329762655,0.27908164367633226
1,0.33209640541249674,0.98545672626410274,3.871575940612964,0.11990704299261591,0.77726218097447797
1,0.093530550179706934,3.4874619850705004,2.4818185531887673,-0.19234171965717445,0.04446593706274303
1,0.26205427000615339,2.4021297535555237,6.2847291332934523,0.14903892679702521,0.26227526885643654
1,0.39712361905474786,0.99734301653675206,7.1507453781966301,0.12551305213709821,0.89961675904437022
1,0.34484801438143492,2.3080670861251842,4.4888273627277711,0.19380209184507274,0.13265536423137686
1,0.52210443659206907,0.99863791489233178,6.3112809856824521,0.15364682431820242,0.76486652412303913
1,0.093301025665503329,1.5626258216133804,5.7590374113657976,0.1435987859354951,0.40904278328773197
1,0.25625989549801464,1.3341496111800362,8.5243942017946104,0.084427306831128812,0.61904253368074202
1,0.27638068886680567,1.5065749563206745,6.8607684877578006,0.12695128050245838,0.363374559400716
1,0.34484608564538988,1.1141227926518673,5.3488298561868808,0.12208675224052541,0.28715416948087247
1,0.30593987607607753,0.7686542838475291,7.0748303634248062,0.089302766389764435,0.72213738987182019
1,0.40012075031749006,1.2736868402972956,4.0693002211158396,0.097724481085920092,0.88782098432468659
1,0.20872578563119515,0.93621976726134393,7.0174586507740946,0.081033203112539268,0.55699466748857474
1,0.34962375759526776,1.0412357651603557,4.2389786742502507,0.15339422960846646,0.35475300232843499
1,0.050869079891564348,1.2318086429596558,1.5005155052099135,0.092808164567054693,0.26111141029677376
1,0.33898124629260651,2.6782210595160234,4.3163407889444265,0.21296789207112113,0.10264928869580033
1,0.10872320202766923,1.2171977857570317,4.4310548657412356,0.090048227549547638,0.499408023050046
1,0.091888532062571221,1.7422044960116028,4.4955115577751252,0.20138816948099036,0.2110896387691393
1,0.096101541251133279,0.97318676337262011,1.7455409954264407,0.026201269265639166,0.067261336376551698
1,0.16881457024177229,1.1982372989668764,3.5133944745789698,-0.052401746724890834,0.20932868158485365
1,0.26871014654883096,0.85333929969795275,2.5674846025485829,0.03143528358876832,0.38175144205558464
1,0.088614169956368172,0.90969374610430098,3.1071841988481341,0.27082900477872435,0.44548684483399703
1,0.13879097957100314,0.91550732879712893,5.5422160325747019,0.074839337172896911,0.76376445203671584
1,0.12955067235159068,3.5813030033266182,3.6930208666144861,0.22958346999016072,0.0745462692522805
1,0.18566713081093306,3.045533259352978,5.0530560099802075,0.14775337682624276,0.073575180038943644
1,0.1255536526309573,0.87958229492706541,2.7323524936251751,0.033307742278391304,0.068819811404174591
1,0.13099041533546327,0.51938658146964867,-0.98617685933832155,-0.2731629392971246,0.66126174892967871
1,0.095066877606788433,2.8102437796634545,2.5474901360897682,0.33223069178771752,0.10931632515977149
1,0.25237074509131441,0.94492626253965539,4.2905964180679943,0.16546343136414302,0.49445247228504602
1,0.31008920718683253,0.68863864807136577,3.3083508312958037,0.01750638689952674,0.52011160018549352
1,0.12503337297638409,0.91836969976456884,5.229604812911222,0.037741802383437294,0.73092348250094152
1,0.47309552599758165,1.2241233373639662,2.4703850532689797,0.10519951632406288,0.19321380945325234
1,0.010939175731576529,1.4624865941473877,0.67701779863006162,-3.064194882794546e-05,0.21664318302053814
1,0.029489436619718316,0.94872359154929586,-6.2146080984221914,-0.29445422535211274,0.5010438413361169
1,0.53790195044807587,1.2225266868740117,9.6875057942495388,0.13494992092778071,0.61988679498508736
1,0.050980392156862751,1.3401416122004357,2.4248912173780139,-0.24313725490196081,0.6401950823003455
1,0.48508432576719179,1.9070491581423132,7.7360629619463648,0.20412832263122524,0.26104301215381331
1,0.17851474724618552,1.5050931818538946,5.3951581924974539,0.11696444004462672,0.12575871667747673
1,0.13194029850746269,0.94989462686567161,1.5824777308513172,-0.15552238805970151,0.81328738112978438
1,0.14042894010856991,1.661353119159918,3.16145855399825,0.23734092729376166,0.25818719911080762
1,0.12893164185363809,1.0601754167540365,8.8315220633517608,0.052151044943034873,0.72482700187226845
1,0.831700801424755,1.0462771422700186,4.106487207668482,-0.089718473868073148,0.53857602381295311
1,0.2394786998403132,1.2136197393499202,2.9417511596874775,0.15165095554525318,0.28183361629881154
1,0.2267939643114483,1.058095886491756,4.9682008892297214,0.14344297037256815,0.633621126712959
1,0.49407640085115007,1.1987779916911543,6.8563030245926937,0.11822069105279157,0.4528034594623836
1,0.21065410685581321,1.5678415260619825,4.8567612426704994,0.074212295275457793,0.415295022288661
1,0.32430082463844956,3.5740371854252735,7.3358627693126941,0.32414826819256459,0.086243473465060505
1,0.017124831004957188,4.1726342196184465,-1.7778565640590636,-0.21345951629863302,0.0016560328954374349
1,0.12202136400986031,0.87489728841413306,3.1344066682417506,0.12072035058887975,0.55498160757611326
1,0.23102662233097015,1.0105937741807307,4.0909889384087386,-0.02659096137357007,0.63731849240212779
1,0.33019768885493267,0.96006828383153475,3.305200299327629,0.18976220036290709,0.32135085734180519
1,0.46825450035198285,0.77702725352820878,4.5721716747245162,0.018722134692098824,0.72734528354796268
1,0.48489322529862228,2.4504560493805201,5.184891076477844,0.25162541246786974,0.40328896595748731
1,0.38217320418145206,1.400697548032352,6.8579755753800118,0.14737636264825293,0.4001596472882134
1,0.32369547236307405,2.4481875067429066,1.5000693753787353,-0.14845182867623261,0.18769991223141527
1,0.24166375080961561,3.0296235566507597,4.6394653268640473,0.19821623995890503,0.036316668125697837
1,0.2152344909468685,0.86880379934698715,3.3730722179363073,-0.017252894033837934,0.78700461223095319
1,0.62833958931331424,1.2552368072422169,6.5770265169879902,0.16852506071980572,0.611261190147525
1,0.081880962935037924,1.1154706964335279,5.7022279336498709,0.041178688164648466,0.37055988145292584
1,0.069337087750294471,2.875861537470553,5.6688562602619008,0.098884717314487641,0.095430923560569855
1,0.20693620531040827,1.7235819877549725,6.9857241454250207,0.13819433429559369,0.46887621089923298
1,0.42774522018673189,0.9324904249919248,4.6190336426472456,-0.046021564917785668,0.8309250461863289
1,0.10842634108288574,1.7332338463520327,6.2986771510176975,0.11862826839191717,0.15502109333843725
1,0.39256927101210842,1.6406059512114293,4.7133786424100466,0.16214328831654576,0.28676167552997212
1,0.31634209945863767,0.94530655355148452,9.5418626635224584,0.0085840435599556873,0.59560296494898757
1,0.12559738696922812,1.282740244112085,2.1619427631915795,0.0019597730789066531,0.051757642360320044
1,0.07283715556345563,0.87760688172337054,5.3441221264485224,0.12079933548230516,0.18146532794651352
1,0.38257301831124485,1.8602567781790287,8.3391358100895658,0.15562414356299517,0.29425258709524305
1,0.11364518633540373,0.9905376552795031,2.9139797716817317,0.075310559006211183,0.42071229118698872
1,0.23165955602959803,2.9341418905406305,4.5682987112121864,0.18268782081194587,0.07117165856574667
1,0.77427698095462028,1.0302139666118033,2.6091870502983374,0.097813308252997874,0.82369051694625128
1,0.32674684994272624,7.747207903780069,2.7290938880305591,-0.38029782359679271,0.86462809459122281
1,0.47383091905607988,0.91512621531464455,6.1523751839962557,0.11968346043120989,0.66637783156311681
1,0.21731203614069056,1.2127783155856728,4.4070240788471651,0.11498870603420458,0.67092379736057894
1,0.011235955056179775,3.5124681647940075,-0.87466905718333565,-0.4634831460674157,0.26763940974314082
1,0.11269035532994924,0.74720812182741114,0.56189889394999126,0.1401015228426396,0.46467391304347833
1,0.17018614175086161,2.4410712630505675,6.6259571952004412,0.18746471396189529,0.14905627323071186
1,0.2964888876471985,2.2393102099543212,6.1781598584109672,0.19208445667509463,0.19656998668167969
1,0.44930704432846069,1.9466243207603435,8.3411889184996042,0.18791805989419536,0.23518522472743059
1,0.22181346407377228,1.0933029329174258,6.6472823248591499,0.12128227275747393,0.71750436601608236
1,0.83002207505518755,1.1842136865342163,-0.35810453674832687,0.056512141280353201,0.10960971485069962
1,0.27196362028674287,0.72506789616623513,4.2588980871927307,0.047685214425566856,0.64599303135888497
1,0.42226784606430406,1.0611140958484435,5.9691626993604769,0.16363822425184363,0.42475795818421547
1,0.17619085016450184,2.2718651218267132,7.7282309035975532,0.20311347400366309,0.19172666834647065
1,0.34704258675078864,1.2969921234227129,9.8517731168494489,0.12689274447949528,0.49423574871826242
1,0.24998450697396962,1.5340941427930026,7.5054207650299505,0.1939275769539657,0.25354850677054347
1,0.078462563077947689,1.4431679858602935,7.2335716573528206,0.10394528548374701,0.577727102969809
1,0.42776224010606168,1.061934173236557,5.6093948691493054,0.14214797242694294,0.53856209150326795
1,0.27525957544993074,2.5899738982464235,5.8946507374186217,0.17373673281033686,0.11808741856517695
1,0.20619235836627139,1.475339105339105,8.241966560231802,0.067005458309806129,0.45858278675812547
1,0.38296938439591799,4.2827828377043788,0.61950064039164687,-0.33106551080873475,0.027184913782059492
1,0.41496829279262137,1.8622163562831473,6.0089237444412884,0.13161691189444077,0.33715448687521543
1,0.24093167119692566,1.0672040491142563,4.4703007557332004,0.013989127378385978,0.85106709994730367
1,0.56295343452534086,1.5156869565217392,10.524279070903933,0.12444044250064316,0.45844451112122914
1,0.48557169879663536,1.313483519137119,4.2113124509216426,0.17953877731718115,0.71005672395236874
1,0.17595474984231624,2.6555924332132905,8.4660472545920804,0.21866162078577389,0.21137803226466653
1,0.12794242768009076,3.4473646893751675,6.0560835337581169,0.17744499507418576,0.12686036429529418
1,0.31642976536088174,0.76840855106888362,5.5987663441354503,0.077316542874737645,0.36565180769199324
1,0.22872508699778551,2.1476115153432458,4.4654597422868534,0.33801539597173891,0.17885867483722712
1,0.30908365261813536,1.7647828863346102,5.7049717671674198,0.16488266283524905,0.29497449025744937
1,0.27850703779851338,0.93466708840740143,4.8980487333466902,0.046001370657388373,0.55923112066194014
1,0.50178613955703744,0.37407716122886397,-2.145581344184381,-0.36365801381281254,0.45328664650644596
1,0.22274721565980427,3.5718444144448194,1.8201849434117587,0.23860951738103273,0.13804670060354093
1,0.047053116662624302,1.5534950278923114,1.8843386505211481,0.18457433907349016,0.13114631244672181
1,0.034808127161479123,0.65102919659483915,4.7048978669780261,0.047643987762702844,0.35208335993666279
1,0.19467234077377907,0.78641538965157443,4.6306527304025904,0.1884526464390204,0.47016432466886288
1,0.12188765686209416,1.0293161974636478,4.7684193488006095,-0.044070778832746828,0.56066650405881302
1,0.13890223244760194,1.1026447108942432,6.1869573147549533,0.14044762723434381,0.45220272382100196
1,0.091524863703948467,2.64160647612754,1.9361483718533596,0.13860895423756814,0.93104011571489653
1,0.16475460057890176,6.0336882804081879,5.0785431327034312,0.25568337875810776,0.03618681947822068
1,0.12826313121882252,1.8553887014164909,7.933374563432289,0.22107663990183263,0.19848473370964731
1,0.20653499146549623,0.58095586442331137,2.0367949669583636,0.1163130943672275,0.55571878279118569
1,0.25469176605834171,1.3857457393303634,4.4287670805576962,0.18798677970972841,0.58529121551116914
1,0.24525017689436515,1.5525673415110248,7.6472673040476495,0.16657905044221594,0.30498189729873731
1,0.24040205866939007,1.8327398309526048,4.4826296011204123,0.073518147735060532,0.12529656989319743
1,0.31929142775400238,1.4345995207839117,6.4158462692033993,0.1686077699762776,0.96123080246875103
1,0.16552972154163659,1.0623112857476897,5.8627046101052036,0.013343431981537774,0.93614649853652798
1,0.98482344102178809,1.3404363636363636,-0.37687765125625172,0.015401953418482342,0.64894708923297129
1,0.13768653640036277,1.0536416027702202,3.190517501763146,-0.033968175447275123,0.83547091662122319
1,0.32743825087680023,1.0471730965350845,4.095344062555184,0.15347113399497547,0.31537191653107516
1,0.4250583455787017,1.2870860921427953,9.9125959449001186,0.16743020140029388,0.55677189558114315
1,0.355297157622739,1.6077822593669251,8.2607513547005134,0.12887596899224807,0.43152513070121251
1,0.26209622516401559,1.4995442892442998,7.4862556258591004,0.12908870739683515,0.29402427475308418
1,0.79964124985986318,1.0842703577358168,5.7443420347435525,0.083250318977989179,0.40944876197475577
1,0.23462168276352574,1.9791946244219729,6.9125766375313233,0.19844970367282311,0.29672030989503739
1,0.39391575663026518,1.4464784841393654,7.233672001663833,0.22724908996359855,0.34494806792457072
1,0.31780004199538048,0.85849806521282657,4.8344627930491608,0.1231589525152233,0.69268310582709525
1,0.37164314309926655,0.87706927033108317,4.1395887643529417,0.066289705151807377,0.68624213132539402
1,0.056755514705882346,1.2156479779411766,1.7159577558117731,0.12936580882352938,0.40374255741423304
1,0.64823533031785585,0.8056017108218716,4.5088575038461771,0.18262100372319146,0.37507758414896153
1,0.23683739941244092,4.5363909822454973,4.6123046748886907,0.12466470813641589,0.026415281928382051
1,0.48743623653882484,0.93789841229856341,5.2435284960627024,0.13017892254620009,0.63263600823659316
1,0.28847549402701794,2.5678240482304342,5.0046775821220084,0.19420564921290609,0.27755434782608696
1,0.13440503811733512,2.5453264832615181,2.0594939038701399,-0.042591978786874381,0.10814858221831559
1,0.60517799352750812,7.5809061488673137,-1.5945492999403497,-0.66504854368932032,0.16755602988260407
1,0.8732008224811515,1.335884548016145,4.6251884763018403,0.35516923865107553,0.39563321266710372
1,0.32677326773267734,0.66928257824244919,4.0633697579226702,-0.046022960229602297,0.43400326083141627
1,0.028717789506364482,1.1512340887923005,1.5698651373142771,0.093449239366656306,0.051913028821843926
1,0.35509113334246956,1.0486912429765656,4.2741908358064737,0.098931067562011796,0.22843866438405433
1,0.16170604479901812,2.4229825099723841,3.6650221175833697,0.10604951967333068,0.091062739577904533
1,0.21164966386159559,1.102733768981242,3.6189933266497696,-0.055192515631611108,0.78848920863309357
1,0.26889426656738641,1.4316595309009679,2.7920849300452839,0.083953834698436341,0.32902628114486326
1,0.095037889277712048,0.82565897132499166,3.8696790199336757,0.1089851715717127,0.31064763995609224
1,0.12242562929061786,1.3465675057208237,2.0150363449874993,0.036155606407322655,0.55348797688843576
1,0.68620779900549589,0.76502904998691446,1.5049658908373891,-0.11253598534415074,0.94383642996521599
1,0.11357440166493238,3.2765101456815815,5.3976693671786933,0.15098335067637877,0.12185403542146607
1,0.64686256285598531,1.2714965801577656,4.1582266179333862,0.12030218536259861,0.78988601035647898
1,0.25569639354157236,2.2987988531763994,8.949754525186103,0.22430964237211407,0.19017811310648319
1,0.075567643228589901,1.4641950672844375,6.7035389719281531,0.10227766014936347,0.74004303384850412
1,0.79916129323172658,0.91179375028182363,2.3543232883984602,-0.024169184290030215,0.81143967736272216
1,0.090735434574976112,4.6467106596046417,3.5072076861614785,0.20589852681543225,0.045381925088057502
1,0.073319755600814662,1.120752177696184,3.7584521574658969,0.041517263800043981,0.42701395872636355
1,0.23822584047952944,1.7120620757269267,4.6178692109655,0.20757269263703942,0.23337108684818555
1,0.062106368089573122,3.5498782365290413,1.4338933399191696,-0.22445766270118961,0.24966606055540397
1,0.2691210308329498,5.6716981132075475,2.7024344623165746,-0.45080533824206165,0.12321698067280074
1,0.43780464535377889,1.0770980415965585,5.2590722530970702,0.059554372148692955,0.52114850759639175
1,0.36648208837156737,0.77169736693411684,1.9932025935629258,0.17267487851734659,0.39209225700164746
1,0.38386753130429546,2.2589073919639344,7.7820771088890588,0.16615251626275834,0.21875942714366028
1,0.34958187096494647,0.78642922137007665,3.6996215506458383,0.041206291433770956,0.58694214876033068
1,0.34535580002785127,1.1792097200946943,1.9990446046078068,0.055841804762567893,0.43918773297527547
1,0.43044357957393092,1.5794470878682316,5.4612224714704825,0.19141550703205729,0.30373473892868408
1,0.29135690020186106,4.7547772758603708,4.8813614917243742,0.45184875190783319,0.038206341815254258
1,0.38551007759236161,1.3156691066286941,5.0120076852698681,0.13224045002000612,0.12975547754872013
1,0.23085141563430081,3.8833373610439823,1.7378311272024993,-0.50456615196764265,0.056505437403736952
1,0.27509347138337648,2.1918320391141788,2.6864860231863696,0.16264020707506471,0.19813672746358746
1,0.11326214541897618,1.2354397619823931,3.3257192404861984,0.10539615259210953,0.54679961402380184
1,0.44572873397146467,11.493320751309373,-1.1711829815029451,-0.16037565468665343,0.033387191740253959
1,0.47562910449259937,2.9255266804570925,3.0221307474085219,0.035527082119976704,0.1153285748854866
1,0.32545896214038444,2.8407427117630304,7.0338000919743928,0.27530816130188102,0.22390648895273874
1,0.83108933023815668,0.97654114005674497,2.7228074420771171,0.091857965781102224,0.29959104255534569
1,0.19767278355068491,1.3783021267617659,8.8105196045646164,0.069246846543269652,0.48813606828501538
1,0.19435265349282929,1.0118630625867424,4.5144464722499258,0.10427268521578216,0.67902746481173049
1,0.12836761163609411,0.85783768760422463,2.7717133392038273,0.092384658143412998,0.054948971326745505
1,0.0032904014289743344,0.64748832690921621,4.623697490601975,0.062674312932844464,0.13507888878133772
1,0.30607718468135442,1.1966213218985657,2.5232455640144491,-0.01537779092118882,0.42741960396651324
1,0.30954556425197394,0.96992498620832313,5.7197444025664428,0.12683601696376237,0.66387353245199454
1,0.090150308457782796,1.2158241618436696,7.9980094019625003,0.057947778759561114,0.69282526889196683
1,0.26594396223909605,1.1481855933942562,4.6348940231543123,0.087400557721790992,0.63794784608845667
1,0.26635121082302127,1.0955410764308708,5.001217754617886,0.12257997104175061,0.31875629454436866
1,0.22437948337992117,0.59787660391338027,4.6356799921926628,0.03579968342707035,0.82685781076171305
1,0.16388085057371973,1.6244511150462864,4.6739030236691832,-0.1192070142098216,0.88854521404468123
1,0.21530003255326075,1.0365030563894817,4.9400339869127095,0.15417224291966578,0.23353410431250479
1,0.17183520599250937,9.3889325842696643,1.5806268305799807,-0.30524344569288392,0.013379367292353535
1,0.23099903347684736,1.436724310253932,6.0564865451017802,0.13876197170723134,0.43981817260988426
1,0.38416984213391403,1.0022210125204138,4.0670932623147884,0.16820903647250954,0.63249831620570529
1,0.97453371592539462,2.0524720229555236,-2.4191189092499972,-0.20301291248206599,0.14225069255466166
1,0.2048611111111111,1.1555822649572651,2.708450121123537,0.010416666666666666,0.30024269039639429
1,0.44842417040597343,1.2324836386854194,5.4787997330679632,0.10877392121738821,0.4879424764831069
1,0.72679054451370106,1.4956044925320475,11.544036459995281,0.1405974361989886,0.38873154382680636
1,0.68171056327666235,1.6786014058508008,4.4124952171146452,0.11992536015730548,0.24960442742457226
1,0.53141591026239277,1.5507287625135273,8.2874436183080853,0.19168051408013964,0.58966697465865636
1,0.0012718511086302162,0.91801586987549999,3.6466502198961996,-0.013085934739906447,0.93643075703989054
1,0.218902930508377,1.517662574126317,5.2432696647637993,0.19886723472853934,0.14121624745562986
1,0.19293606738228239,1.9937398217381406,6.150398056662695,0.12869875847094051,0.25121446733388081
1,0.062699308247068639,0.87335034097041642,2.86459800552919,0.040376784575381443,0.14886385978709657
1,0.71911962868692925,1.0930778060587913,3.3563743380538344,0.040025951988820689,0.59400967948132588
1,0.020362827953704647,0.93810575976648669,4.7326482943995138,0.067790109629026235,0.99911322274968972
1,0.90312035661218426,1.1289747399702823,1.2340169256743128,-0.33660227835562156,0.59866631569711326
1,0.28231250155677884,2.3050788352803449,3.8916161956504833,0.16813211447928861,0.17650364158976464
1,0.24438159350831648,3.18632211151253,7.0550574181417032,0.21522215272359094,0.13541363019220717
1,0.17592296984943875,1.2477380693935407,4.8453281674614308,0.12424176638103872,0.26292997020416986
1,0.11140577858423611,1.1370816646445558,5.0238147292083699,-0.014484039640529542,0.51109314416897322
1,0.14530134127541763,1.2622146250406368,5.2847862322636852,0.17174932097276552,0.055886274982240851
1,0.365003042310375,1.0344819910066336,4.7193378050060657,0.05442025436682843,0.67130038088270105
1,0.29525225365306068,1.2386113249621706,6.7288163944957313,0.13587906690988802,0.54755538681402294
1,0.36604946192168442,1.4729196536661291,5.2593946090015748,0.042053233211900763,0.60681152661618121
1,0.35534333788085493,1.1209220100045476,7.1420365747068031,0.078763074124602081,0.70364272965975472
1,0.80442619173351149,1.0360027340208799,7.2867525163278604,0.13647217271116097,0.61252471727043323
1,0.41763929119100363,0.74019211109217931,4.2138742197941195,0.12510649173624128,0.64715784021753198
1,0.16847926216593018,2.5070918085349185,6.2504056515506159,0.17568656351142142,0.20255964919304201
1,0.034011337112370789,0.46832277425808611,1.916039869738392,-0.066688896298766259,0.39444642221431114
1,0.32670251024700486,1.6319580931598103,7.0010570797063174,0.19682576143680597,0.30928303476918156
1,0.1704390369512038,2.2974700656624178,3.2826390455380201,0.091618385477018144,0.14061514924808552
1,0.22323132812018967,2.2132796625823534,3.9952053945242421,-0.32411797303121731,0.39036468023104182
1,0.037531553075594519,0.95974491829414121,1.3201545586153456,-0.30045170718745845,0.11233388704318936
1,0.43106004576436563,0.92366529280976295,7.1043733189728986,0.13667503480939039,0.72617173231617271
1,0.24857954545454544,1.0324928977272727,1.2427126326418665,-0.12038352272727275,0.34153052450558896
1,0.31535638400618116,0.9240441846988694,7.0671467731482149,0.098234139373166648,0.69832437540835679
1,0.57735814465120538,1.5503529196076633,3.9777545646127255,0.17149142909524245,0.24731564259022756
1,0.071243523316062179,14.455958549222798,-1.3547956940605197,-1.2651122625215891,0.022520908004778975
1,0.20465404049083971,1.4954671226755578,4.1642281480163703,0.12418794899116627,0.51823099973855158
1,0.092542008111911281,1.8279898445906795,7.2357149578018287,0.14018202652926082,0.15145405758213071
1,0.59216244903712467,0.9893087415880556,6.2638134144993822,0.13597290237979809,0.59689513496402491
1,0.31003969566655637,1.0762901091630832,3.1004075544921226,0.057724115117433007,0.32955549579315374
1,0.14605457722812207,1.2432674642649102,3.795646480172103,0.046982121252856564,0.64694009947379805
1,0.30054373575795862,1.0862748084139913,5.443789064158711,0.12029119569222901,0.6249823673527316
1,0.019604216756056964,1.3901424079896429,1.6643048138749406,0.26299241723691508,0.021818665602341518
1,0.46641995614035087,2.085286458333333,2.8370295823586704,0.10896381578947369,0.4645644708086169
1,0.16047885082795643,1.3545483506443547,7.3710791482224156,0.09471336270961199,0.36067777957741948
1,0.19588318971807789,1.0306485058721078,9.4644812243767689,0.097351737896946636,0.64024457419852376
1,0.21050059259802306,1.3976516012365137,5.0620632460837314,0.085028652419877074,0.15039164947372102
1,0.54497069317336333,2.1155842457697247,5.6291846389491749,0.17828790181783358,0.14513087136586311
1,0.15272669118822965,1.3976691188229651,1.9636097261547143,-0.23460738845354231,0.92635553584965025
1,0.75969605514850758,0.89380500243826222,5.169090979788229,0.073476992014880199,0.26839217726488046
1,0.68816041296026742,1.1645856077147014,5.6051437614255919,0.10773491832443798,0.37121737347303463
1,0.17244476378659959,1.3283815340398777,4.7371366046794661,0.11577151068798276,0.2945328663574529
1,0.22667154821289645,1.23452379753787,3.8805116982888896,0.1708159809619697,0.31730550959989573
1,0.60078811892329365,2.0043909714723456,6.7790044412742771,0.17453956067022566,0.26326116144296635
1,0.31915861802213802,1.3129230515454535,5.6051364036152762,0.17762761225441678,0.20077138113181389
1,0.4425646883359769,2.0700390108459281,8.794930377000032,0.14487151954600641,0.30320489295886655
1,0.29304887278271585,1.2608923826517366,5.7241405032440804,0.13207307439468349,0.48194945848375453
1,0.092650334075723845,1.6816443949517446,2.9804663398835576,0.045706508290027224,0.40569376668815033
1,0.54477388784100844,2.1316170644205887,8.8812698946240687,0.18293851418128632,0.29131444304210696
1,0.44381709324362434,0.89168027384863568,6.5441377193339676,0.12113342907543298,0.87255745541459828
1,0.092118725598489201,1.3026955980989514,5.8674307661845342,0.067646375129589945,0.52885725482547097
1,0.33419361368351808,0.79704974444613119,4.2318721261739505,0.10786397449521785,0.66553442747849278
1,0.1227393472659478,1.0345310343337846,11.514247590576858,0.076860531324011924,0.88689299004454059
1,0.064983297763756151,4.1090511042033961,5.4823915532551961,0.19371346385821658,0.032749972160745343
1,0.68309680555408792,0.96457009447021647,4.3351315487089055,0.12907495271205605,0.87272796709302503
1,0.061860987786231419,1.68528821177901,4.3060630958668424,0.17753256083856825,0.11820624550105228
1,0.20305388342387315,0.80993980325943327,-0.16960278438617998,-0.011011598884157979,0.04441221789177921
1,0.88911221587295119,0.95144588674099217,4.4385959861617756,0.0026510891854897392,0.99916538333135896
1,0.26259623446909064,0.78293529422974317,5.3228197171373024,0.035949767512767745,0.65281236451590818
1,0.33797888461398862,1.3639230994337777,7.8219594354711717,0.076227949983666651,0.57096844334380348
1,0.057016734273069844,0.83477887978966236,8.0319362191706656,0.067972573260279404,0.51390827053679411
1,0.9831130690161527,3.3181096426823302,-3.6496587409606551,-0.26431718061674009,0.060776840129472362
1,0.22940400642250935,2.0402649285113541,5.2913833819451073,0.26009251471825062,0.30431849801149541
1,0.50364708451626994,1.686853024677877,4.7624303121866749,0.2566280847346582,0.17589104232208283
1,0.64196293410994021,1.5925721393708143,7.4115025099301137,0.13055250343205296,0.49692557888514449
1,0.21554944172222668,0.59514694955418113,3.9741147857351309,0.074303156880070692,0.58096694258448889
1,0.18017329255861367,0.75101299694189616,3.7520654985671009,0.052905198776758408,0.22680884635940243
1,0.76357864357864358,1.6010942118326117,4.9296421348867243,0.20345165945165944,0.21979917816103112
1,0.4832227310963641,1.3216989571789086,5.101188723936942,0.14365828582110479,0.59236401780167625
1,0.28259873671333263,1.1459106753730357,9.1527663423682011,0.15198289319197184,0.32270038150289759
1,0.39763258993164696,1.5432471970976687,6.8391766074168387,0.1726644856415849,0.34923520281174325
1,0.42699566182203474,1.7520366446092641,5.2715420867110474,0.17776034065692409,0.33559689006987498
1,0.13775583637986125,3.2786061774950346,4.651586105296059,0.23499525029505747,0.084423605668973389
1,0.58250041568902766,1.1586084578860827,3.4930470352920344,0.031906442256175289,0.073414976400051027
1,0.12795374560080444,0.9795821462488129,5.1136731143844365,0.030277638120775378,0.56111887314305264
1,0.34270621508543114,1.1390505574644134,4.613426012672714,0.14594581960124348,0.29143068209800543
1,0.24242424242424243,1.7968897306397307,6.9893352659745602,0.18855218855218855,0.39008868047951195
1,0.20578651685393257,1.811123595505618,2.829795746009359,0.088988764044943824,0.074539363484087101
1,0.4087800833968549,2.5927642463623668,8.1516092513898979,0.22586643591079988,0.21682600110640779
1,0.47736911001608834,7.0546520262085002,7.8315747982769484,0.38731094443679442,0.058017150061587301
1,0.15410141051671242,1.0290376823519942,5.1380136287592428,0.22824968918544225,0.22605921798877873
1,0.4266374126442386,1.1944011051519583,4.4001121022202661,0.16601657727937591,0.56984821373900374
1,0,1.0221840822842418,2.9792979670905662,0.0077018946660878584,0.9692008805375012
1,0.47656940760389038,1.1272778514588859,7.5688956634069955,0.16622458001768348,0.72002753046440005
1,0.3314035142832405,3.4606394875303703,6.2069468256753426,0.0090695876505883302,0.065936943604800333
1,0.1040308239478364,1.1849068083665002,3.8112077001893296,0.067617918536709287,0.71219209550066997
1,0.24132585449605359,1.7343352808314512,5.9098286960551913,0.16680279706291726,0.27002161316637097
1,0.69673781715666538,0.30561149147536582,0.59608546771681403,0.02013693113169553,0.73358225345925765
1,0.16106631955654943,1.3518418379284001,8.228228964021655,0.078435121975577088,0.61039021728484888
1,0.18420104344556379,1.2979274053300329,5.2875496016867061,0.11151236937346264,0.40643391577652593
1,0.076267171956418758,1.3150612565135007,8.1524860757802404,0.054713405968735196,0.422896295242491
1,0.10570003525581202,1.2575757455567307,10.938840501565046,0.07883303262199548,0.69678488187616583
1,0.1604491126403477,2.5009054690329591,2.3213087069921481,-0.21912350597609559,0.33714699493120925
1,0.54732324995864967,0.94240748993806633,6.2539672635290202,0.072154172716078879,0.68233050059874401
1,0.16684490493187593,1.2034034249524312,4.3742716423008146,0.15238677240593879,0.34975547124082113
1,0.15396513448664106,1.6999525324241171,6.9797921793751332,0.12292423422354334,0.48904648291706954
1,0.29330671230271915,2.3416761741776004,2.8506486963648401,-0.53146986119034034,0.50577046052030572
1,0.58913698387382596,0.93753322700691122,2.1486177296966189,0.099592415381889079,0.20678574803893771
1,0.32633364293502398,0.8213665549408391,3.1122255889897952,0.11795824415458546,0.40546719437547624
1,0.61523809523809525,3.5119715447154474,8.9590288008340515,0.26590011614401859,0.19406658657999887
1,0.24489091830495133,1.0827417429617281,11.779817923214454,0.068961347092969694,0.88978046600033889
1,0.28099942843145259,3.0729301053319182,9.0064110395857764,0.23483302033150977,0.16262346656994606
1,0.024300441826215026,1.8854717144589794,4.2947515865624402,0.031274365416269601,0.13862341481345342
1,0.19358577611309682,1.6848483760931947,7.3891166640353116,0.1338725964401131,0.41681843752027242
1,0.1895306098362867,0.93698628837820974,6.1564830999427267,0.058985685623240205,0.3962313486339904
1,0.30840500139404209,0.79975121710596864,4.9777539115262437,0.099934944702997547,0.40792488229033241
1,0.38200810061820512,1.0274994670645916,1.9101349219633759,-1.2374760179066298,0.65114107883817429
1,0.31061208267090618,4.3101587341017487,3.809015275353917,0.21132253577106516,0.02769873162747338
1,0.17976794778825236,0.78901377810007245,3.0517817394050133,0.040101522842639598,0.84977712421304163
1,0.32186038769426328,1.4863476612744579,6.1029142360636373,0.15742324047031764,0.44066871262066859
1,0.34656668430669696,1.9657953989475891,4.9601066195931036,0.069055725853960526,0.53551879955124126
1,0.18671401956217978,1.0080053563111318,4.0677267643178086,0.14400908244061483,0.23155341207728075
1,0.12763461715501742,2.666021822818454,8.2076237280579818,0.23750022702094042,0.08081026875250702
1,0.8397269624573378,0.68412969283276459,0.91549041170338596,0.11208191126279862,0.50586181092541782
1,0.44843249488000841,0.89341555952318452,2.2055233801509142,-0.014441001942971172,0.572228365287477
1,0.10459944628025364,1.1543984995981067,3.6594763897446199,-0.15668482629275698,0.88441721208745294
1,0.25302591649516898,0.88303568314206982,3.8401832282051016,0.095015521992395977,0.70485764790693539
1,0.6641873278236915,1.2743731519742882,9.3798299499547593,0.12295684113865932,0.60398084227099214
1,0.96169491525423734,1.1774057627118644,-0.53102833108351022,-0.61355932203389829,0.33495003791039513
1,0.24746146177283121,3.6747112919774914,7.1648185951395007,0.29181860598865644,0.13197646219033415
1,0.19129181833940023,1.2170472930028313,5.5213729139900192,0.05839400242676375,0.18814296099580138
1,0.51896111676203904,1.219540221779855,5.103220552551071,0.11245623997653652,0.77197422110527392
1,0.66911284631902312,1.6531966956995667,8.1575888180286924,0.20079530806599971,0.30471992321783214
1,0.36429137350768248,1.0583011112390213,4.2756100059693916,0.0089792988562567306,0.6229744213203654
1,0.32152042195196379,1.5272165555119657,4.149400767970179,0.19131685628350989,0.2154220495420765
1,0.082654190562430827,0.79681054432035414,2.7838377144176709,0.058154743938021926,0.10758254940337142
1,0.27012404487861497,1.1511147112873585,5.6918954362617757,0.096183141503046715,0.21731732677946874
1,0.25666483686961505,3.6314976192749233,8.5492343469610326,0.27568677056731666,0.176166654036302
1,0.089991749698546675,1.8582852065748556,3.0478502278160975,0.22726407311036365,0.082510843208906795
1,0.75065076858545721,1.5096194622986012,6.2916746895432798,0.17714476054183423,0.19553414677778924
1,0.41200444609114489,3.6824445396443126,8.8830855244045779,0.24064468321600593,0.097959378337723099
1,0.48431410546261006,1.2665669027984123,4.9922947973660259,0.078935469284929907,0.55460575340214602
1,0.66263804959366535,1.2989927589081058,5.5618348120005194,0.10814753073556992,0.52198745842517869
1,0.45597236762671844,1.2879085441804663,4.0132068107624619,0.12853332925776206,0.094982110753128388
1,0.23170075349838534,0.73257158234660935,1.6754129013576333,0.17168998923573733,0.6744455660714207
1,0.42470544293911916,1.6245989100539879,4.8797594200781509,0.18515500322569692,0.091951140180030477
1,0.77519209576335402,1.2681643563692111,6.7250624532764087,0.12064164637415489,0.5122138700048916
1,0.83048780487804885,1.6859487804878051,-1.5324768712979719,-0.07926829268292683,0.058108218238072024
1,0.40331129446478342,0.88440577017649324,2.6724921057014961,0.10119665592044153,0.067529537221873145
1,0.075909728970953466,1.3300399524889321,2.4052319299541884,0.14922794514631249,0.12137203166226915
1,0.49590080352408533,1.1700977383040339,7.8343131232120697,0.081779989395113606,0.56352489598070643
1,0.27632699403917116,1.3512099063298326,5.3850682929566913,0.14682089128583592,0.36604739709840473
1,0.50954610740684514,1.3514115977906747,9.3745743299714821,0.15315809755129206,0.56838995687423877
1,0.35642224124765715,2.3203976444454733,4.8364326892340523,0.18877987828863643,0.16790381990539047
1,0.36915442607526561,1.779234735180546,6.3241851121447858,0.16349338637921276,0.30329084498441083
1,0.30505840745900759,1.3702984674740113,8.6158069991367068,0.11283177937341478,0.50938655165806912
1,0.2315509622626101,1.3458933707773413,5.7693642014654696,0.12411418305220082,0.40534064138428239
1,0.070120025268477562,1.2042604674668351,3.9664354302667082,0.057132027795325328,0.49059298886789748
1,0.42561391917189734,1.0198601475608413,4.1388716842721784,-0.031274088756744853,0.66964319456666688
1,0.26912077330073603,2.6873612211168236,7.7682884506566694,0.21178401541962155,0.10770612020992143
1,0.47433695156603317,0.98827144574262804,5.7389436770830953,0.11351149713780447,0.75599063818980139
1,0.033920181521475523,0.90385008652688081,3.4529672291469056,0.0013646994989250938,0.26984008469834653
1,0.44704186512910504,1.8961519177738784,2.8674442532524598,-0.0078967159689145149,0.50540406544372829
1,0.53683851113980841,0.94748364923695405,9.357983437423945,0.13247316165382292,0.6437791545668371
1,0.72235927337968164,0.61033864095088586,0.94507253329960705,0.10383494056963447,0.1344846591952967
1,0.24817363158772948,3.2472957391761725,7.3108696262157657,0.25282666344878629,0.11754623536353416
1,0.11266424377970366,0.63368744758177253,3.0200833644178218,0.084707855745037725,0.6797547094895664
1,0.094238707927803061,0.66378401181185398,5.1033238586501728,0.079730014764817558,0.52846248127468343
1,0.1859920106524634,10.875113182423435,0.43178241642553783,-0.82103861517976029,0.015932001258691771
1,0.43504549508841445,1.4295966818464148,6.2363598054200216,0.16450058432708187,0.098524845359975619
1,0.10775220090543111,1.533986846179936,4.8813083835696043,0.12990134634952,0.18638923135711144
1,0.083701506185835578,1.0575479422194576,6.3358836946490049,0.086785119968525865,0.78683635367323523
1,0.37920792079207921,2.3601980198019805,2.8039056867457313,0.06033003300330033,0.28813938529518696
1,0.18218261089292517,1.4675876157967545,6.0312668218907426,0.12078409874470536,0.52101666771238098
1,0.19120054609442913,1.0135592546921612,8.1582513943920816,0.13014644215266899,0.61214782783032395
1,0.24229285936714015,1.5657412508683262,5.0251757343266217,0.087826670179893165,0.31587240878145789
1,0.23937627567438355,0.94718937903388922,4.4548936585983228,0.080355993600941464,0.5447962571101318
1,0.33056825998286415,1.3357760025100462,6.4214677843298444,0.18357609180976747,0.37611655791872473
1,0.20457316208783419,1.1749595985370418,8.3581740129920519,0.19093589634543962,0.36227739973939482
1,0.81730886716020901,0.9864696151809742,4.409702597524122,0.033422204399274409,0.93808913502410529
1,0.67278050936412359,1.1203041268438207,2.9917242521564522,0.16988011712060108,0.33503257740601244
1,0.14476653696498054,4.3747738326848253,5.3093611587603133,0.25344357976653697,0.13788150249012315
1,0.30700854700854702,2.9582478632478635,2.6488662077487621,0.42461538461538462,0.12799214134030595
1,0.45593080056476087,4.1636183644655054,4.4395759443263287,0.26939742611856737,0.055808043405389814
1,0.45937828937838598,1.2893614863886125,5.2117131793726541,0.25230558264849884,0.33096847036618865
1,0.14498510427010924,6.303310493214167,-2.0874737133771002,-0.48460774577954319,0.091165453166610497
1,0.074899722307929642,1.0423590712742981,3.3698786984047282,0.088552915766738655,0.79811188263159805
1,0.22396452409252995,1.1714821248971383,3.5302646582646138,0.089878394440888729,0.58345365853658537
1,0.26042062587102494,1.2480467925165759,8.7834575329939533,0.086954685586384556,0.47750313633743596
1,0.35495617361125348,1.1083464846658877,4.6579618572481296,0.028003798514753406,0.78479558272219341
1,0.52224590207067123,2.3188952035151424,4.1508036575217551,0.18104559686373564,0.14831918351832571
1,0.3657902340364057,1.1859167870557643,1.0982788997668722,0.023981508234614275,0.80473475425988028
1,0.24697751845437274,0.91211157538968568,5.3168250381037767,0.065662255553126728,0.60130866555978923
1,0.16537648360874707,1.3954913559516087,6.9277902322297296,0.14776018013204592,0.43123486643078313
1,0.29515202598081064,1.3185086346879367,6.3495060568701502,0.13651504910448606,0.58495658451951926
1,0.1907889152584957,1.2357408897535402,7.1930312089935358,0.10284486183118245,0.53589159916914864
1,0.60584884646810555,1.7305138200042676,7.6333560968287903,0.1934917694081156,0.31644974515646601
1,0.23858683184216564,4.5959966735489788,1.1432669292085411,-0.035415232851571464,0.079165618342004918
1,0.43465046486995412,2.8508061668824292,6.0980293373360119,0.33276450511945393,0.086340424302221414
1,0.19218440482622007,0.87302359085179182,3.3154216046407514,0.12292454529083377,0.54361682377936837
1,0.23071698462640991,1.0977248616537933,8.0076903590424866,0.12637908370423606,0.51908787510299248
1,0.28115311861585407,1.4702913062120104,7.3932255555977138,0.20704784483845745,0.34041826155602195
1,0.13056904947466497,1.185038499176692,6.9602993408338403,0.0048167919696694463,0.72777395581647897
1,0.10787348586810229,1.0295335800807537,3.3352712315459883,0.043943472409152091,0.89281109603592257
1,0.12067606250534145,1.83470538697098,7.8403346281075592,0.18563055091162425,0.25571264153046819
1,0.27364267905986006,0.81163314211023174,4.1738794486685693,0.085130588434633156,0.62971578539262174
1,0.078490970856427672,0.98102538887895585,4.2363359017017137,0.17802014422790394,0.70244035819263106
1,0.26745322535604582,1.0645442090198269,5.6785022728023984,0.090752408545099139,0.59684846696300664
1,0.24382075341138698,1.4759611392510172,4.1511501360435528,0.19410999474106674,0.16577590248476323
1,0.12414673672837991,1.4523236589238653,4.5981757820751321,0.14847190165168853,0.12196661444302927
1,0.36784910884236027,1.3773187402664819,3.6562787800678542,0.068870046720885966,0.60460894337287707
1,0.5944640335593192,1.2239985466436554,4.2474518407526425,0.16653316707817573,0.27547593901481299
1,0.17640555334034147,0.97108692500090621,4.4407199810130997,0.1451045782433755,0.44219023400135316
1,0.12637081423634075,1.4042910007878406,5.5108205089599824,0.14960924246519411,0.381652888951372
1,0.070373947840485715,0.95185814819925485,2.0962986587462589,-0.29156892507244375,0.40793747162268656
1,0.31807138114422479,0.99810733431969711,7.3825766592059123,0.083117165933298737,0.46159201968767949
1,0.0909153570443893,1.1765405293631099,3.3976243392753731,0.0044113592500689275,0.55046704918777345
1,0.80841833638280358,1.5892756796123051,4.611659087456216,-0.185081121905387,0.30602277970195457
1,0.17479796565051742,1.8791040377724486,6.2536230211713111,0.12297904930917286,0.30474316934240336
1,0.09226787447428017,7.9241103202846972,1.5227901057084281,-0.071562601099967649,0.054430934015965514
1,0.097377485682889203,0.93199636525010032,4.0986353436392573,0.051583863401027025,0.73237648232546537
1,0.18261712439418418,1.1070113085621971,3.0786477738812987,0.052299407646742062,0.40606697410153131
1,0.32234337693767984,2.2658788261975373,8.7920737226750028,0.18496768573851791,0.26519687926886892
1,0.42237832413447068,0.93179043318280641,4.2682698577487361,0.2146178290684061,0.1787414683617011
1,0.060387747258149577,1.0778578260053451,4.7892235756268047,0.11727164654039704,0.38021353788742612
1,0.33683355649554186,1.4270069383159369,6.9274706475694252,0.11763564711968597,0.47929189669006222
1,0.24282098553260631,1.561806705621348,3.9283293317024559,0.17992063244070869,0.20443155104286501
1,0.62270454172815215,1.191113980433951,5.4402421856094714,0.11089591189812538,0.13223076503938908
1,0.41771266822329006,1.3151344500665598,7.9602744132780732,0.14175320569517216,0.34898842398798824
1,0.14959497075657588,1.1416273105432708,2.733717947850788,0.10096018515622557,0.24821067771651659
1,0.48486087629620012,2.0376196870151584,8.0770760776984716,0.19179927187943921,0.22173108998063298
1,0.26635036496350367,1.7319216788321168,9.7056461840841362,0.15372262773722628,0.26134422979883065
1,0.44673007708760071,0.88548323522379957,5.9565857939885261,0.067521113473206731,0.75375903500162378
1,0.2066164708478129,1.0771760714876717,4.6615032593282519,0.10095703017265154,0.36287405984957588
1,0.1291944686200561,1.7820326854269415,2.9126766984166652,0.21796731457305871,0.20555676144996743
1,0.85888061461738052,2.3222529231391311,3.4087355647004438,0.15961855982747583,0.34471650886930028
1,0.34206767903465557,1.2491042146375586,6.3547195449310561,0.027101732295704721,0.96667446146246605
1,0.15872927288915345,2.1779959456533589,7.2652765646726296,0.16501955604749258,0.32918263492162164
1,0.51673309769120856,1.4010256072798377,7.0927399531955757,0.11043844476197638,0.44469941725293638
1,0.24487796525409511,1.0370653280326383,10.974858063919301,0.096637583794567591,0.61935973861396632
1,0.027401944023836274,1.4246731467461211,4.0273318717391602,0.068447874436249362,0.19990400219423554
1,0.45310475755921487,1.9011995746795838,6.227855956747697,0.085964426265572672,0.46275946341356278
1,0.85283490828237918,2.5521261812117846,4.160444363926624,0.16404947192884936,0.4049855432314553
1,0.42421609095517415,0.7251249185313926,3.1562341702080201,0.079151278151929905,0.3971737447881557
1,0.49985181006831075,5.9924307610429386,8.5441610672894193,0.17183180283409261,0.054450146784986338
1,0.79602923236657641,1.9073368210281625,6.4917033274896765,-0.024271526735355219,0.28904250126054454
1,0,0.7919888064558116,-1.8451602459551704,-0.032148900169204735,0.65287832348647312
1,0.45190025592881089,2.8518045150056084,6.5603939710287555,0.23802928618790006,0.17355011388964792
1,0.34754282420044758,1.1368664321187627,10.406043617559812,0.10899755437003877,0.57228581755522079
1,0.22864006899242315,1.5655345886121437,8.7359431048237433,0.15619802468121805,0.40393163446921748
1,0.10077382736070226,2.0810667888808587,5.0421920990004736,0.17491318679381643,0.10458152988709227
1,0.23700596375744098,2.2666281495922846,7.942238207239452,0.20314671719522681,0.12985526939202419
1,0.081212040014290818,2.3536177355007744,6.3742783743563836,0.14581100392997498,0.42794743644600497
1,0.061898001528885013,1.1034509118707001,4.7924046546426906,-0.012034509118707001,0.41328939164514111
1,0.47470327963588393,1.3545899305048348,8.5420270623218659,0.1808179267724731,0.54668241071786161
1,0.2722781117923686,0.81245907494493719,3.3927619028410536,0.11589975593785345,0.41601641205993339
1,0.1727654127853232,0.96104197776671652,4.7656635654437673,0.040361231600654197,0.94015104056193788
1,0.19935329450946498,2.0090964835052407,6.11965105625743,0.2316535683227389,0.22993467917078814
1,0.1567674279209674,1.5433683990563598,6.20063492678457,0.12326985575944878,0.32264305565452867
1,0.20477150117034459,1.2427031830869559,5.7637072437897299,0.068190409432852261,0.51866221867672302
1,0.62303310764251074,1.0779455181090016,6.1340832745493152,0.076652695330033313,0.67498482498145274
1,0.1691542288557214,1.0117991125453811,3.6746283883440758,0.099569718972704044,0.19984052626333099
1,0.19008464238962275,2.4793062807429886,6.667056024146798,0.17572221230512911,0.13267873371435743
1,0.23863202595667526,1.2587630618379615,6.5558475253421538,0.13541964882145244,0.51561661555300475
1,0.21278680191316804,0.82601492640772656,6.1758693491056791,0.029418424640125694,0.75463158513081452
1,0.57784272051009566,1.3289505844845908,8.3047422696407711,0.19022316684378321,0.34944833942069142
1,0.11118293471234647,0.85926678363653142,3.0844754833883794,0.08089389601994644,0.69102632993014512
1,0.29586599153776794,1.7187365610043701,5.459283340834828,0.21085524034126382,0.14816563605710878
1,0.41612837159102356,1.7001596192544381,5.5843455721156339,0.13929461943323784,0.28651136465760707
1,0.20159607266518051,1.2255608784328604,4.47538035640709,0.0047550158895792822,0.48023298566093231
1,0.38041346700144785,2.3266075454062274,5.0772965606148057,0.24255447830947713,0.12643496507145963
1,0.2015379318260071,1.9553349401277786,3.3099589012278843,0.22529553540686331,0.072763913481574224
1,0.11836093912613994,1.2253355911873138,4.4232525476081097,0.14709565892293308,0.36851129712561764
1,0.27928058949001355,1.5339139761489238,7.7782114745124931,0.17834981578437073,0.47391696013837897
1,0.15258444857940312,1.5756414155872041,6.3131240433570817,0.36153206183353609,0.69415176579606686
1,0.62473902684646176,1.0622536290619704,3.5448647314745685,0.059293100483874935,0.70313838949237606
1,0.091506129597197894,4.8103108581436071,3.8094585770723208,0.20072241681260947,0.029044075818599677
1,0.176791470369452,2.2999539513300982,3.6264187727713311,0.29216109950054903,0.13887263206530107
1,0.079009713338071552,5.1135986733001664,1.4051161153604783,-0.44124615020137409,0.020827051974859102
1,0.06260957946893661,1.8255494854529288,3.9810265435248757,0.15294117647058825,0.15249601570057553
1,0.27880413951705635,0.87219386738213867,4.2731321039567698,0.10429283250287467,0.78588503462514625
1,0.3696078568679903,1.2813075428146885,9.3172561276210946,0.14771909536109462,0.50246531887790213
1,0.21591960046858619,1.3206732844195079,2.8118695297412071,0.14125408471545717,0.78366013071895424
1,0.075760669797835412,1.022552038663127,9.9828069217403836,0.023381662242189096,0.8573413999123437
1,0.068859295767973089,1.1271201364864223,3.2704810705938727,0.16056111084782712,0.2357950907024835
1,0.23778200306961253,2.0501757564126817,7.9415250002953091,0.21000259959794701,0.19130772200727347
1,0.060251798561151079,1.7607557810894141,2.2819741390899213,0.12255909558067832,0.27470276467720817
1,0.47071970821493703,3.7433648585605837,4.1233206704586181,-0.072679078841341879,0.11533816425120773
1,0.39628125762719385,2.7249883511948343,3.8282935098966147,0.22665246621846499,0.14487124681933844
1,0.33403613362899415,3.6300483478134433,3.196016530722118,0.056526954814787887,0.12259285592685687
1,0.38914368285480933,1.3273544009549538,9.4526589026764327,0.066658289878745988,0.4329278614785616
1,0.18911944952155682,3.4427533598537798,2.7668849868231025,-0.22320180625739169,0.19256083709187663
1,0.04259876692681655,5.8687624564605958,1.9400357858627129,-0.052731573751559971,0.0061953257346435975
1,0.61905933705943217,1.1861852296337807,7.8473440905619096,0.088034493249429621,0.47544781926243551
1,0.11184153619929071,0.98599097540581837,4.4979412592702372,0.082475564397543472,0.40153960310991055
1,0.46404275996112732,0.9234693877551019,1.8177520495023087,-0.35447035957240042,0.69692186266771905
1,0.0250629571891114,2.9752334212735341,1.2750834317838888,-0.23096294519726585,0.13343156336226822
1,0.21554364471669216,0.96052143950995394,1.5577234767474217,0.19525267993874426,0.97254474303693839
1,0.10186005314437556,1.0178919397697077,2.2025437388138194,-0.16439326837909657,0.68534632788026451
1,0.079421167760390377,0.88928150765606584,3.1234656400635425,-0.20774019855291939,0.33585619678334916
1,0.25006376285884319,1.5175467417179132,8.2384806389468554,0.11568855621994879,0.39001712365622349
1,0.15441346368736245,3.2208834124371677,5.6217116005317358,0.19666741161898341,0.089429620897452364
1,0.075636640060813387,1.5866586849106805,0.91988426738428519,-0.45762067654884075,0.35860590696033229
1,0.49222946130621326,1.0925356348323534,8.1588883484849344,-0.030700778642936594,0.76802167984234337
1,0.21641583607989517,1.175515228527181,3.5614437308042524,0.13469403962990906,0.21825490659730432
1,0.52035822138914922,1.3354160158283868,2.992075596050447,0.12069145058835781,0.14513232883129051
1,0.22620995891461332,4.4385550303848751,4.5620016905867127,0.14694606255507614,0.083288255547795148
1,0.15851476752523302,1.1860849511885718,6.9813421153682,0.060124924163035685,0.52127058214913169
1,0.25856054404634465,1.2111076128707261,4.755897871190867,0.11492979031547131,0.34645620164711749
1,0.20752583586626139,1.2999290780141846,6.2149240485047077,0.23563120567375886,0.31920999508974846
1,0.18668050743491918,1.0954622052657832,5.7542347488186989,0.070161910026018848,0.63629841209676319
1,0.32225690598462731,1.2741793374282548,3.5552051941415028,0.11385224717215453,0.48132818339573186
1,0.5243459167090524,1.0142519238960084,5.3118947749617238,0.15901450210274287,0.51260073334899448
1,0.58678627367221992,1.3255019222554463,1.7325401095680837,0.0054107931083582517,0.24374261467397146
1,0.34813591692394269,2.577997296932419,8.6731680350160545,0.25253950380461959,0.12679400574265989
1,0.068934726314849537,1.0612250200910796,2.2185510973840366,-0.65211179569604427,0.45857436885652331
1,0.030036359803973227,0.65862623175422885,3.9275813443439986,-0.055988828581967645,0.52702895159813634
1,0.067965846878279862,1.5092987263495308,4.3667733932110675,0.19019657901455195,0.30259001263510643
1,0.46005056890012641,0.74173514538558782,1.7376552102348541,-0.081163084702907715,0.61529283933783585
1,0.13249760215921663,1.9539882583796435,7.2942040505864796,0.086841433728800405,0.99752624806071899
1,0.17178653409616851,1.1491553980894018,7.1434967423202309,0.084745532412145011,0.65359196495939542
1,0.25762937167677674,1.0511221729199431,6.3870106238731434,0.10126563319104322,0.61944296693037793
1,0.11774967291757522,0.91388506826797267,3.7502802452212749,0.13656949243517058,0.20060935320461054
1,0.25034586277178733,0.89183794264100302,7.0704360453836141,0.096771643408134281,0.28388186286960471
1,0.30553773577525173,1.5401301995728471,6.5627251276463063,0.15242366397283746,0.8926557012962667
1,0.32773046045086207,1.6144640607667287,4.0642117619418636,0.14274164739504014,0.21085729924244628
1,0.29272470096245506,1.4258094769533534,5.6865922321096463,-0.059995080102087886,0.97489208176039643
1,0.59471975573587121,1.5257144106362743,5.9963301906425013,0.10136378376211939,0.40993826165801245
1,0.05389733486971713,1.0660521131472325,4.1163343384470199,0.16801100249042858,0.34536262203626217
1,0.33784734147817413,0.8940352943100599,5.0646372500789045,0.046203163076721787,0.2090864188497
1,0.3425293894577171,2.4542448805460748,1.1957389993988325,-0.24938376943496399,0.09539399031381128
1,0.60632090691649254,1.2228039671108688,5.1467791047167699,0.14742150769244081,0.58070240030172138
1,0.24906291448013379,1.0134027853064991,11.07477702836835,0.14563173980739288,0.67239055041638263
1,0.032583017606418546,3.2234287942946289,5.6892541139306561,0.28022620904836198,0.11584485801352024
1,0.22590277328545261,3.5254306583969308,7.0268228226381089,0.25063624472820162,0.06501298806355757
1,0.16046319272125723,1.0644390681003584,8.2623009417874478,0.0055141990625861594,0.85191352235936268
1,0.15125049622866216,0.91564112743152049,1.065744685042493,0.13894402540690748,0.14394103620203774
1,0.33747805734347569,1.6495971084454848,7.4400879590325593,0.13989662570704114,0.24433979518880281
1,0.12251083222953102,6.6213112763356348,5.9900710766788707,0.25362622022029785,0.084680998124944548
1,0.28823774602388919,1.3146275937528495,7.7325599099331184,0.14278698987899074,0.44650559535260115
1,0.5858800656175952,1.1205028100127592,9.5176780020864058,0.10006683273588918,0.55687029028273671
1,0.054865366237562531,0.9825379729046041,3.5186544382672147,0.11540839844847939,0.5884416668650071
1,0.78032370445637977,1.2260415154594282,5.4209375730958262,0.15328785019596458,0.50058606237124392
1,0.48720791940674407,1.1660032181334825,5.5815960081129479,0.091786763677067298,0.28252789219318591
1,0.053294327143220549,2.3028364283897229,2.0550207671381537,0.11625540574917324,0.10069097316196167
1,0.2918512608394398,1.0385521867848071,3.5376204227717993,0.074432569760849929,0.67409812865644858
1,0.34072265624999998,0.89598979492187503,3.6689318163042404,-0.060009765625000003,0.6144457364305177
1,0.52397098015990529,2.9927746520580398,3.9624879568343578,0.30362748001184481,0.11824946074842183
1,0.69579310209757339,0.22431953720206033,3.676452559105809,-0.026831704498717173,0.72102217383830858
1,0.063068953377256959,2.7308127546144951,2.9875488807459716,-0.00055323643313383286,0.16676872925175079
1,0.60699755380255893,1.2769279113509899,8.7522251546865952,0.091959525494336128,0.59068098645832845
1,0.42246668455415431,4.3267686253465705,3.9434635312624651,0.17091494499597532,0.13552139833311283
1,0.21564111001425906,1.0617527695513875,3.7900361460736742,0.12753647033015245,0.13533057851239669
1,0.068784700449235611,1.8030271466391192,7.4979950436842078,0.094531218730285194,0.44464259034824732
1,0.37417822942108647,1.3217960753753863,7.0439238162819393,0.17073651215374933,0.4998733009174926
1,0.14696517813960985,1.4328752216669352,3.408867887966375,0.086712074802514902,0.06989663174179031
1,0.61198979591836733,0.90599489795918364,0.50440505596306795,-0.042346938775510205,0.46233985639870478
1,0.19450330015395639,1.892234349038916,5.7208722752364078,0.14319086017407742,0.29888932523739042
1,0.086437194965322386,1.5131004366812228,2.0386195471595809,0.1331877729257642,0.33333333333333331
1,0.25563081348147809,1.4577515019368608,4.9357249488452668,0.13917561643200113,0.16128538211993373
1,0.43546462442673317,2.2405199474598154,5.0449723065007053,0.12070439467474064,0.068064607720563483
1,0.086956521739130446,14.55347826086957,1.3318381753238318,-0.15521739130434783,0.0095169689351768724
1,0.72347683549491082,2.3569371684258327,3.6023134324843391,0.19005637453067373,0.099800052160306005
1,0.072891635198535296,0.7453083876873785,2.0743033638237121,0.050921158027234237,0.67078647372663425
1,0.012592759163480998,3.3256577467955926,-0.89404012293933532,-0.12862604002698447,0.015281421577908202
1,0.41498788245986068,1.1041464707664344,7.4277982917977363,0.088458043017267493,0.77970937949057384
1,0.48434010853634951,1.8020617843431808,10.010807417414982,0.20339779502080904,0.31501811510920141
1,0.065780730897009976,2.3059593023255816,2.4016156164570002,-0.84069767441860466,0.96521543379406605
1,0.74293850430537656,1.0666960471896398,4.8206444029973943,0.15662078785002373,0.5032702587604162
1,0.24458966413434627,0.89514975259896046,5.3344081866923903,0.061188024790083971,0.88094594020581218
1,0.22997899302026159,1.0461340380836213,4.7048254576480524,0.041837771904858718,0.47414787081060772
1,0.070608165339657802,1.0704980518380485,4.1787623008600017,0.068981873623581227,0.25864238069993589
1,0.03353306889470279,1.0367611894112021,4.3484439976567559,0.055954088952654239,0.73335820642404093
1,0.1118614849825246,2.5713997051125403,7.0088911835235042,0.14599770783409266,0.21722602714496553
1,0.37734903532949132,1.0254531028146663,5.9963699956972505,0.099194019878058967,0.62344892183013989
1,0.056289004654114669,1.3679006571292573,7.7851292834946477,-0.10938712009026164,0.87279606132898535
1,0.55281301370381875,0.90460275465189988,8.461295417929346,0.06403827069776602,0.73623230959465535
1,0.29676027164468161,0.79509776258665243,6.7512160822514442,0.029110742020918439,0.80433191449892827
1,0.095000172289032084,0.84079649219530683,4.2986450257348308,0.076461872437200637,0.84538367767718658
1,0.34626388421406934,3.3499240996297543,9.5290122611147083,0.23359138337260182,0.16862386398683082
1,0.36398804843528854,1.1903719138229281,8.5480133337561242,0.15052681239188553,0.52454728303768705
1,0.29619343244567881,1.3202703806567555,1.634715719618369,0.24587485704950168,0.66882182796863154
1,0.232432863812298,1.8544950321216231,3.7371933143924867,0.30118510833566098,0.09135996385192198
1,0.47588849356844037,1.2982171482191029,4.9292227597495222,0.15370059037416428,0.42266560255387076
1,0.25771277585501096,1.5934030491359952,5.3839857588039033,0.17873047771451253,0.25715264424012646
1,0.15410262895833962,2.3776761851361177,6.7758169025475743,0.22578300082956435,0.17739743778226422
1,0.19315427248918937,1.7039301158066005,6.4111546649798852,0.14611121261952617,0.51722803258615035
1,0.2723404255319149,14.205431610942249,1.5171033012313044,-1.6644376899696047,0.034620089451635333
1,0.19329067740254138,3.1084232732435884,4.5709202977882182,0.20991570660867379,0.050436669939538006
1,0.24194608809993426,2.0879513730845094,6.1164813558262443,0.19422950488039245,0.24388058029462836
1,0.2377147041500183,1.6649806056554015,5.0496187996308546,0.028149657481547515,0.27224727095415618
1,0.027107741787273144,0.57933195497358136,-0.11991029667255755,-0.8169078796232484,0.69552610959017103
1,0.32908306769173074,1.171471607600475,10.457142754277474,0.12982061378836177,0.48595764221280552
1,0.44764188649080744,1.2881121103117505,2.1088789773334531,0.17825739408473223,0.51553645035079898
1,0.60505547294978834,0.97701017957222913,2.8281416813600306,0.28582866293034426,0.58803558885506901
1,0.29489958475882055,1.1068331984017132,4.7702947179535249,0.12283130065376545,0.69565319978528495
1,0.26154263986963605,6.5881540829259464,3.7225076350939204,0.03114249502082202,0.057993319385804896
1,0.83347841748213969,0.93680397130335591,4.2850475630439702,0.089857117127934205,0.92257163970769351
1,0.16521101827735118,0.93556134357135612,6.6629411067575317,0.10820282109393499,0.56381517101742717
1,0.42158370705311143,1.4853797579778363,5.17447035711022,0.12527797338868091,0.6433424153579772
1,0.61534764498558159,1.4463248958667094,6.6085402907166317,0.15083306632489588,0.43497006359684609
1,0.12243852459016394,1.4771168032786888,1.7161375310931561,-0.13319672131147542,0.33416200423676495
1,0.59824099045978307,1.1757821713137198,6.2796633610258921,0.15924402924618272,0.58978490520784499
1,0.15727455113391065,1.7078100794880262,5.0866885158816562,0.13526931965360489,0.26394665303561887
1,0.10928268835349789,0.80184547814950058,5.1765846662250619,-0.0047956372095683923,0.26310701479179666
1,0.30105656334877018,2.2906449823906105,5.2144138823253314,0.2474984239241208,0.15497345579570018
1,0.078189634195798524,2.7034937951172031,4.5979340683234637,0.22144942817746774,0.04431260336544772
1,0.19512791572610985,1.2095090293453723,4.5503549072147784,0.15314145974416857,0.38306310509739877
1,0.66318804483188043,4.4757424657534246,8.7307872915143001,0.32236612702366124,0.11518017756823472
1,0.11789022885098664,1.1560494858659609,6.8188431876880777,0.12258918348228227,0.44691867030926952
1,0.13979539384165701,2.9199914327470644,7.4458415322319196,0.13143577080078617,0.088928484456448145
1,0.80292727901348393,0.80366486112711766,3.3808586106666247,0.12467442664515385,0.55935411707345051
1,0.424642128738349,1.11951597633888,6.3877762234212287,0.13220534260124067,0.41743591780907435
1,0.18164260093810358,0.64445185321438425,3.3100684482510534,0.07780741285753702,0.65875804984212494
1,0.34574083928842941,0.88048787441082565,4.8411114955321617,0.14161091683138208,0.74219015600800808
1,0.68787276341948311,1.2336779324055664,8.1262225294585253,0.077250781028117013,0.49979510932874138
1,0.16365777080062793,0.77075156985871274,2.4136791404996325,0.1216640502354788,0.24097765896505635
1,0.36638385182720568,0.96176454278267631,4.3167411679752519,0.065213774746298442,0.52212644506587491
1,0.36014014110537901,1.6432488790318691,4.8201444594322211,0.11521463124568085,0.21290418016022339
1,0.41968442770980013,1.4654716019573595,5.7565362020920663,0.10813471938409472,0.8141701976805038
1,0.28298170048322413,2.4264626830921778,6.269800581085172,0.22745543815438976,0.17449163929504871
1,0.22530876695687385,1.3447256529661875,3.8125782901996241,0.15484915974893704,0.16228017345218018
1,0.337194892221514,1.5974247849050882,6.4253567493564194,0.17634583897086176,0.14964918786620188
1,0.62609676402779846,2.2097462307807132,8.8665957555878627,0.17947952430711048,0.28503519615174977
1,0.56205847190522762,1.5837137267688295,3.4169394886107631,0.24997282904032167,0.38945219345651683
1,0.0031310211946050095,2.8886166807161211,6.22093603473495,0.30830724149004496,0.10791993430489252
1,0.85347125946464752,0.78169563826383703,3.016612751133346,0.98978897208985694,0.87040038417672128
1,0.13258845437616387,0.88715083798882666,4.0158243061418863,0.036924714019686083,0.29375074967014514
1,0.17904226444358276,2.1933889104303992,3.0391269558731802,0.11632415664986427,0.32620320855614976
1,0.12326426491468727,1.3044966669073232,4.0697444453538676,0.1726229153129738,0.44454693459642197
1,0.46526213306465308,1.1945196019607622,4.8271210263052389,0.16314401186419572,0.24893025195350443
1,0.35871433517258938,1.816178944443563,7.7534213802027585,0.16343830640354848,0.28542462842631172
1,0.26220759976008184,0.83574207035246806,4.3906766154877861,0.051573580778322692,0.56935242573199396
1,0.21233151476251602,1.183354728284125,5.2722762200944651,0.088401262302096689,0.67354456698607845
1,0.17979604234708393,1.1873182977822745,8.8415112934488782,0.056774493465613959,0.53746752568235368
1,0.18827346815575008,1.6665220344099003,3.2608235854759573,0.17174766073045575,0.27566533467664339
1,0.052486187845303865,0.54274498400697879,1.7964152807642488,-0.082727537074731017,0.06054111974283418
1,0.096602060843964679,1.1957456759077529,5.5199037060370166,-0.019841756624141317,0.83298977004234953
1,0.43623875341499263,1.938287400385398,10.005348411533067,0.20665109024132458,0.83964183210263854
1,0.1997133238215987,1.5378700801018508,8.8299580442354824,0.054439661603917791,0.46094688939595269
1,0.27836356518334859,1.3078461438079081,4.8018383364889674,0.15158554091087043,0.23887388027868622
1,0.20797941411229312,1.1270177863022839,4.5534452194961741,-0.056897106300854164,0.47517520586027928
1,0.21069220559900873,1.4121475356871582,8.1350008591388203,0.10382994295117215,0.16822244794670327
1,0.30261317629738682,1.3268605079131395,5.5690084054669846,0.19547294810452706,0.4601562239950292
1,0.13622754491017966,0.9583252849140429,3.8455840128715755,0.14221556886227546,0.56931216931216932
1,0.4678187838165227,1.0345096772456861,3.902982260775997,0.081348084739831489,0.87978454893185198
1,0.35713419514443012,1.0686619291309936,4.2367407131807555,0.1032718100458393,0.52224138713630797
1,0.09969806680314916,1.055529173135846,5.5085094079732047,0.054737843667990269,0.91728697536812753
1,0.44528862167426925,1.3945227493160397,6.4256272452969849,0.14127071237811653,0.47073645270392978
1,0.47455448249264831,1.6672757950217736,8.2495490127009639,0.001221256287059504,0.99413779836277794
1,0.25041425721145716,1.0608789016265936,5.0046574624097193,-0.093148692976226716,0.51491816733452422
1,0.079953071023529665,1.2572701892367524,4.3527265489623295,0.13763660460164687,0.64470446941010529
1,0.60796847147950084,1.3896153631907309,5.503744912056467,0.16731422682709446,0.28909510900882396
1,0.89936440874434098,1.2662899238292007,5.544520979053277,0.17035218098493463,0.56839191753852902
1,0.24803435955426018,1.4953629599545555,6.4288658880283664,0.15467108371690533,0.23141246267492607
1,0.42455677223827615,0.90689814251206191,5.6148346785621372,0.058415721050034924,0.75642307325465141
1,0.27384808344702666,1.3073122892225377,6.2079439421778462,0.087019610851849505,0.38325125666607129
1,0.55576225741057272,1.0994697984260862,7.3206798294761066,0.094515177592915417,0.54898764699641667
1,0.18666028097062581,2.3001947637292464,5.1440933506984248,0.147183908045977,0.13882993416349609
1,0.41912022240707492,1.2617777516308395,5.6481288104653666,0.040891379536797862,0.67783899892491017
1,0.34301312980469106,2.7782297698576657,6.3203959227706541,0.2707354001193305,0.162044465244575
1,0.56951117576871291,2.5656612303235646,6.1343715386272137,0.2475482220222941,0.076250044687475219
1,0.18277855292007175,1.3576340442495516,1.8711866028593769,-0.028503089495714565,0.54454028262066434
1,0.18907563025210083,1.1105462184873949,2.5904671454484931,0.15260504201680672,0.32653061224489799
1,0.098852565490365876,1.6924117774410046,3.1346242724206097,0.1086815327993072,0.085733474047778951
1,0.2167176060842988,2.6187362285876752,2.3261062880353913,0.075556187362285865,0.31571804684743365
1,0.14769647696476965,2.1201371059763225,3.3751613671113136,0.17625873627157324,0.41983193771982757
1,0.32439117199391171,6.0766111111111112,1.9044927392152944,-0.29337899543378992,0.11841445610693596
1,0.21947731443396823,2.3500996646206413,5.2295512550633783,0.1740935265455926,0.07882359672712709
1,0.19530357543211591,3.663115077882285,5.1213892390307896,0.18934630125871435,0.088422764511982929
1,0.044628544314349101,1.1198045577542095,5.0230578140948126,0.021955191915564845,0.47416942475291751
1,0.73798492060149101,0.84193483846510253,4.2298947490429848,0.10165957626047765,0.68149611961952894
1,0.19070682458207674,1.2161679382452215,4.871779274582372,0.12249096247178892,0.14967139733551882
1,0.020524781341107873,0.71925364431486871,3.1251364107652515,-0.026612244897959183,0.49250924184447759
1,0.16173788513783882,2.0563612240170168,5.8738908645357126,0.20373817998020344,0.27756236545264235
1,0.11145351823317926,1.3113251155624037,2.6187088390771298,0.093785310734463292,0.59510800383839568
1,0.34023960556375743,2.2867774482287682,7.0651743261588802,0.20454964448528168,0.16308353531040837
1,0.06708975521305531,3.8898143950841142,3.7535898354826918,0.10884456532688627,0.84029995451801232
1,0.1076141966272248,1.2590608521608022,6.0534035988004939,0.06273227232339143,0.53551011346748001
1,0.18429945140902357,1.4392586721178113,4.9925867275356879,0.11537097682568155,0.48137305342792341
1,0.023910192168254598,1.1121390206392678,7.3734094630900335,0.048590719949752684,0.770339854104507
1,0.39861154386375319,1.2464418722828732,7.4357400390988895,0.11915009892971125,0.5240284555930893
1,0.26432550540343697,0.84814275309541154,4.2021670447508468,0.048876990610421056,0.20433314379213907
1,0.34191934059464235,0.87185693258757724,2.8807702550843093,-0.0017662643508978512,0.91087950223149017
1,0.21036667474616896,0.77648098960437373,5.6747209154355192,0.290707225768226,0.90174326380040937
1,0.64438422161999398,1.0482773261065945,2.3162907400501576,-0.029007327110308141,0.77326791004240047
1,0.24303050180387012,2.4467038373237129,1.1368710007852001,0.35323056739914727,0.048123324396782838
1,0.13610950453055717,1.0598274532485059,3.3497637265473057,-0.030730672835935998,0.27187768596544681
1,0.46952541278479848,2.4860915160040586,8.7270164198274482,0.23657872889954806,0.17534596414528211
1,0.26118121470495265,2.3419080897743685,5.465846722867119,0.25311621628548725,0.17118175384323539
1,0.48468961547371398,3.4933941353481983,8.7452395841371207,0.27294627208633532,0.12911419823389658
1,0.52284263959390864,0.72546661460367046,1.9517502055369962,-0.22862163217493167,0.75595289355838791
1,0.40053537896040592,1.3933337328698709,3.6528117649520593,0.12469535339006753,0.24680454496576937
1,0.64749500537882287,0.86482826187183026,4.2632290220082618,0.1184301521438451,0.6351469918590833
1,0.312898292123375,1.2078853874585775,5.7330693952810936,-0.26184680091766505,0.97174561490861822
1,0.34528952938788526,2.8259561573926408,4.7545983034799422,0.37820048134079504,0.066705144484204851
1,0.31090225563909774,7.5358082706766911,1.5155666968240298,-0.1981203007518797,0.10760654020279119
1,0.29829612797691935,1.0932809482328361,8.6469223647576854,0.13854569991640289,0.63835565620056167
1,0.11335424143803775,2.9046233701364734,7.6936320397343572,0.27314485955495454,0.077017512033986255
1,0.27864968907314186,1.2087873852531832,9.2202907028293506,0.13888066331063073,0.57715745056129542
1,0.24934657699628127,3.2726110370634802,6.4101206041773651,0.23279080238730362,0.095392034401977188
1,0.051287912087912085,1.5174043956043957,5.6964154043106339,0.18597802197802199,0.18994842262452222
1,0.077102803738317752,0.82001557632398758,2.1197434009532037,0.10218068535825546,0.8224902649824295
1,0.77979384354702064,1.3808864021462863,2.5891165036884307,0.15451143744704884,0.48023051064510963
1,0.42856393068170967,0.94575231801009596,5.4385053051304473,0.00088280153550783134,0.94919808650676496
1,0.074570569346042101,0.96016304347826087,6.039301876522142,0.0099393445129721189,0.95774509199575464
1,0.51580025387425787,1.5596829321584957,7.768920540949507,0.17026520049823565,0.23783154543926494
1,0.81792298436632271,1.6037808382276222,6.5381369294074752,0.14091870992713257,0.37292906359326178
1,0.25947230930972159,1.0971544329365654,7.9661773179816286,0.15065458245331598,0.53949629551389355
1,0.10782848334812463,1.7154555327198844,4.3239207132668493,-0.39471717501985149,0.9624875982566935
1,0.1777039311331283,1.5402840614373812,6.8025603051770576,0.19771063758442009,0.30104582951761727
1,0.80572326523860738,1.4584558762716069,6.6409210390431941,0.11148788354974776,0.44941105885782112
1,0.72597461468721669,1.8621431323662738,7.6892337983320473,0.20874886672710788,0.20570182327888586
1,0.42530050762266625,1.3989382665338168,8.0249429716276079,0.10510134413153227,0.3832349050609839
1,0.33322716303499184,1.9279648573355099,7.3474594817919252,0.19538203563063383,0.14162505172746434
1,0.92458700319880815,2.4112750682850592,5.8474758094060135,0.23242846501029757,0.085715908273483438
1,0.36730152765872504,0.93577609994950861,4.8413089327971122,-0.027511947676808004,0.15838807430969903
1,0.53971278016433244,1.3681938240498921,6.7806500514020156,0.13902861014808335,0.41444043720536961
1,0.26277886384544619,1.1617140783118673,4.643313395766131,0.11489477920883165,0.27415879791816505
1,0.38891777464161037,1.8967540667013298,2.9800093130887548,0.13756220753175372,0.3163768796992481
1,0.23242539555377525,0.65703619682940739,5.3355216249453292,0.051017578455992231,0.61560376399002881
1,0.19721577726218098,5.8602088167053372,1.0170406349742982,-0.13039443155452438,0.086627734336335749
1,0.46570309905085905,2.1168837377834593,5.0182594892490728,0.2274717421718519,0.23432052539300463
1,0.29321688658158485,1.0976999062657726,4.6788294860749815,0.11610426130218472,0.73056994818652854
1,0.28370913534983194,0.96641765963947435,5.9275871407192211,0.1569874732661167,0.63053948913797764
1,0.0125433089933686,0.90645053693838018,6.244159133643282,0.095414834960137113,0.89213240467212962
1,0.50271999999999994,0.93447679999999989,7.6973937597308435,0.084767999999999996,0.91283524205952893
1,0.21943747587803933,0.7582979544577384,4.1998450680808412,0.091253377074488606,0.2613882173304492
1,0.34565236162680252,0.81988766082376296,3.8097687713893897,0.15214575597962179,0.57287328363130574
1,0.11224009151470291,1.7801130475741873,3.3395701740912105,-0.24083170715295069,0.73587391973920269
1,0.018670886075949366,0.52195411392405067,0.31334981920035881,-0.06044303797468354,0.14550966275104207
1,0.93749560076018867,0.68239688181882174,1.501852701754163,0.04747659604420356,0.60093993566146842
1,0.26324922226062908,1.0912132734185964,5.0814851070663485,0.092125820947113718,0.37795544968449862
1,0.28875452012567432,1.2245489754381806,4.9766233915045497,0.16107455490347186,0.32355399093254311
1,0.087383833656481905,1.274628936284014,3.0501731092322375,-0.19442401551113189,0.57598825049010927
1,0.22414762561979246,2.3952742421918924,4.0222397106871446,0.31305696127042548,0.1310392047020745
1,0.77704523687551508,1.0213934115865204,2.636124461530621,0.14152393255674101,0.42035026547269988
1,0.80390066474350941,1.147497805092186,3.3375473545856993,0.17615702997616958,0.20242649469887422
1,0.17046705456832836,1.3780075483566598,2.6861453657141601,0.25617235414373329,0.325696841744886
1,0.25224127910571414,1.4886653105639986,7.1957677968308236,0.13380519491637474,0.24071070918075152
1,0.23768358018000407,1.4393246959210328,5.5069115878056998,0.073707497801035957,0.18371878140667169
1,0.68843550949532595,2.161756406304018,6.8202608762634513,0.16517956956098215,0.32363066009205821
1,0.082719943918682079,1.0031545741324921,1.8421356765531218,0.042411496670171744,0.77987421383647804
1,0.54574046727558656,1.0639441909803509,7.7069574340075615,0.095283584589199485,0.71947252483711066
1,0.69592509284929649,1.5948109012920437,7.8786478260478763,0.16278704817701523,0.4666358350951374
1,0.75693384794901719,1.1443507539718156,9.3171298661576998,0.1069024324566915,0.61227314700455904
1,0.11815737809299776,1.1392379596384796,5.4681487448046466,0.12036824139089831,0.94663403785433864
1,0.87928671909735634,1.0194100454091564,5.3195748174279487,0.17652718353899868,0.53453453453453448
1,0.18912975180647187,2.6496751492302861,8.1077200619105341,0.32453660069117185,0.15429470597192854
1,0.28238382363461928,1.1056157948127183,7.0436611004181078,0.13714250074751305,0.63757006818296824
1,0.58432064532392236,0.94259786092405196,3.7066702551224853,0.077424466131297498,0.74957020057306589
1,0.53007518796992481,4.347659147869674,0.4916428043492167,-0.45363408521303256,0.14901574666977188
1,0.41417256779096451,1.462446643144415,3.4109496731048337,-0.11850773520195415,0.38338830635296894
1,0.61812405952181904,1.1304867374135743,6.9817944630557278,0.13382574230160213,0.62768553519307158
1,0.19024330146309409,1.1597718185449699,6.3547577916992086,0.15365661528352814,0.28775836705262786
1,0.19940350763445391,0.44163127694751519,3.072183925714322,-0.19875514636755601,0.35102400352345298
1,0.34924359756139906,1.3714850657224891,8.6918675830335665,0.21538918853596437,0.33511333090058554
1,0.2585010635736073,1.6597276223109649,8.1676357152463694,0.11864615106758709,0.31733500740466736
1,0.28627131374147047,1.176358726049507,7.412667452716061,0.094438318658079917,0.69005474576501424
1,0.30680553447665304,0.99946406890271655,5.4007475930992026,0.19437066828552638,0.9072816570574419
1,0.29369771683753693,0.94743930435876478,8.0612029148888524,0.064595257563368758,0.89037667532654197
1,0.082518246363139869,1.2923964549923044,3.4014640127795861,-0.24268904225212254,0.77333379126372537
1,0.30527563722584472,0.61009365737996435,0.90056777140891875,0.085358624777711903,0.32354347141741191
1,0.35598106946635477,0.87605396290050586,3.18449139800637,0.010118043844856662,0.36995870719364149
1,0.4692508979474066,1.4606146835543794,4.9600364953328864,0.18736008437223275,0.39857767605345973
1,0.16591510378480456,0.97229991129408111,10.933366471758005,0.081064717572403966,0.59799327943790992
1,0.17710326090837608,2.5179184522964109,7.5218035147175888,0.25779957517815305,0.23138894184787831
1,0.21375302685193923,0.92983823245324393,6.9368100707365858,0.12070344263694399,0.69837023180455349
1,0.37707133917396746,0.85052982895285756,4.5015747782769324,0.052248644138506467,0.4564976618262368
1,0.36102199816681946,1.4224959899175069,9.2700233741373559,0.15811182401466545,0.47794921608354685
1,0.84226579520697165,1.6094304388422034,3.657466183408193,0.24500466853408029,0.2904316223451025
1,0.81950087057457921,0.92401818533565483,2.575813208475676,0.1257496614432192,0.86992933786966764
1,0.65273913241800852,0.76408338274871135,2.8399552719821486,0.2089586279250103,0.32299564205122078
1,0.33344566638283585,1.3943747026772044,8.0200150161298396,0.11070122207164532,0.54537189228183724
1,0.33536957849725102,1.0139459654578775,3.4624492576939185,0.11070694729827289,0.66562146989354054
1,0.37008468633691144,2.7609125291034675,7.2939485389059628,0.1832379945157705,0.22193585539695954
1,0.245203514176179,1.0561620036498043,8.1674887540934975,0.075554148093768939,0.71561033830260934
1,0.82161079341163568,2.0049566825326166,8.8725292394337192,0.19608430640687599,0.2417028157806925
1,0.19461577534286337,0.91792449749655325,9.7626725558939,0.064509106741165376,0.85051938085762224
1,0.67149739220448301,1.1815354142612573,2.6936131533044407,0.14679300871919415,0.23355081650962667
1,0.92702273562469228,1.1858753458186282,3.9995209307006276,0.19899045228569645,0.44157621009118259
1,0.1134904750133565,1.8400006578580146,7.6258345556491092,0.1429047022893459,0.34656277165276528
1,0.1656208059777286,1.3142955856215315,9.2411217275656181,0.11015996227646994,0.6060141434723304
1,0.12804592813098023,1.0276259834148416,3.4548329308280645,0.18060812247501593,0.2354893783465212
1,0.5829488515156025,1.1863311752740984,8.4559984070880443,0.12933472242893287,0.53025822592868632
1,0.18951697823366906,1.3773042330991931,5.5317557438256051,0.038670234511465416,0.2348297034356136
1,0.14459795949846851,0.80079218175007161,4.2483095105166111,0.094687203895903571,0.77789814303586036
1,0.35158474681193513,1.3819177912591309,3.8033904758999006,0.065525566423176917,0.62324456290456243
1,0.070891024016542709,4.866577956403777,7.5028407978809186,0.12840021147965316,0.086454881833984448
1,0.14862377132401342,1.0638130515792878,4.3805881004795353,0.063171518147028302,0.71896885160379198
1,0.1968999757810608,2.5869702107047714,2.974457563275136,0.14531363526277549,0.15501423007789095
1,0.0036244286490948996,3.8245776533838072,1.56506796469816,-0.016410607494513018,0.0053648520585448034
1,0.31089191715452352,1.4943793968613173,4.466011561580042,0.17955182761843852,0.14246327311633267
1,0.68547226720005083,1.3092727878845605,6.3589837291763907,0.12339333904816333,0.56014519559733078
1,0.23747276688453162,1.3312496833358667,3.3012297058757736,0.077975376196990423,0.40936445939324162
1,0.23023615841472686,1.4060044473217554,6.4631760920350505,0.1890415740141301,0.28017652024108636
1,0.19928278688524592,1.4177766393442623,1.4784176499956965,-0.21721311475409835,0.24516711833785004
1,0.14461960246744346,3.7699337445739087,1.2748039850865274,-0.36394790952707334,0.031513241621719895
1,0.39951839694984742,1.1511627990310607,5.2048140533765865,0.092565252913268448,0.72238957057792819
1,0.044047039176118574,1.3204717834527868,2.8562402947353922,0.076890960963050578,0.17468974784602009
1,0.085531605841309366,1.7945215028661845,3.1179499062782403,0.16246465904080098,0.13508867181536241
1,0.30802167836676486,1.3424473685208573,5.611367433224757,0.072794711631452597,0.5038430510054549
1,0.24916267942583734,6.3329346092503993,3.4604406577027942,0.23397129186602875,0.070673046653654842
1,0.22068303399526928,5.117095102865945,7.0706493381099929,0.25417978849221629,0.061644423504433929
1,0.50527558723063304,2.3896364863155233,5.2027806610887124,0.22810272846118165,0.295033393364034
1,0.48210818307905684,0.4189858529819695,0.89771934628871974,-0.1866851595006935,0.80042689434364989
1,0.29070265221536845,1.8272309769054182,9.2527140899506382,0.2060121564419318,0.26788632965273096
1,0.15397074454623674,0.50962317153413994,3.8097244638061394,-0.057169610770866013,0.39354926814733887
1,0.350346565847511,1.7705792900651125,1.7080154757950943,-0.55807603444654486,0.62825277399223323
1,0.18812275807094461,2.1209202426819007,4.4933667369167045,0.14966121960940615,0.22235214281985696
1,0.28946151915787249,1.3937755075086182,5.8601193344781617,-0.0054997160329137663,0.29785573681787841
1,0.27587309537570698,1.0973286697320361,7.8121499322631385,0.16341770570659597,0.22988284744677043
1,0.38526970954356848,5.0274441299837633,9.1760076928956771,0.34113296049070901,0.099007123996725788
1,0.1170292383466327,1.2087509397197191,6.576798205849034,0.06766824775562906,0.40733029705510759
1,0.23479636219849742,1.0729537366548043,2.5213189358195551,0.1420324238829577,0.1240464344941957
1,0.61770959144765081,2.2069196703366174,6.634847526778711,0.19650705874915572,0.15559919341160505
1,0.079902557856272829,3.9651644336175393,1.3310458868894122,0.31961023142509132,0.037906248080113038
1,0.76363461759844631,0.99644435238884288,5.4685326033469437,0.083598018040909675,0.89270372842790668
1,0.32447423156921651,1.4471053847931594,3.680040505446732,0.126271088513982,0.15700796518475635
1,0.36533101045296168,1.2486550522648086,1.061256502124341,-0.12839721254355399,0.34211025661059702
1,0.25217837006663246,2.5846360840594569,1.1562520681145243,-0.38211173757047667,0.22993976351602588
1,0.32962256743873031,1.4300749630792813,4.9977864332273443,0.19422167386387004,0.25750663407364804
1,0.030723219140837414,0.88607939097335509,1.5038551498590351,0.048939641109298528,0.38508745013807916
1,0.77025905228114921,0.93798620441766722,4.2609177620479164,0.17023680134190278,0.818264140270203
1,0.33253070069829044,0.46333975439441366,-1.8515094736338289,-0.15458704550927044,0.040015590489801224
1,0.16002166787350824,1.6753218397793412,6.0183474422042416,0.19070492446645623,0.18019218872437828
1,0.26254922092721505,0.83027947332197549,4.6935839125590793,0.06622964876848958,0.72057454629459761
1,0.11062378167641326,1.4836700779727094,1.4971646699513146,0.040935672514619888,0.13138485218054513
1,0.12001390225644315,4.4191730830927165,3.7916165315650487,0.17321676826007912,0.083759466044747349
1,0.10725281019546072,1.2807644805613232,4.1211325389784834,0.10252738598124149,0.48836014883915935
1,0.19688857732721163,0.97193826456722021,5.9828752646081478,0.17539210550642467,0.48889487731757142
1,0.12543669570600982,2.5071115066554635,4.2862450937963787,0.11924556670941494,0.18615070340086409
1,0.54698315902512551,1.2932351414732992,6.2271293789758637,0.14453341210214735,0.22767625274918063
1,0.056949183805219961,2.3094277413999817,3.7334703374418114,-0.090657567093977681,0.18980776622456058
1,0.26282635500991797,1.036609392591004,4.4854740715628987,0.1047820725888597,0.84609566414760129
1,0.35574176347362407,1.172729003999238,1.9815530408607105,0.14721005522757569,0.20298798311139982
1,0.2057697760136093,0.93628614970229651,1.4565198060093878,-0.017649560533030902,0.61412092019721221
1,0.058120515560595817,1.2264628268597475,4.7711421469049542,0.096525854360674332,0.54288102139161054
1,0.0098163841807909612,0.63225120056497175,3.6067199242189627,-0.081709039548022597,0.59434736671500599
1,0.46749832367145661,1.3461968561413038,6.6904384691909193,0.12071050867022587,0.30135580637102111
1,0.3317385829213032,1.6820515606316484,6.6554416373681065,0.12897401001579503,0.25241477076887947
1,0.14411330003180484,0.93808347832594341,4.739709820166234,0.16587154590185402,0.47740893272040125
1,0.38292231933531484,0.95273308368401943,6.2193289377046863,0.10944596490195502,0.37214617969274605
1,0.66495726495726504,0.4994794871794872,-0.1839228381609285,-0.047008547008547015,0.77858830817038593
1,0.40083647009619405,2.2916182559598495,9.5384203490348032,0.25629443747386033,0.18617328285078485
1,0.42100932528798685,1.3151705979155237,2.183125652956718,0.051289083927591884,0.83564262941095013
1,0.86942597956599499,1.0449714383898587,6.773503627033131,0.1082193325649418,0.68615959475942156
1,0.072712846313227497,1.0741212636791104,11.8062590375682,0.020698453254099896,0.86247313646757351
1,0.61820467937181034,1.2128956386676857,10.948646320470148,0.14188506200537462,0.48797740656268906
1,0.18082819218545521,1.1261703901040692,2.7797505152674011,0.085124945472674018,0.73204413679570735
1,0.051680698088858848,4.0249185767836293,2.5399470815458112,0.21802986542124994,0.025329211038589258
1,0.35591629180520246,1.3675298259338942,6.2664032668498955,0.18038203272703565,0.32125793863048913
1,0.12740997770986051,4.9606820323092125,2.3722977054053458,-0.037376197807753288,0.022886035372485802
1,0.0057570363777950818,3.9189078317944155,1.1467673305551569,-0.25450550673044831,0.020665929780548688
1,0.3049034800742314,4.036541736019438,4.1671457284958926,0.33654747555912684,0.059577412719327351
1,0.42688442477188715,1.7987182663303867,6.654399912259688,0.21010040144099784,0.12165614626588976
1,0.071843559586226444,0.47157078078503617,1.925707441737794,0.022530820461952671,0.19772377267775984
1,0.22596785877176506,0.84546286856437647,4.3553489280875199,-0.0024280310144072113,0.29438702755019264
1,0.16629048343918956,3.5684216051650837,3.3008981103455901,0.13127919794236523,0.14094907475508223
1,0.33076499724821135,1.4333228398458999,8.9571241364056799,0.15321959273527794,0.4669115597318883
1,0.32632312060621577,0.84792223485502372,5.7268607768182775,0.1079628317846577,0.83693503546499137
1,0.20835324911801523,2.2912522286711425,6.181946467382283,0.25761162323128867,0.099185753695502629
1,0.32669576209578766,1.1135542006588075,7.7968795207527695,0.093465785798314757,0.23438325623278947
1,0.053043247142802903,1.3289541962511549,5.6292385100356777,0.098796370125678712,0.59443629645149609
1,0.29094182119416306,0.77728127190467089,4.5685995582544843,0.008475116293888996,0.25289240953854669
1,0.22163588390501318,1.6245523935167736,2.0295945692852544,0.17206935544666416,0.26647718209370785
1,0.52787424404703942,2.182599829065377,6.9456886253727701,0.23657405904817541,0.20589806153087387
1,0.17566351328837476,1.2597000789551838,7.7275879725143497,0.022232403497207592,0.52340295140737081
1,0.3601122427769694,0.94564539596757435,7.1790792848210998,0.16056952816462272,0.63182767337070012
1,0.63230824536749564,1.4298955848230337,3.8021858177432413,0.1195790712114775,0.54306667771343342
1,0.062914395167231463,1.7110898285938805,2.534965849660737,0.021364373066155885,0.084874926448427784
1,0.76594456241774389,1.4088340021477421,5.4183733726044663,0.090213240103027031,0.50149259740707941
1,0.12629710540688147,1.2445385035499725,3.6127810408074148,0.15273985071909701,0.58939477052477607
1,0.43052027472010534,1.8418313105654338,9.4957448526839059,0.18411891993602408,0.28017822093214811
1,0.24015594541910332,1.6418778427550358,2.9523549335844224,-0.69103313840155944,0.50584720106060899
1,0.24858032261107441,1.1000660315064617,4.3124085677930122,0.10623526082445052,0.27637242964207925
1,0.075388026607538808,1.0135482261640798,1.1271997455200222,-0.050997782705099776,0.74380305407721659
1,0.079113786035151998,1.0199038335732042,3.6849718292829192,0.13707531946443369,0.29197735764339894
1,0.55418086313860893,1.2023605303137495,7.3972189523393297,0.10948229653903872,0.31628147886005259
1,0.68400799903042053,1.160779753969216,1.962626787088001,0.06211368318991637,0.81440079873924487
1,0.29832053055966412,1.3866924710148385,4.7027595845806047,0.20346867694069373,0.34587834045490617
1,0.35657828984874823,2.0328052308190401,5.4348349211495517,0.20759285196472438,0.20150057301530697
1,0.18629146083274523,7.1545706157374731,4.8823169565244893,0.14159315455187013,0.014344507691262031
1,0.11998818266227737,3.8727367688022283,3.8871153697219611,-0.06790748712754284,0.17143518802318533
1,0.16990529430130386,1.5702487325493226,6.5084784837077976,0.16843341609550855,0.26669534183985055
1,0.27373255718386347,1.2688077208375119,10.253257129211095,0.087496898406763612,0.61461113810387957
1,0.5067410181460994,1.259260536088749,6.7962414258705062,0.074412389860247938,0.87287307670339187
1,0.14810205351586808,2.7133050715619165,2.054892668758423,-0.098942128189172376,0.25294068574288808
1,0.45706136682019288,2.2789145359442871,5.0920616594584507,-0.015772552734749,0.98061329067753744
1,0.86376570642964468,0.91210394219394442,1.8086165862944781,0.10397416632029925,0.34064927724199573
1,0.39482584751347183,2.3683843193903735,7.2258664059640303,0.2483388839610306,0.24205130144997547
1,0.17760284991955874,0.57264134681682377,2.7221503254809916,-0.024764421971960469,0.38841088674275681
1,0.15047360217417369,0.81185803924703237,3.79974976294536,0.089444866312297672,0.58010682551012882
1,0.22742232007081414,0.70469994779727185,3.6588325327616396,0.060418983635579564,0.63078985615189198
1,0.34126339768114244,1.019329653534262,7.8278244635049417,0.12263465825569736,0.61582525217603901
1,0.37507974262671157,1.2613693974203526,6.3144154236197716,0.13018221454252024,0.40040543952131002
1,0.73080817551096944,0.80614558409900616,1.8360952830481068,-0.0059253703356459781,0.68682954569137744
1,0.30751730413920525,1.7544409361240567,5.7121011119849348,0.2140014155842962,0.2757515009060777
1,0.63167362505167579,1.441739043802444,6.8653893849287746,0.024640504132200626,0.99307073891129327
1,0.62541615143156093,1.2855677098195883,7.7511311727887735,0.080915691683312724,0.89405685264364587
1,0.13170157964476603,1.1518662438399809,5.927035353327291,0.08601247636488156,0.47708207849817885
1,0.12599464028035456,0.77475835910121627,4.0408734595341276,0.067944753659039375,0.83339701371302866
1,0.56536237889461116,1.1843695942435066,5.3331245080534426,0.0762610417201076,0.65505575463509091
1,0.63172804532577909,1.2699482117563738,8.2817239904113915,0.15203021718602455,0.47625238448596707
1,0.18924046937941499,1.241191838402709,4.6271077875059925,-0.15497110164049271,0.54361693996460547
1,0.11180956039221589,0.89413022647405371,5.2769149602876002,-0.026161568448317924,0.73300698109440077
1,0.71086988126968742,1.5043360794766176,5.6994999845380052,0.21034649866731284,0.38418625103589571
1,0.016413820706429293,1.5987629020712588,4.8540828434362604,0.11803711486210852,0.10417264697722758
1,0.45147532422316999,1.1318861519714511,7.4486250240965042,0.16232918443728783,0.46869328772769497
1,0.32650238101633522,1.5744770301953546,7.3986706016553327,0.16195323921827454,0.21901427491026296
1,0.40989476825318816,0.90125198571165277,5.3712564415218393,0.086888598285047275,0.86299485576419788
1,0.53731195891899008,0.88311004312189345,3.7159351261373623,0.15467921919747193,0.65983301028775909
1,0.33756432246998286,1.2800085763293307,4.6141993005726114,0.17941680960548886,0.56028516103960502
1,0.26236502192014594,4.9209992055786032,4.6155560655405088,0.29737840939182625,0.060167414050822134
1,0.11841112007704922,1.8066871437124188,4.5331477299407759,0.13918317411562589,0.20008644598926628
1,0.76915193440942864,1.2041870569647279,6.3588815875786162,0.098215048253480222,0.65561091577280961
1,0.13099219620958749,2.8405797101449277,0.79705664395045683,-0.99052396878483828,0.3326138147566719
1,0.12557553037403085,1.60152977762631,5.3896103974944012,0.11104029990627928,0.13507576013497788
1,0.27698760029175784,1.3065736688548506,1.886311786169278,0.058169219547775347,0.62705418512961864
1,0.27467723506780961,3.8825958083336549,5.5890298426848464,0.22709735109207424,0.080613472162591737
1,0.1461608459631617,0.81205089585490597,3.4986870029394126,0.023063164831027015,0.20924099423283132
1,0.36801975945017185,2.4257327187417395,5.4486106160479899,0.25792195347607716,0.091714782419176605
1,0.52127659574468088,1.0232712765957448,0.53824621934198291,-1.4787234042553192,0.31773879142300193
1,0.78034606309534227,1.0343168312505462,2.3508036652645199,0.021934807305776457,0.54709538419293346
1,0.20113124977853372,2.4723776177314769,6.2469455608811426,0.27860015591226395,0.09554918071334037
1,0.452514669364112,1.5518025548202634,7.4807300090062574,0.0793433899389165,0.32093744899853616
1,0.18625663786954111,1.2080790467887241,4.5060567830907319,0.11069720747140104,0.51547225927788831
1,0.18652135381525875,2.4863192614070395,7.2804602527154927,0.18823901186241662,0.18198735187122941
1,0.54077754128126243,2.8717211829544724,6.4186846238191748,0.16317518794888383,0.17784156569679979
1,0.56258777392087767,1.7559090065979492,4.1609902367518146,0.15878799120273457,0.22500141474732613
1,0.28764755088762894,0.91288456176224564,4.4750728900978514,0.05331350497258109,0.61878132405458297
1,0.45498276276757793,0.6163760350929437,1.5383714640002402,-0.08459415193961814,0.64992835957352046
1,0.3813642879354413,1.0288180039287367,5.6496711783405607,0.15827196262391069,0.61598855130304486
1,0.18984202506452719,1.2401139332027242,4.9373259772914047,0.10262928755791897,0.42815845379736966
1,0.18476384526134079,3.2068061911695529,8.1330621843582609,0.31688897360775842,0.090055744746761396
1,0.15572307081928188,1.0071414401904384,2.2767543329595239,-0.0045625867883356472,0.3884183572976167
1,0.67394157165440416,1.7695064184226554,5.5597773761464513,0.2264917577894604,0.28981960120469857
1,0.37178754072891262,0.75900351725179649,6.0212320654308877,0.05553697430032583,0.60543149156349063
1,0.63124428320820836,0.90040962055968232,4.605859948047538,0.062596384557260715,0.54527430570891544
1,0.22342671175320605,3.0589262973690214,6.0535422303661841,0.23184145401201858,0.15914044880708619
1,0.41942038567493112,1.9829950413223141,8.0920699215762415,0.17780324456688093,0.27232313533025704
1,0.83149848564972839,1.4193793567616941,8.4472427187184227,0.12791692707081392,0.41566224306671506
1,0.1513532295325207,1.6198114400015027,5.1252667019202605,-0.52837931746896305,0.94271900377837214
1,0.15156505889210672,1.1361342166378299,4.958822566581059,0.10982707093885029,0.61010365067827976
1,0.24987921369571164,0.88135874405527648,6.6845854773233899,0.078129820537746433,0.85522374751914509
1,0.12872474747474746,1.4680070707070705,4.4110270286073385,0.085563973063973051,0.48169647986998115
1,0.29872515365512631,1.1338352824256031,7.300838716257406,0.10112306890851834,0.74952482650327157
1,0.25674995423759839,1.6182958081640124,4.2093830944311978,0.23302214900237964,0.27985465034075163
1,0.32745918879218616,1.1204844482135747,5.4495437748580482,0.12747133598922047,0.76281771588393432
1,0.2057296386723956,1.699455396458158,9.0387094659903475,0.15020310684166197,0.32710523520823021
1,0.35547122074636306,1.1149452087286529,8.6215532067404794,0.12302340290955091,0.54120646920430948
1,0.2435896898750618,1.2239452840228258,6.2602600100911205,0.0074326079487845552,0.82758697415373916
1,0.65243861644477164,0.97775473339131602,2.6516914674328258,0.17341272496153076,0.60891580279859037
1,0.106377828875711,1.5027834926782042,3.0453792134434048,0.11993222800435677,0.54290316086168711
1,0.31170220995899839,1.6462405554552719,3.7193601613675229,-0.042149101317723509,0.28390132400674928
1,0.1053221288515406,0.7991456582633053,3.7421358204143678,0.05859943977591036,0.48805622250652836
1,0.46493977498739264,1.5992359932403988,7.4739016958635327,0.141038619280037,0.23183613195604177
1,0.14773058960887334,1.0946849460011676,4.36308588585372,0.12543782837127845,0.57567336735756691
1,0.7553539964921745,2.7544065883780133,7.3897090944721802,0.14952005593196913,0.14267586098350332
1,0.10398297354819094,2.5585284280936449,-4.3428059215206005,-0.022195196108239584,0.032442067736185388
1,0.39001695234507439,4.5179600678093799,4.4781546617681016,0.19805989828592954,0.02427264407973868
1,0.1489053736204089,2.0440564501537901,2.8843536855706016,0.26587660575357336,0.10435937154237664
1,0.50460580945063982,2.0455992596559032,2.9285769983665828,0.033036109235676202,0.24038874196147386
1,0.36412099983100588,0.55918252907468002,3.7396438586639107,0.085357422685163858,0.60591657451353442
1,0.3817016099537987,1.3411504788063799,4.8194667175775061,0.047903029579262416,0.94310074240619757
1,0.11820696095686217,0.75448080169534137,4.4591034098533076,0.00021550950037714162,0.73057056485206262
1,0.14268742247147823,1.4280606294879188,4.964584374767691,0.044036200359907053,0.38640149990474992
1,0.058424586752922968,1.3736459699431394,5.4311597718753131,0.058830071689736828,0.55193731370158983
1,0.78598198802931141,1.0964018571348659,9.0471153108732167,0.063657213178945016,0.73652717588313865
1,0.15632589975712077,0.64208434533009506,1.5286616024068127,-0.055862221240892032,0.56671251719394766
1,0.33399257593355641,0.87824146931012836,7.3040861298251505,0.14779342354925004,0.74966172327411373
1,0.026882966396292004,1.5466106604866743,1.8756409532087572,0.10961761297798377,0.31212422034501491
1,0.47815975584705234,1.9036061713178978,5.1255520035394992,0.19557179329166302,0.19310200616282996
1,0.88264058679706603,3.3323000349283971,1.9235184587404122,0.98978897208985694,0.53834361856845248
1,0,6.6318253968253966,-2.4651040224918206,-3.209677419354839,0.5433156616124748
1,0.36080151564286811,1.0778431104814896,4.2522595766148159,0.085647476488760685,0.63129307716974337
1,0.64247461034187914,0.97724681597935825,5.0370240284341588,0.059806333538350756,0.77818840496283248
1,0.23742649334571339,1.4630145465800064,4.0393954707370847,0.27634633240482825,0.2728210281362386
1,0.55108486679483659,1.5013045866520187,3.4691363646703484,0.097157374347706674,0.75572833295220665
1,0.529657538571639,1.9082173903891895,4.7770204429147505,0.16636847755162179,0.19006701045142435
1,0.355913305127461,0.87125597592827353,4.2234118388245587,0.071558399902246786,0.80503839276322708
1,0.4600985221674877,1.0647549261083744,7.773173680482536,0.11822660098522167,0.59635823595475734
1,0.50470964396819906,0.89406541652264082,4.0649672435114237,0.23120463187003112,0.6029310490642632
1,0.06434804332696871,3.3481191670086901,6.8951096590986509,0.19739824051107263,0.05567081189765237
1,0.067629173548058114,2.5103563355734324,4.634670734105713,0.09010373459773352,0.12928565310946941
1,0.91375271149674619,0.66622976138828627,2.6553524121017609,0.20470715835140996,0.75560365070488278
1,0.3422871280198897,1.0997556396125534,6.1027218922417541,0.11701910758247544,0.59277685849792749
1,0.89092049834184817,0.69270413193510805,4.0398355767217078,0.0089517791521018207,0.15087015591641326
1,0.23154596100278554,2.3172005571030638,1.7919261220073759,0.20264623955431754,0.16528925619834714
1,0.46957169296814255,1.3333123432589007,4.7450712491202918,0.18400446814801835,0.32081643548701727
1,0.24620703428992513,1.0390418930738345,5.0732907934605977,0.10920573266392566,0.35025717164218673
1,0.091704286668437024,2.0249378364676627,4.3248343967324931,-0.088372804158720189,0.35325488699992447
1,0.2812063787487839,0.81302609872678822,3.4849869073918387,0.10727126602089591,0.68680982792034639
1,0.13660950787676004,1.0341645754914262,4.5633685451043284,0.086602537292625112,0.38581502919394384
1,0.46453366938542145,0.70719128131527054,4.0392722063436093,-0.02682582466949044,0.28542907584932431
1,0.18555150783014651,0.81699509868690112,4.5654205329707809,0.059897946985283473,0.63038526924180249
1,0.76302584748235014,1.2397507147441509,6.1966823886138602,0.36439348853492032,0.9602746600135188
1,0.31968876411945446,1.628185857335485,5.847033973614459,0.1247419262141073,0.1385928113226759
1,0.26144733844635126,0.62112537018756164,5.6977677557790729,0.010274128635431696,0.71617193994816375
1,0.30613598673300169,2.5038640132669987,3.9227848880721767,0.13542288557213933,0.1755628117072783
1,0.50412838972463847,1.3199000877391764,5.3865937763794403,0.16722738391990749,0.3015018855423775
1,0.27590011031992778,0.96953665630327956,6.9703544207386567,0.070103299568749375,0.56127647469549258
1,0.080268813287681207,1.6278939316675165,7.0709772612803636,0.1248379106869673,0.35326298548740048
1,0.39793038570084666,2.1937911571025399,7.9648508874473132,0.16556914393226718,0.67195540308747859
1,0.30698297451029877,1.1730077070916891,8.2085189844850355,0.13736871736134029,0.80121232778295726
1,0.15434570949642168,1.1643429993877161,6.2684767736677207,0.14303853373081596,0.39241379310344832
1,0.19251654734567067,0.6346143455355937,3.8889385989807721,0.10190463325678778,0.87925841572567343
1,0.43655162370758704,3.7260011649919909,4.9914796574564759,0.39982525120139795,0.1705746596342986
1,0.10347835009234557,2.500814436691976,3.6421284594244829,0.15439667555920378,0.13947846869094052
1,0.52484236183478461,1.7582074509422965,8.6680068811085,0.18303689704505713,0.29335536825479264
1,0.42487593592199202,0.81962280167160018,5.5366726308627658,0.060238551279818905,0.84764882789938056
1,0.54134430481642148,1.0113367022941728,3.5266840017035714,0.19301462367514868,0.57887638462048685
1,0.12487096429715587,1.3196203680632186,7.9139598383250913,0.065959491688320937,0.47769083457517036
1,0.25070848290194597,2.6907472133005861,2.4209013198120881,0.26204420933308142,0.13291555859817267
1,0.76853305897005464,0.97618890453240925,4.3448438435461654,0.15553870868756883,0.98442468901507352
1,0.25769319372505889,1.0972080822192665,5.1512606317543561,0.12617506520915231,0.42132639791937582
1,0.45777754710126123,0.94572325738309015,3.6530709128751435,0.074427778066123426,0.54942724393408782
1,0.12865919768702566,1.246873870617998,3.7095885332036271,-0.13736899168774847,0.71108083823657275
1,0.38854527461652644,3.1953653306943752,4.8870051976479454,0.25246027819011491,0.085834602248776259
1,0.4009996976588277,2.3138734066839306,6.5295181034082699,0.18571525596028376,0.17387897766370405
1,0.064322073114298939,0.79430186641986733,1.530827511852189,0.049668363412000621,0.66201129089483002
1,0.71654427013443278,1.2154829580110764,4.29290849456192,0.18896235391709565,0.20494188964049864
1,0.65087440381558037,2.3477742448330687,1.8553600506376497,0.042845786963434024,0.26866429659725749
1,0.43423007828960503,3.1091036616469649,3.9606798273745656,0.23347157843376432,0.17121492727092771
1,0.15295790990586342,1.0804746130668312,4.2941648962294128,0.10036868601800386,0.20049191969930544
1,0.42782079646017696,0.80824806415929207,2.9518326312639727,0.14802267699115043,0.66703733800949494
1,0.89331817812779091,1.3128953478931558,1.1233049012584813,0.12917106438256068,0.43145317783786363
1,0.36325595903803287,0.96708739415242051,5.108675078471447,0.074194112858436245,0.53722278602503282
1,0.42073638277405234,1.3275523149632644,4.7861491752748151,-0.01236598865173082,0.66090481391245914
1,0.5927953503695057,1.1883299643305987,4.814879906100912,0.036674001195758713,0.10830277245507942
1,0.39173682015839395,1.2603445273508815,7.7730928691365788,0.14044146853543663,0.4076357351031496
1,0.49722373434948286,0.84330430048992921,3.3516569361020192,0.049482852476864451,0.43791756769841528
1,0.6797777976883792,1.1071588567332675,1.6565123198200291,0.25436788818206252,0.82074937282511939
1,0.088270710451660309,1.157753280813111,4.4278600510170536,0.073484090862705881,0.34084636462495999
1,0.39329127866226093,0.93237208370882141,5.2162935310694456,0.11518974667067186,0.66025172902616092
1,0.71555082664920611,1.096235063021771,2.2576923241033091,-0.20695694876411852,0.5332915229434515
1,0.11729957805907174,3.9270042194092829,1.4572186994565892,0.16793248945147679,0.057698506500483505
1,0.34980891719745227,1.1163892843761709,5.2842995747798325,0.059902585237916826,0.96576670426624922
1,0.18070953436807094,3.4214939024390247,3.8910036382040705,0.20867768595041325,0.44923035003838585
1,0.49849737039819686,0.91284748309541686,1.6459626871164725,0.076821938392186317,0.093827160493827153
1,0.50874283991558633,8.1828517427703424,5.0830923804781225,0.32914357273718137,0.026692437567795633
1,0.21363611535940571,1.9213799978151629,4.8169291784356627,0.13814998907581386,0.23914318101864518
1,0.82007759456838036,1.295338991270611,-0.67727383140365516,-0.027643064985451021,0.36241257451827774
1,0,1.7827285023141088,2.7332630035736138,0.0041673024107415323,0.067622731133670344
1,0.10552147239263804,1.2156100886162235,3.1380561487661867,0.091547375596455344,0.17462008635675433
1,0.47784093337322103,0.8970682507799479,3.4427231284906537,0.041668447369545704,0.82399180581691711
1,0.47975981648900284,1.2909357711509919,2.4709767442545023,0.09175549858318717,0.60101650182264788
1,0.3477030328308407,1.1588065304176847,4.4810571581368359,0.19798307811475899,0.18811461185453704
1,0.40690006319518796,1.1545674895138556,7.927361877643528,0.14226202755048245,0.8447841613933964
1,0.48026598511749935,1.4706986632890777,3.011261075171618,0.046321217741388275,0.23207841207349081
1,0.28769968051118211,1.177939696485623,9.7581727213712686,0.11861022364217252,0.56496543044880232
1,0.055256064690026953,0.97359934539853676,2.6511270537025893,0.11234116288024644,0.10975157582499075
1,0.080490196078431372,1.2945506535947713,3.848763665788955,0.11176470588235293,0.21263087477043666
1,0.33333218317035523,1.0911527163399053,7.1218370965238265,0.16142997462740472,0.56082150830510158
1,0.30809040980143637,1.6174218419940851,3.1320098918465389,0.13028094634558512,0.31478246673740923
1,0.51872519309868115,1.1919490744926666,7.7064658046286292,0.071119679563993093,0.61680703397576531
1,0.68686641187968611,1.7298398342912156,6.9092621430919419,0.13663856230125157,0.32273974377050385
1,0.35520638435984575,2.3266304555347661,9.9974331653786557,0.17915918897246935,0.31993591229585383
1,0.051219073863295987,1.350843167794884,3.224380645502646,0.1197507937458815,0.59384579566179041
1,0.07427173671336447,0.94608672448298881,2.0552769146805381,0.16700022237046921,0.15230745798852616
1,0.199957802028845,0.89842979678125579,6.9762098722900463,0.035843207380049133,0.82531365326872286
1,0.2039997453981337,2.0618950865583945,6.8146790021575301,0.15321041721008774,0.30013882369390871
1,0.21620432667425735,1.148707247105446,6.5138693724164964,0.10513921954249043,0.64702181444287654
1,0.070394133822181487,2.5698670944087993,2.3356329470402462,0.1838680109990834,0.12048257229221838
1,0.31500418249079631,1.4558752812557314,7.2112061183500229,0.095166203685065162,0.19196304949228002
1,0.42495126705653025,1.1165529564652372,0.14496577025018564,-0.14359974009096818,0.1868043936858951
1,0.63276738276738287,0.88260857010857008,3.1238616012645188,0.11056248556248557,0.63091947066232634
1,0.12955776298247906,2.4695321679068609,6.2391641163180793,0.17401091054382614,0.39884614599064566
1,0.44409127311808322,1.651155022386728,5.7618941377134165,0.17307700287562605,0.19201409351529919
1,0.63658820110433023,0.48877070619006097,1.8514424713892286,0.074396977622784077,0.27558774214262782
1,0.11782875164599353,0.92415017963682466,4.7279274960691646,0.079170256693707031,0.72731750436476694
1,0.24036245711723547,2.9659985297337879,8.8860219772874984,0.17580630024712984,0.17024693214700914
1,0.61276418913224784,1.4186592428781903,7.8552543256900158,0.16778294717815639,0.29351051773655207
1,0.22031831087295559,2.1255025317910987,10.821676481693363,0.23093533810533051,0.35229801983615122
1,0.29678992383356712,0.94020150821072945,10.379042774385177,0.11081769338316194,0.86052678642609359
1,0.74023369375653991,1.3348712831356819,9.3870629503696552,0.1295779560516219,0.56263489392746058
1,0.17114362268747699,1.3935462404347205,6.8069399737433205,0.18574124806689243,0.4339458984040393
1,0.036689997742153986,0.81468728832693615,2.7169438682723297,0.034319259426507112,0.29917550058892811
1,0.30989934215740667,1.1831556629943727,2.7808048770111218,0.14995640802092414,0.25408840843053682
1,0.15104833546734955,3.8026168373879639,3.5810715014796308,0.3263044174135723,0.067974956594938712
1,0.51718429109601982,2.1479759099900462,6.2963318538812763,0.19748516423288687,0.20038044915994407
1,0.79603808876041482,1.3000503577361255,5.6873617223688182,0.18517258969563,0.41194151484892005
1,0.086310402519437071,1.0945673654167896,2.993529849998791,0.094282058852475148,0.61823974484932831
1,0.29635227287431581,1.2549759966874134,6.3825095163048422,0.15101253865762607,0.43155595973843597
1,0.39704781987619892,0.8627024886548047,5.7959756805284011,0.1095163594313312,0.73208349466718292
1,0.78287874696192283,0.82475560356467736,0.90421815063988586,0.054010261949770461,0.32268415589688515
1,0.25884768877485426,1.6414267021405744,8.4357857195422259,0.16531684486431694,0.22043476225446168
1,0.36341221906416132,2.3284675344754988,7.1402985145219793,0.24236472972261699,0.14356526502320074
1,0.15628583359293702,1.0271341079465239,5.8927099420760367,0.10949751774694937,0.60282096412248598
1,0.17990531105049093,1.7100551190443949,8.1415171502987906,0.15191793747476437,0.43604546668854299
1,0.23797825065934461,0.96313691486927522,5.9477608001582398,0.067481965870635985,0.47475814207856376
1,0.55055636187711654,1.6277085147556847,6.9275579062783166,0.15529753265602322,0.14381233453233891
1,0.72675583772407881,1.20280974218079,4.884603329381461,0.068098828185822705,0.56691624455570822
1,0.12670075396481498,0.80927723372909255,2.8620294376624829,0.18597798769390761,0.35049393623002167
1,0.062319232113911577,1.5481617296507006,3.9838970556638644,0.14542478466770492,0.38849461799919682
1,0.87333066239316237,0.83197282318376065,2.2385797630181332,0.14419738247863248,0.46610552083228834
1,0.17335197470039523,1.0666280251085201,6.4348386109558424,0.10941505810565069,0.58389814820344077
1,0.27933929549187808,1.4862087059682425,3.7541520807301323,0.21103303522540609,0.79458426397107917
1,0.79757398944496405,2.5673501432053771,4.9235220937409849,0.417253461402395,0.37884533708342383
1,0.32732433643742842,1.3205226333349933,7.6742923167701331,0.15083910163836461,0.45223110925405058
1,0.18628968147316186,2.9136400157297202,6.1928960894163865,0.15787292309694431,0.062077669181747806
1,0.41585760517799353,8.6892146709816611,1.2421352654202849,-0.0016181229773462782,0.067133032779293889
1,0.7251585623678648,0.95862696734789743,1.3123786781697224,0.15104533709184872,0.66431831408705244
1,0.60187026111701714,1.0361987767832266,6.2995832370181724,0.087867648053321645,0.51502494367767182
1,0.049631653581433961,2.3097214055960986,4.341517091335672,-0.016428596133227266,0.99061147280344442
1,0.11236334343473091,1.4142774943419387,4.234005050175571,-0.019172196862173464,0.43718694084439635
1,0.25419897489814691,1.2706466027073204,4.2288463172260631,0.13804704954658956,0.53237625861703386
1,0.13212970448217015,7.9752088385879816,2.3283503008800719,-0.15512440492230309,0.046898229490471684
1,0.80020192034452531,1.1926363112414997,7.1903836027312309,0.11289428499385634,0.43762256953140111
1,0.20060893509140093,1.4256298596538048,4.9201560929672175,0.19181455379128812,0.33421965072004423
1,0.23871237458193978,1.3413484531772577,2.3516609306406382,-0.19586120401337795,0.61991478587149063
1,0.27897830627231696,1.2110559270363133,5.4622542902167135,0.12624637876440073,0.42705561760883831
1,0.34086288683081095,1.5413937203523831,6.3687016337595921,0.17054438671786765,0.18157171643158088
1,0.1206748859276859,4.2835553008342808,6.46277669486983,0.31291526863140223,0.035795462766086215
1,0.85829310475557752,1.1282441624933655,4.1657655944503631,0.087121198444535114,0.85160725636536083
1,0.62626391797808467,1.4538205658838446,8.9227414960634732,0.13382104413361673,0.40106275746982051
1,0.32388769179127908,1.5479067635413395,4.687699031427683,0.0069967046730118844,0.91336014074473926
1,0.47344940152339504,2.3365614798694234,2.3127334240458608,0.24836779107725793,0.096539840730219345
1,0.2190929186074051,0.58236954290676568,4.4836238279085956,-0.088655561695744844,0.53532152842497671
1,0.013339283943270852,0.81977090151740561,2.3632097148104805,-0.096399880987801251,0.84983213864440599
1,0.40357960457856401,2.1375370759625389,10.287456600299405,0.15721123829344433,0.29119259290476651
1,0.72025243418680129,2.0417237648755862,4.2922523534680499,0.21635052289938694,0.081618595121606574
1,0.20257105216785679,0.74081482382754471,4.7085387189651247,-0.07483238653050607,0.55347942249614535
1,0.23458927723212233,0.69416629637007199,4.7630624288588717,-0.15808344697608137,0.80974934688978328
1,0.75903614457831314,0.88550930996714128,0.11064652008706365,0.2311062431544359,0.30180464333865203
1,0.18163600960356921,1.1022553263890202,4.5343935817381755,0.016541580807985332,0.75146640139951293
1,0.13417798809342085,0.81708899404671043,2.753023566744941,-0.13860479316134941,0.75437859044416422
1,0.61114332462611587,1.1873295633952408,4.382301596868313,0.14112007348508768,0.30143364842975606
1,0.33394088453599197,1.0800540208177785,4.8196200565335676,0.094832886819798859,0.43517643112019277
1,0.16591341579448146,3.0115960989533779,2.5018457038449236,0.21467649857278784,0.18703473332938411
1,0.77868649318463434,0.35526641883519205,1.1866231659908228,0.076579925650557615,0.56505057551447513
1,0.20311058467801937,1.3101314230954662,5.5633357979039575,0.050825263233079572,0.35703763437807018
1,0.37710377903104053,3.7295561525822638,3.8931867110818517,0.014809716239619878,0.14765578140371818
1,0.31317484229922038,1.5480124600121239,5.3588996345263844,0.14185567752816408,0.24688230633218708
1,0.4188624625810059,2.289909207539722,8.6262986858789326,0.2230994440606599,0.31459131070614604
1,0.28749905400973735,1.1526878736661537,6.5853326823259692,0.057272773138921818,0.65832488942676992
1,0.070633658868952995,0.98377526686350214,2.4604431776096263,-0.017828753122870772,0.33544477310439358
1,0.44794473668954965,1.0434498241230934,6.3492963216600833,0.098236742845708908,0.53255493551559518
1,0.060940953583833286,0.85938486738238096,3.0398926893396454,-0.08805652036627723,0.74127231079242417
1,0.41668241838360376,1.1853515783220372,5.6963448842249731,0.24856209326816622,0.33523835558706866
1,0.020009379396592152,0.74386431139596698,3.3272996438179088,-0.10223542285446303,0.78301985919932759
1,0.12039693991949274,1.3283183182359364,7.0279647019119746,0.18906403454386839,0.32822991128860846
1,0.16271119258782143,1.5185552197393848,2.6109517566386593,0.088341673685775154,0.083004339456425977
1,0.070622986036519869,0.87050214822771199,3.8847134716845604,0.14433404940923736,0.75815531734402719
1,0.081889348227636563,1.1640865511478582,2.3852704596126535,0.10660568211804028,0.47134383618572673
1,0.50047037620193502,1.6821148114038997,4.8631633727378416,0.27630393234504819,0.39678568274806464
1,0.68648994464688051,2.3787377263497538,4.3073165582148141,0.088203387944702505,0.52484856989171869
1,0.058465764175004896,1.5832018834608592,3.290787100335185,0.084559544830292321,0.22343170276519966
1,0.17479153303399617,2.672386144964721,2.2353763433005955,0.25914047466324569,0.15433543354335436
1,0.24042414641020907,1.1727699268143339,4.6124535974343503,0.090388671286532093,0.20866841185470944
1,0.22593901963380292,1.9044419824165286,6.3137146990564164,0.1575892681425714,0.31673696656946931
1,0.82631481630469605,1.3481255019527638,5.9411812687982142,0.25760109981467449,0.54176839865818471
1,0.21290617366395445,1.2594415057202608,4.8452573796321881,0.17318067588703584,0.24257667513186165
1,0.55653974462210976,1.7529621534568045,1.5301782314484682,0.18221557575060396,0.33133182399842503
1,0.13670485973923349,1.7549387593836427,1.2864740258376797,-0.58198340576847096,0.54730680475037996
1,0.05506990621560405,1.0796212238363367,5.4178588552192837,0.010979414734429153,0.57540906256845792
1,0.44780118435103389,1.8019939568973886,8.9557577518265923,0.20731967770119406,0.46655733343119193
1,0.13652392947103273,1.2958696893366917,2.4376403239869107,0.12896725440806045,0.45367935120094793
1,0.54297263269498386,1.0551653303293351,3.5821290841670557,0.18587237426280567,0.54830910289823209
1,0.90059829073156128,1.127130543388942,4.9809936217544131,0.12156357053422046,0.26768281653724429
1,0.09174777572102466,1.2051113632292352,3.706326367717657,0.15993909356899744,0.25220493509067482
1,0.21709334555533727,1.6943953381784846,4.6112417168847193,0.232981950719134,0.19506540178140158
1,0.37950001651579846,1.6820484401187414,7.1672701030320667,0.088387526694556823,0.28064734762342719
1,0.018751592356687899,1.3735286624203822,4.2799662232326776,-0.09248407643312101,0.53339763684591268
1,0.49224282614924886,1.2748458116719199,4.8326244328893857,0.23061388786551501,0.89039209993618196
1,0.13323236525311355,1.1347663867294142,4.9881306195561699,0.11604612464574506,0.48343414902392084
1,0.23607924696431659,1.5169208594342256,9.1114274701555313,0.19879221029671895,0.23802896412182595
1,0.26358559599460812,1.8930050067398421,3.5902462592055366,0.1506258424802619,0.093119540200653592
1,0.81576498304665579,0.98447922971293211,5.0540714686683685,0.041957086237529043,0.52595807279132556
1,0.081486246486456249,0.70405123830566785,-0.34249030894677601,-0.10067264260442742,0.061434870694792032
1,0.20260733189570673,0.80734169770633202,2.4673365285945366,0.051852577925896884,0.5819757154188786
1,0.18732582027040656,1.5562743188079602,5.2942390615561656,0.16014714703556052,0.4330748847214021
1,0.15184497834846433,1.7163732423801643,4.3396670002577515,0.14514052599020247,0.28853085000681877
1,0.094817244039823209,2.6350336642023691,8.0138815998030655,0.30986229564736506,0.14292959837880165
1,0.0045704367949088807,1.8295632050911195,1.772236802739191,0.12351750072317036,0.079623071085251698
1,0.32069997008674844,1.1836823212683218,3.9895949710230303,0.12177684714328446,0.56259081891813356
1,0.45685996196565887,1.9200167778298378,5.2971616990214914,0.16168040128986025,0.21965443936898868
1,0.35101656119563757,1.741962569004982,2.1543170763249431,-0.050087518513531708,0.41893538470480818
1,0.49429779650285693,1.4547771098934601,5.7235491535938277,0.21042264310224884,0.49600782316214787
1,0.052481692432872248,1.4273291293734742,1.2533342338636602,-0.31122864117168425,0.51419816866783052
1,0.22541346219288097,1.0060658136527598,3.4472218199734348,0.037500850745252848,0.60532568896555805
1,0.39040973340490248,3.8845231705135084,3.5522862360250116,0.27056718554303094,0.081195360791502774
1,0.090687830687830692,0.95012698412698415,4.4332543019080175,0.10071957671957672,0.37849577333021484
1,0.61032545524990311,1.9701908175125917,3.7391922679875256,0.10277024409143742,0.094209756517250276
1,0.60484718870223897,1.2746197639131163,4.7005621806273092,0.091179000692967582,0.32873521468367189
1,0.084347546586509503,1.1716186116679077,6.5779851330925485,0.06343712093190787,0.55480275093295806
1,0.1581307528911966,0.88199197545433095,2.4584771129510199,0.030092046259145622,0.28565694407278563
1,0.33083184435179674,6.5045364304149302,2.8623151601136394,0.23224141353980546,0.011280897710398967
1,0.30375474616790893,0.5969976093376459,1.1006102913307827,-0.037406834481788782,0.83481538189741467
1,0.79236488267861838,1.0613399683627736,6.0797821539411654,0.082298971790139716,0.97079176408851953
1,0.81402122735615667,1.1459580241002314,3.5229429265693044,0.15190327986593247,0.81939415041782726
1,0.32298940952499389,4.3188940041425781,7.7713955854565873,0.33193952025713863,0.10048662106380783
1,0.2012359991951633,0.97561153215993235,6.4689774113434124,0.17579166227519666,0.52084781916962286
1,0.15161823913111327,1.0440169665428667,9.6635792548891875,0.12387253831028994,0.7074453401785783
1,0.4654487458315209,1.1616282441641292,8.6291995742951659,0.066985645933014357,0.60373825943146009
1,0.10008106815961421,0.99838816404869646,5.3384799437004409,0.16332116156122031,0.36175212952287761
1,0.1831136597055803,5.689131504621705,0.22474227267790678,-0.17292879150975696,0.0043477075339265047
1,0.19106380291201291,1.0537427673353186,5.0675762768923809,0.063419113181789485,0.598563618823025
1,0.11404289761230271,1.0878389316066368,2.8184579579815496,-0.15896398219344393,0.65742824724242488
1,0.31453537344643545,1.5404654654221814,8.2290779584973386,0.18332133165059938,0.29338767658281267
1,0.539555109550092,0.98947904968978728,4.9838531666560986,0.10601390581320336,0.51971216536003473
1,0.26966549153637076,1.4587145778949917,4.3252975404277922,0.17703651874377674,0.16611205276326865
1,0.8857479387514724,1.2629446407538281,-1.9449106487222299,0.055359246171967025,0.82817279713496972
1,0.19193957911950768,1.1900865989585576,5.99384421345475,-0.1015320394198907,0.96390609773530289
1,0.38267522211253702,0.9316140177690031,3.9270889421005131,0.094595261599210265,0.29600784126731833
1,0.24404480526153532,1.3710512794162986,9.2974075807405239,0.13631692529030931,0.52114797964277415
1,0.30064205457463883,0.90894863563402895,3.1685925465584326,-0.52054574638844298,0.80808794313716825
1,0.36322713972950299,1.2489206719456551,5.1495911145409714,0.12144742495856609,0.64437199472464102
1,0.51320754716981132,1.6347384615384613,8.0300840942675631,0.16516690856313498,0.34984065612480164
1,0.19816079380743395,0.8294369218113754,7.1543465707939102,0.053823504829327587,0.80887310885530872
1,0.1220444282685333,4.140640142874676,6.2684635077882254,0.2916319284272359,0.108741245875903
1,0.41595877576514678,1.0549656464709556,4.5518010543298857,0.1882885696439725,0.58979028285692958
1,0.25257237643521757,2.2647774602804343,8.3177417523588151,0.22618769924578183,0.2620679763990621
1,0.33407483205054056,1.384637629576901,4.4738306751489185,0.1740445789028785,0.31073981845931398
1,0.11223350253807106,3.9607233502538066,3.8611296310619223,0.36401015228426398,0.088072924176158668
1,0.27435173988982936,1.9377060325137716,3.0196440936003039,-0.75184737337095264,0.94332780533763361
1,0.35463110514691493,1.6580998909670384,6.8312812792221003,0.18592076938130783,0.32896929322614815
1,0.19100654322706387,1.6909476434744428,4.6509844981273831,0.160528598507159,0.22670675764234227
1,0.78593922849740083,1.2931365364072243,5.5214529178302465,0.00068098687565851864,0.34868219478675216
1,0.24494096668738014,1.4489773863237241,4.2971221275834379,0.082430497392807944,0.31341947754097443
1,0.60131259195582809,1.2035177795043892,10.967767162123732,0.13973979600271114,0.39695857762310205
1,0.38979955056992893,4.0906339964223495,7.4984997873712915,0.27453528614041184,0.062456368697126743
1,0.47475667977656605,1.3850321167937072,7.3582925368913203,0.17313183934593165,0.38136247536184553
1,0.23486499630743735,1.0780301529261307,4.0699152482989263,0.11180359169263468,0.76041370783137563
1,0.098970376145653141,1.5543651935605847,6.0966845528947591,0.34720442232982096,0.12397383413268448
1,0.17911323821564024,0.99296776232616935,5.208261359372182,0.095403648184937698,0.80206663711080051
1,0.51690635515626471,1.7355834550170843,6.8014343022291861,0.21176185289548602,0.23544687348808838
1,0.96384538426557531,2.4686548431105049,5.864173642072914,0.21309686221009549,0.096078305675967812
1,0.61144598291426977,1.1214374049584195,8.5547821894307639,0.19089491263730257,0.62490244222273461
1,0.31954840474473428,1.0485130223227976,7.325814085852576,0.10295592635880603,0.57879947526144282
1,0.0047865125638618822,1.0047134979654302,7.274008900561121,0.11340220065654451,0.89027292223625831
1,0.090307214504553646,0.85272747303479257,5.5147544798947727,0.059449364166701643,0.94988726094860765
1,0.29041636120029324,1.3241777687893419,4.3184076905956941,0.17165103521500619,0.25564857151039033
1,0.25527226943657533,0.85884219913964954,2.9279351154881654,0.090651558073654381,0.79810643658853175
1,0.19367075452088961,2.2834909582207441,4.4054867807722706,0.26600498856786531,0.26501075244347855
1,0.16893542757417104,1.9400000000000002,3.334238155202395,0.31685863874345549,0.083625699429661207
1,0.23441420512201411,1.3107851710220209,6.9521156460721834,0.085297294122637299,0.52350112606515686
1,0.1036112934996717,0.78782009192383451,2.9138169803527236,0.16835193696651346,0.40755094386798346
1,0.12742918608820364,1.4506812477590534,3.0368742168851663,0.12721405521692364,0.33811589367144923
1,0.12731995158361914,1.0457244805325803,3.9306681002969857,0.080996570506354656,0.41230550347546674
1,0.27956970734176517,0.86926795841698035,5.772194733175616,0.062980575537091049,0.58543860656825442
1,0.055158132530120488,0.96255782056798611,4.3279531633840742,0.040581970740103272,0.82974428464660155
1,0.24456662005053748,1.1731929247519641,6.1656657226691642,0.28479253821822348,0.44768637274835643
1,0.15680091232850485,1.7241669938526039,7.0206097447219564,0.063602171497225968,0.84843797537138965
1,0.075017049329393043,0.58161892854436603,2.9839632899539921,0.086459043722058052,0.31189642537252665
1,0.022383670095225985,1.1969063478689412,4.985420044955192,0.093416318246612506,0.46912563588306389
1,0.17444475516587432,0.97611994839413163,6.7393579289054424,0.090956518060878941,0.77087765781197437
1,0.66110750104824301,1.8718997343126207,6.6777658480156719,0.17347180077222227,0.27301501194819866
1,0.097668711656441712,0.68720858895705517,1.5113839719587123,0.0058895705521472387,0.29960273177699415
1,0.51611236557082163,1.1992613571127864,9.6258812156152747,0.14579585900723332,0.79458145411508818
1,0.24407745994298635,1.0864051902093776,1.8667123224644557,0.17113929027818736,0.31107491856677527
1,0.69996162658776939,1.0855254376793539,5.4026683728226894,0.14339143105020799,0.87742231307363838
1,0.075322212750760495,4.3304713457577186,5.4787496397691839,0.26755934602981596,0.020312831347538897
1,0.099716711558250418,1.3993793072347196,5.9406947998562352,0.11327437981969572,0.90359116183958421
1,0.12564094830186401,0.74868794112324311,4.7789806257636185,0.092417204560535676,0.6712674052241081
1,0.32909981834557084,1.3724259262086125,4.5544661916133853,0.12937153673541041,0.27080776455854733
1,0.76015256899259587,1.0709958652520915,1.7944225866475387,-0.076028077823007134,0.80367510624289218
1,0.77821466327874333,1.2619164641949663,3.7199904491389892,0.18823376671550715,0.34095276588708645
1,0.71905750050204165,2.3924459468505259,3.7627106022411367,0.27572126648370038,0.13281758217161083
1,0.1303321011558998,1.1147281875256705,4.7680030661981831,0.088922138121222793,0.69425902958486441
1,0.080119474891929221,1.3623477577691561,4.5670113088873201,0.086387407374078934,0.50812424077673823
1,0.82396051450792696,1.2059059976069397,6.0579542883768145,0.14313490876458271,0.52129020255342906
1,0.81178209301455462,1.2642501262767987,7.8226049730598879,0.11035656826430203,0.65358842429777009
1,0.2575833416758434,1.3466673340674742,9.4912243899269644,0.1401541695865452,0.452738868616747
1,0.35568575945136099,1.2980857405761654,7.0371277854159455,0.11248987424400909,0.51514999130581773
1,0.13482782777388586,2.2948483052217497,5.4298411202134576,0.34443875626448245,0.97398762489579782
1,0.59237334801762109,0.58146338105726869,1.9208853384361433,0.16492290748898678,0.43073887737989541
1,0.62006064082602641,2.8283489032751508,5.4648016735341116,0.27673522904203884,0.083194401554329708
1,0.17658825708464532,1.0353398777551399,3.6347663984599481,0.0012224486015928876,0.3214068481877706
1,0.62917691306234624,0.97365825256762628,2.9602605242457383,0.19890062201649067,0.90173683324197607
1,0.077010192525481316,5.0219705549263871,-0.41400143913045073,-0.30237825594563988,0.1508659570629623
1,0.55908065425831921,1.5253595600676819,4.0640743403149191,0.086689227298364341,0.1774844354469696
1,0.34097610480671647,1.9603169111541656,5.8224125588730473,0.17988375311375587,0.31726729638366158
1,0.4206563056344127,3.6698188723957075,8.3078785780384692,0.27031708607996918,0.1678055055064234
1,0.35639904919644827,2.3721414702060382,8.7532938753537604,0.19587680657313244,0.16701260169766424
1,0.21354500123841613,2.2746871246781284,6.5960127274348341,0.19104555034745749,0.12240381056918076
1,0.30604868845027627,0.98994131412259101,6.1952275020584286,0.16209063843863714,0.52917079207920792
1,0.08902572604280766,7.6476627490452644,5.214348628760832,0.47061783948607122,0.031918814045888519
1,0.098321971683272155,1.6023466177241741,1.7972443994586247,-0.18510749868904036,0.072160815531756489
1,0.062601829803233491,1.2516425617245268,3.5506800403548735,-0.16687554831432508,0.86478667560641709
1,0.14789085375119354,1.6494736489965143,6.3644598367418572,0.076334787134876944,0.19413306016728551
1,0.03197220214080828,0.88326706466733518,3.3749902894929815,0.060166507310930248,0.54359857823189872
1,0.069976708354589537,2.5119195768340883,6.3093672173294371,0.20648275542226413,0.06917243719097467
1,0.27828932520875649,0.91473707966598961,3.0333651883608419,-0.0068607537801850596,0.099008191058916423
1,0.14974874371859295,6.9969849246231162,0.82855181756614826,-0.15577889447236182,0.068586613042229239
1,0.6476919169471077,1.0980034446631532,8.4941701842586976,0.10462569052003301,0.61800069611279196
1,0.56437800480769229,1.2907708834134615,3.3859145247976379,0.138671875,0.43502951973555798
1,0.77543254942362083,0.91370086078854507,6.0434401086983245,0.09634231996009085,0.85829642321755262
1,0.32383255182855569,1.0117877257900711,6.9600203510407797,0.14295022017957718,0.43724855264449025
1,0.70723699999040057,0.93925489330248713,3.9787092186231763,-0.022721818513434383,0.80058255403955236
1,0.20090949926346083,1.2626344266554517,7.9639029052451047,0.17012018029245779,0.41615433184734713
1,0.10222297069720444,1.3647844392051196,8.5713025170632697,0.076625126305153252,0.33186756433177367
1,0.016075016744809108,0.71098057602143339,-0.3160815469734789,-0.23040857334226386,0.23269090545966342
1,0.41810306265469838,3.0469127426713984,6.100448988408016,0.32156010497122239,0.4093276419571385
1,0.2084404134721092,1.0975964078182778,6.6860719110810534,0.14466705215516629,0.59309218977128975
1,0.53755240062980414,0.93478405293543188,6.3181840226435497,0.11692565255808084,0.8089107468382768
1,0.064188207958176008,4.4887089747313391,1.0888985964804707,-0.35782747603833864,0.050567386785509191
1,0.21351925173581227,2.1401930337981296,2.9884054981675301,0.10477993917484364,0.095771408127120927
1,0.24211901550910317,1.6314480782198244,3.6130777406976544,0.035569790964261626,0.49742967115290232
1,0.76536862830890395,1.4318940056880334,3.4062844207107124,0.27813935681470137,0.35802068313550983
1,0.24621993951903234,1.2361247779964479,3.3165831292722472,-0.026088417414678634,0.28698532891623285
1,0.23482227115445112,0.95795281535073917,1.5912739418064292,-0.0036174897766593269,0.10869094075785499
1,0.23086396945624729,0.73906182646714702,3.2783138606168132,0.1538887862553113,0.32837219959797109
1,0.18092651667240572,2.1394209216655726,5.7361786716316052,0.13149944450580509,0.20858915267774242
1,0.025814021707245526,0.73846406570841894,0.61139467868768627,-0.0038134350249339984,0.085007531508399056
1,0.30742251514003743,1.2759039884371592,6.6496022348658794,0.083282173991803529,0.57871876005774803
1,0.34150049783375047,1.7262309246603791,8.2195388945382923,0.16669123660499613,0.51348239537391105
1,0.11119766173328119,2.1774428857555117,7.8195776425515175,0.17899579723955733,0.33698542929587938
1,0.86353249527836973,0.97903761336042427,4.8144987482685728,0.074912863207625094,0.84224996619642134
1,0.2059729590963546,1.2839722745165154,2.6438316287755588,0.15984939243539278,0.20367223166383419
1,0.094611883638499122,0.84655194110614729,2.0640740645487141,-0.066737976887099135,0.90031031086831304
1,0.6312252218236738,0.50506890692845008,2.8321539595771719,0.058410420993014911,0.13740258283962845
1,0.31675632517898983,2.0416036766534469,6.1484618856406907,0.22073991178125943,0.19074171501336906
1,0.35730123709354111,2.5793093009068349,7.4681050831759874,0.16783832008476635,0.22558382466285082
1,0.37608437005463724,1.4680825565143063,4.9435121022399562,0.10738006953829804,0.27340545198043664
1,0.45673541543901003,1.5477607542722451,4.4305429518268324,0.13190335886859164,0.37293026974548366
1,0.60131918270184492,1.1860325115304504,10.562302054015568,0.13972922039277921,0.40288958154387688
1,0.22424654089504611,2.0410243199574531,7.9185715192501478,0.17921791132782805,0.23338532644367091
1,0.77813229323188082,3.5440780289224931,6.9647734052044603,0.35375171840531983,0.45686104795311722
1,0.25058535547041294,4.5386999787143472,4.8681880829451627,0.19164183340428553,0.070722377735113515
1,0.22682701202590194,1.3653253160653718,3.970914361300756,-0.0078939253777366644,0.41510925413584771
1,0.65259288126786186,1.3216406858924394,5.8727823573336648,0.17802026500389712,0.5089094838898014
1,0.28762347472399769,2.1464241719930275,0.79253992443798016,0.24811156304474141,0.21792118886972264
1,0.7741239892183287,1.1072255166217431,0.13976194237515863,-0.27295597484276723,0.84693714291612687
1,0.42593128739625558,0.74379945956379079,4.053609369490017,0.0026056745801968733,0.52885270362321191
1,0.30579093522142292,4.8167930625700324,6.4837279539506616,0.29436009029052113,0.035066869894236026
1,0.32997449772967591,3.0423586490016792,4.2311746747493224,0.1418797039248616,0.1229827717806128
1,0.14858637990452328,0.83072653047677525,5.2598727521521882,0.051632674510584863,0.38264677146262482
1,0.40758158634104169,1.235132915496002,5.0511180310751786,0.1879057704776313,0.47716169491999938
1,0.047202797202797207,2.2986596736596736,2.2779849761258131,-0.10236985236985238,0.39929015084294589
1,0.29493932837926817,0.7458729188223121,-0.20089294237939007,-0.25773680744991068,0.57554977536060525
1,0.53548546516758733,1.5504843473298386,5.4063867100167808,0.17725376681904559,0.29664862526615055
1,0.14609969991291372,1.0998087707523256,5.8262065757399082,0.032210826432069933,0.11604611533119782
1,0.47348784829912599,1.1883565651955104,6.9530584181594683,0.12563281303845189,0.57377255033276131
1,0.4947332409024614,1.5019068368835191,6.9570767305648422,0.17320705115508581,0.39083286806183937
1,0.31797399268454252,4.2237694766855789,6.1809934021512882,0.23474266294173554,0.055874050056766454
1,0.19236920265021704,1.5657365979482134,6.9541100991548292,0.11988911282617058,0.27813551381939527
1,0.10245165601637221,0.53940086872990023,3.9461345350569141,0.10061395815060768,0.52149169078291502
1,0.16003030627455178,1.2758715112783812,5.0526469806522156,0.08306225139384156,0.31892154442222942
1,0.010795454545454546,2.3227272727272728,0.15700374880966469,-0.29999999999999999,0.45034246575342463
1,0.38294273979222032,1.834177530804542,3.1183038259421716,0.030925344286059434,0.94943651855467526
1,0.55582612299880829,0.82576464086489476,3.8952226667497998,0.13923285494706664,0.79306901185316092
1,0.49258141193440041,2.2183194802215112,7.5164474486262449,0.22483195363773545,0.24759149777014641
1,0.24779843525047079,1.0369112223540724,10.290077880764537,0.082270106019691064,0.65729399436433622
1,0.65110915879639797,0.83397073358225349,6.2292996471651811,0.054030309685921374,0.77318694217400485
1,0.38357329101008952,0.64816866946302387,5.4362210617116657,0.094018062955825113,0.9235570059444731
1,0.6644452671849933,1.6939405158583241,0.90219180749465333,-0.07552758237689744,0.08385545679731897
1,0.66321974044621113,2.252696785091282,8.7780396892738768,0.10230744364899157,0.73020374951828326
1,0.36411214953271021,1.795166889185581,3.4120713782140335,0.22958611481975968,0.1621026640289161
1,0.13016796438516523,3.9973750022170589,4.8144744141119329,0.24469236090172219,0.060769558426806758
1,0.34643252679593789,0.85070298274923506,5.1274519370196412,0.11551817994105831,0.74388508258034625
1,0.17729352446459912,0.91220541538586408,5.5028080293630364,0.15415284414280062,0.42589276777472557
1,0.18850877192982457,2.602719298245614,3.062034862808054,0.24868421052631579,0.047032455933402988
1,0.50091807528217314,1.9233879678133607,3.5515408231464596,0.13190581627693471,0.39171284873457041
1,0.068329718004338388,0.68275488069414325,1.1375124376256662,0.1822125813449024,0.12629070691024621
1,0.15829655254682096,1.2615412143624001,1.7649020150581722,0.0085888106882977457,0.25691456668715429
1,0.044012131074783634,1.1993675567719506,3.280648023260802,0.088763961831496402,0.66638913301571145
1,0.11500157066888056,1.2275725312450918,7.704691140514762,0.12053930037920435,0.59603065113790221
1,0.46026714964908311,1.0386102935627499,2.8517464230256095,0.073126556486302924,0.41540040508260595
1,0.44733556585883572,1.0373464472211935,7.5886739957134086,0.15268698867394542,0.51059856616903332
1,0.20622743682310471,0.7554095216606499,5.2193986103376799,-0.030257220216606498,0.95181415631837163
1,0.71114336757481023,0.99919048682447531,4.2074053545061147,0.061383430102724429,0.86389160497276152
1,0.16302822392016217,4.8776898487447369,2.322191622632964,-0.29900202713238733,0.088057703450618405
1,0.68052994706477121,0.99573246892285727,5.5334566801460152,-3.965185669818989e-05,0.93790786231613532
1,0.11888883823165737,1.1666976483071043,7.0716947490342488,0.11500527065468025,0.69435065286430508
1,0.025265643447461628,4.6660724911452176,0.75424227991975612,0.16174734356552539,0.085573384946583939
1,0.21462225937951637,0.91901438116902889,4.888422461360487,0.067064595363547405,0.40964086806222394
1,0.27079454831568556,1.0383504920918571,6.2832998579128096,0.085749339876776992,0.54918364922442653
1,0.0091934709049983545,0.91506252923764986,5.7191931183556335,0.018652309538344066,0.75905607436597344
1,0.37468059870659715,1.5275312003971986,6.4877388115039931,0.19405807022690968,0.36285512019452731
1,0.35053879779382047,1.3699371765295991,6.5585027208590425,0.18505875061921848,0.21809109395047083
1,0.11827054072605514,1.1070781490088955,6.3426512079355239,0.06026940484942666,0.24313519374257928
1,0.29968790078530227,1.535193293025783,6.1679692185803718,0.15331400087185612,0.36946568969384208
1,0.2040748409998521,1.0004622097322882,4.5529080013252807,0.17580609377311049,0.32502356180585074
1,0.12049285642104048,2.0350622446573539,6.6121378043443197,0.21898474079563446,0.18758619711199401
1,0.35245085842249319,1.7681372853943769,7.7042259017739836,0.16820104503607863,0.32060285861793886
1,0.22079752007890657,2.9081301958574044,2.0484667373804055,-0.032548964351134281,0.051116817675274963
1,0.14398090860880325,2.1162055859996465,1.7614720682895983,-0.039508573448824469,0.16698165415418029
1,0.22157942035497641,1.9926421028982251,3.494596645920705,0.1668164457425298,0.27818022944442883
1,0.31152715629135058,1.2150792668760921,5.1944834628028236,0.12819567479116373,0.24585585843025293
1,0.058213517822404894,0.88633006187014574,4.7172033896638679,0.043945355351109425,0.78880316844754317
1,0.16441896683124027,1.5032762848338248,4.7970542096468236,0.23196593657841547,0.13291489754476649
1,0.45024111415219048,1.3967631123275428,5.0399545854567114,0.13569420395092069,0.26410064150629009
1,0.56526861451460886,1.2175037027063418,6.0771008123980765,0.17821798842062744,0.54624325400336193
1,0.054159135807658354,0.99094720692698912,4.7752251481265011,0.10115169601950316,0.70862945249864773
1,0.076073396094149134,1.4284831658699451,5.557835276296295,0.14287524802667798,0.41980747583744127
1,0.11462610231491363,2.6445868856438524,6.5314066422919526,0.1346383235187022,0.16251957487989985
1,0.3877231732008099,0.81440861402540043,3.2891105915506516,-0.2136020614761642,0.96255504915381485
1,0.31282803007871096,0.95908999209311263,5.5826576113086164,0.047883850101032452,0.35880059405419934
1,0.53687206489255723,1.0071343034011668,8.6162599428254332,0.066714102746549028,0.83197060195322614
1,0.39618345551448814,1.1842109998774784,8.5191075578469668,0.17003379551162934,0.70627088335487431
1,0.23664254280158489,0.96375352720148544,7.3274434251007214,0.087455297746977204,0.48023835728865555
1,0.19893959955648977,1.8245771990359216,6.1867557992756215,0.21447530084635108,0.090941019113903135
1,0.4950671453684965,0.91719766387599755,6.8750109884558688,0.11587263662069,0.65691262246466442
1,0.046667222911734335,3.3117770986952575,6.373193501739558,0.31713269573742453,0.088170178861327761
1,0.2537146687520947,2.2815560272595237,2.2105794471980214,0.21550664730197744,0.11325905602371694
1,0.17529799689660036,5.871378999741383,6.1676296920280205,0.25004408238115389,0.054063188801400396
1,0.18333049100013951,0.89418905133253757,4.708529700978751,-0.010619990387745927,0.94869471729774735
1,0.30307382935937949,1.0910899166906063,0.48427628853245419,-0.026429187015225512,0.32068801005980907
1,0.20292305834037927,2.3965434633812452,5.0503366609478082,0.32244635020332568,0.11578727196820723
1,0.14247992476307603,0.63076032699124651,4.0606843607294651,0.11690660493380597,0.51800665213900665
1,0.19582123785972835,1.4220169300792029,4.524859942530048,-0.008672902555280795,0.98969371311318266
1,0.058306036499766033,2.7153392606457656,3.6080760405103298,0.08606457650912494,0.12771340139383872
1,0.52903826138112042,1.4395427470811839,6.1143876831186414,0.12122703412073492,0.48813277230750168
1,0.40805324825347933,0.99757962484185048,3.7767300621839626,0.05863908905880412,0.59470636889991735
1,0.32963113631182323,0.81891115302321404,7.532806150308768,0.12272885088796257,0.80503715700633982
1,0.17270908363345339,1.1933973589435776,4.2257967113840058,0.10612244897959185,0.62683164000938874
1,0.47637134528751873,1.5882283661631775,4.1262307510844227,0.19753849777699259,0.42303628038041557
1,0.6158787679130292,1.1784819634327131,9.0625361772077877,0.036402569593147749,0.56790133482917426
1,0.074733369139875702,1.2913757385099365,2.0806907610802678,0.11432517455689405,0.036303140132497545
1,0.29659607495287726,1.5127378312451492,7.4221943663179628,0.15860960195143586,0.46681972010973083
1,0.67478951737222814,0.7625029645440532,1.3709268839887689,-0.003794616387999526,0.56722424592650678
1,0.63554410817772056,0.89788964906632329,5.4193263044931985,0.015594816484224084,0.82599151028548456
1,0.70967656321879746,1.0132540252662869,2.5592407868407037,-0.075790013800912978,0.4001949391841817
1,0.22426138780768051,0.95106681801374848,7.360943950897715,0.1114150422035711,0.53902118994132275
1,0.22693127198850402,1.395948540706605,5.496840302679999,0.15211832912145087,0.38888048307451073
1,0.16198577264299382,1.0460985573194064,5.4441607792390636,-0.013207951364009072,0.95258000784461838
1,0.17984924175566153,1.198313483227943,7.0197491452430203,0.1543774137917075,0.63806016790256925
1,0.35389687235841083,1.3732693314011994,9.2716519107523094,0.13842611600853358,0.42599175228843361
1,0.48965935373767777,2.6025438064656177,5.7847908697496662,0.25022268130749481,0.18759279804485077
1,0.20653967860023578,2.4382546379599184,4.8572198994361475,0.23106037103679347,0.089079798001646407
1,0.084244514566669107,2.4025097233433628,3.258673294742267,0.167791883760182,0.061822291456672479
1,0.32515462516142185,0.85205151906477261,3.0841093841714038,-0.15183851016108205,0.92316400603243365
1,0.2432902104653408,1.0862643367445453,2.8099447171168617,-0.088240973160841854,0.99408737979186113
1,0.38970629754212749,4.5860446966580364,5.4173174390922716,0.32708177044261066,0.070205346308094038
1,0.36317183072420678,2.20518418729967,3.7118877221628561,0.14498072188414549,0.21861768237450233
1,0.12738683676190088,0.89933753102118663,4.854153009300596,0.15288061201468509,0.62649091199343199
1,0.65768183314545658,1.0517355326556468,2.9220857333856922,0.097393334197899112,0.48337686573800176
1,0.80319148936170226,1.6589095744680851,1.4014292487041606,0.30651595744680854,0.22939211756847031
1,0.050950118764845599,1.4730601741884404,3.740831281620947,-0.030522565320665083,0.44889074026794235
1,0.15328019943697085,1.1610591523928739,5.8433704888632549,0.10438486687476563,0.30411440369677378
1,0.11258644536652834,1.1783540802213002,3.2756719508676118,-0.11666666666666667,0.7005105933446798
1,0.58909399179697264,0.9709108594557776,5.7671421762589619,0.16348721768404134,0.11833360881925055
1,0.25093356231403641,2.8702797691555011,4.6231083311191048,0.22409489386345027,0.14367412251713221
1,0.15416420555227409,3.3524315810198861,1.9781007140181601,-0.044004725339633788,0.030745286897280785
1,0.20881261901878984,3.3345239798782567,5.3481450875073104,0.18384756788886814,0.12705182524762199
1,0.36780463493645654,2.3909793172190379,7.642524134232902,0.21789897120074048,0.22711233529367975
1,0.19319286871961103,8.5481322528363055,0.8033459728580209,0.21977309562398706,0.025217106010590122
1,0.31909112277541496,2.6696997622098282,9.0929955527889348,0.17680196766696687,0.20257819664567533
1,0.17426573040683158,1.7400620111192353,4.4941380615652307,0.10785382206464608,0.25222014657278341
1,0.26797026502908855,1.8819570135746606,4.090102242963968,-0.3267614738202973,0.76831064226249512
1,0.091677551043486613,3.003256831713399,6.3447728301985817,0.2113039200719217,0.13912940339224292
1,0.43793064241046048,1.3227724085654728,4.7765656026484926,0.13008906575705892,0.1553922699265215
1,0.38354897866160675,1.3036526495436571,8.2994224307781614,0.14845988318475253,0.29321173252164784
1,0.028770308676687388,1.329428013435263,4.6166441080617187,0.052054045017250028,0.4906384612103894
1,0.38729723186183523,1.1364700185618595,3.3925601882664917,0.095432168509401991,0.62899446101406042
1,0.94402356902356899,0.68008207070707072,-1.0876723486297752,-0.0016835016835016836,0.76552951187437146
1,0.42414803957493585,1.4032154635397582,9.0253352175530264,0.17515573470135581,0.52384557153671463
1,0.15370356067042559,1.5772765891712366,3.696177756595048,0.13269483277979455,0.14631996474217718
1,0.015031364658539473,0.45171026156941652,2.6983365089145712,0.05681145697715706,0.2544215904624656
1,0.27505856076700985,1.2113430843819795,4.8548699781119939,0.11078879991283978,0.40630041654252841
1,0.36677504257625021,4.805884553852505,2.1581371886281726,-0.012592248542085979,0.05329474663384292
1,0.09819763828464885,0.79987569919204471,0.88665592674446436,-0.02175264139216905,0.30303030303030304
1,0.12233096085409252,1.8669928825622775,0.85271175023128376,0.10898576512455514,0.21825113176078151
1,0.15380541300737594,0.96698297401217848,5.766954437478149,0.11622854920031719,0.90795025852062072
1,0.42411543751558395,7.2821467447403485,6.5281231086561231,0.56432097077331012,0.075392960841544135
1,0.30319483882070419,1.2052728431855693,7.6191926692012713,0.10660185858775491,0.32796453485872273
1,0.38738033292076085,4.6512162469372811,5.1706146683182084,0.27209578418247493,0.054481174343016338
1,0.16779541281273261,0.98392903179740454,8.4643118999864306,0.13525555073923498,0.39637327431947517
1,0.29952623014558705,1.3032631078726438,4.8741815402927591,0.13230995204700258,0.2381039197812215
1,0.34732431132788344,1.3683527588865225,5.6941663879372379,0.1534122567989436,0.39173992592262036
1,0.17338543809132043,0.88690209790209784,1.8023696483400706,0.11620732208967502,0.58771321313937674
1,0.17304842270816317,1.2278774612104164,4.2941921917856982,0.14345340713183921,0.48715047332258754
1,0.19601795060032684,0.84278497762095339,5.1910049471649646,0.10591564638738249,0.46199899018725438
1,0.006492052831878219,2.6134989926124921,2.9519893506060719,0.20102977389747037,0.06462803546190414
1,0.042472478429038972,1.1234937518595658,2.6759401471839763,0.12778934840821182,0.32434579671284569
1,0.36698499317871758,1.2393148201335535,4.5906046213087759,0.17440942055001077,0.24697366372271046
1,0.033609100310237852,0.4783914167528438,0.84242888327569976,0.19493278179937953,0.1167303820001751
1,0.11456587328193094,0.56798944016091191,4.1342541406173323,0.0013199798860207845,0.62296654247666827
1,0.22091418714963346,1.0465502371711946,4.5965834250507687,0.085877533419577406,0.74554481962957619
1,0.077717658632562719,1.0308386620757501,1.8372107321319724,0.22429906542056077,0.58500879183278098
1,0.22735708982925021,1.2668661841128435,2.1034021791246795,0.11859688195991092,0.36859743256359073
1,0.29936955312442054,0.99510476543667725,7.1376758145753705,0.11320229927684035,0.40882495434725902
1,0.14052309629829532,0.99704408986641491,4.5712100119044949,0.14269329375253001,0.20567474867943042
1,0.3081240895602913,1.1025179390342594,7.1679965222032269,0.14420285945508496,0.42765585018377633
1,0.3769616026711185,0.81690317195325546,1.1917990033942272,0.10684474123539232,0.60736729167731052
1,0.1732084744637046,0.71965697017998276,4.1585080130295884,0.078966593610945074,0.78664620992767087
1,0.54954121366335107,1.2730048577376822,5.6327518140008186,0.11525175418305189,0.5322055046760672
1,0.089601587039180031,1.5590042431255855,1.9322457868612555,-0.10756598886868353,0.21649803384438654
1,0.20671918744709941,1.447906683377824,7.9681809862650059,0.12676606549905592,0.49230163210379529
1,0.37311728054646298,1.5284588105755696,6.3405920808658562,0.15120454787626814,0.36014774589662674
1,0.17760833178352242,1.1645550492839873,2.8627721462977607,0.080621164217965405,0.33416842168301908
1,0.12435932020501754,1.1960615052603183,2.2664396463576924,0.058537901267871596,0.59362172402904967
1,0.2688471539468939,1.8321371970315259,5.5551277753327302,0.11719209672215158,0.11292884257907368
1,0.11904881453289282,2.1577886343780439,5.3707310470570819,0.16003052791195108,0.17397111573137372
1,0.20695870746425737,1.1126549567344961,7.9058777633881352,0.041172987240264164,0.76245140949763923
1,0.5547705964230375,0.61554219082385697,3.0105223590266261,-0.079575596816976124,0.28718320675825582
1,0.53934733072916674,1.056640625,3.0240281427088385,0.055094401041666671,0.69446110777844428
1,0.86574043298101,0.70098105431097513,2.2558079014351167,0.042278800771122782,0.9432085287445312
1,0.26541216121331268,1.0460872770678276,3.2739320306162791,0.1172588119646117,0.77323869213924334
1,0.03276289124071155,0.88869141441760224,5.1269832264101911,0.078569820182069677,0.64486412625444545
1,0.35220330573386671,1.9792335333519395,5.3700006157212048,0.20706577356033118,0.17288857748733216
1,0.34442836468885674,1.2634255909310179,9.483340185641822,0.08128316449589966,0.71667552609361806
1,0.046901893287435457,1.3568724899598392,2.8189950950539369,-0.047905909351692484,0.73529761530383086
1,0.4013707692140851,1.3544788582707052,6.272086127846304,0.1273579074080099,0.18640352896386927
1,0.30183077684314696,0.96401843146956945,2.1242953973134617,0.167367639782286,0.33619376052610478
1,0.1419514458017628,1.6489098500077315,3.0340391077085775,0.063940003092624098,0.34463356308904208
1,0.15319488817891375,2.1166134185303513,2.1695107387687034,0.088178913738019185,0.20437735849056604
1,0.444307645470785,0.8205886434964027,6.8527139167238937,0.031596832034240539,0.88484484757553017
1,0.5857956294244383,1.2111108417974761,10.513579157958748,0.099299784549092024,0.50592510167317684
1,0.25050951086956524,1.5593898607336956,2.7295507325482125,0.29390285326086957,0.52381438597207763
1,0.50601361076707974,0.92000262636822205,6.4071093327046578,0.084718399254317414,0.67584562012142246
1,0.41137897782063643,1.3672475168756026,8.9146261278271375,0.19864995178399228,0.45675250765572678
1,0.14597465338671786,2.3706114953178252,3.4799777544646373,0.39015916084841668,0.28543212978375193
1,0.56132890824863446,1.1036852658507919,5.7957415913697643,0.20537924358708429,0.66628243519226182
1,0.23290420621039651,0.92479642744502111,3.7603392801646751,0.063021475470940724,0.77032007533920077
1,0.064453252607966555,1.0778929508678703,9.0293219657126205,0.079758041683907932,0.80207322720456709
1,0.22985391140433556,1.1549982327992461,3.3520071374713836,0.18331762488218664,0.23358706600874676
1,0.2679114430514804,1.3960554429634846,6.8532695256951097,0.052517097342796561,0.46254561297944363
1,0.62225165562913909,1.0695188079470197,1.8783957758876018,0.10066225165562914,0.49177280566974041
1,0.33759096984999259,1.7673028367740975,2.1359400155850987,-0.10901529778701917,0.64247746706725217
1,0.049821700087956743,2.00424527658646,3.8238036263704567,0.018634556773010232,0.17632611775957077
1,0.26510411677765711,1.6856502274267433,6.9575696803462881,0.15445055471356584,0.34732279063345151
1,0.27100759713774358,0.87028617470360303,6.0420483398587619,0.10262418790095534,0.64352238243920801
1,0.44819138101715678,1.359544480133323,5.5507944520143937,0.23747427195874968,0.29698001519159745
1,0.5755997474747474,0.95048516414141415,1.4763635582087582,0.09075126262626261,0.43289295704579367
1,0.081443265779180013,2.2227868502808943,5.6110931906353585,0.14405292725721552,0.19258986348652724
1,0.076647564469914053,10.319723018147087,1.3064391358704261,-0.0097898758357211086,0.020338277146625325
1,0.27457767722473603,1.3741892911010556,6.6062893102795224,0.31118401206636503,0.32770727290188928
1,0.41384750641311285,0.75063560271217478,4.0722863931028854,0.083569183336745637,0.84352778578119714
1,0.18149647827418425,1.3794361836061109,6.012217702900938,0.11517914866106367,0.2341500114084151
1,0.22637875932147836,0.61728161107924284,3.7627338226844165,0.038801933950667868,0.6903246683205696
1,0.19751505866056623,1.6903162843410917,5.2718604484856764,0.21212248410183221,0.30185563426187478
1,0.23202898550724635,3.2843115942028986,2.7014954321315359,0.12101449275362318,0.17615585733670169
1,0.17222100416575312,1.0991741577139515,9.4780748066182667,0.086749981729152964,0.62632645351832139
1,0.40598715743591485,1.5354943546007251,8.2166211997519021,0.14377621854035136,0.3953115687324088
1,0.6034133854870718,0.89856711438350256,7.4038590663464712,0.09376628605942075,0.48228682413703478
1,0.52701620972583552,0.6545427256353813,2.4025209216066452,0.16349809885931557,0.33386837881219905
1,0.52695652173913043,1.3822851304347825,2.0219448353313108,0.16573913043478261,0.1691276304347703
1,0.076654781343374764,1.0745498572650427,5.0023477134408143,0.14110211381030136,0.55831959354341865
1,0.19564278930555157,0.79895026908797884,4.9938281757798748,0.18118110916050306,0.50203296876477443
1,0.024930747922437671,5.859367036011081,1.3947584395320201,0.15096952908587258,0.11511742331749503
1,0.27018291278744616,1.1406779451919598,5.088860967346764,-0.054725795308747577,0.670309010384465
1,0.18793768372603131,3.7465298910454061,5.5029873270057532,0.24221720799359936,0.048917814403146603
1,0.56458598726114662,2.4789171974522293,0.27838902554018824,0.049681528662420385,0.0097638685474960799
1,0.16706937884218273,1.1639475682988774,6.453955652882053,0.055576653770382851,0.58871565119286928
1,0.1135312546620916,1.5085036550798148,2.3306865231049203,0.19871699239146651,0.34999752756762104
1,0.40562298209339925,1.2270819292147701,7.5288525987926018,0.12428175765701117,0.49213550184811788
1,0.2247556422792788,1.1697771599777373,10.47747497206306,0.06835427097879819,0.67134825509877871
1,0.650198908317143,0.80519196965491724,7.7819732344343846,0.060412619113701535,0.74201569056406069
1,0.40984694546407968,4.0886106286051387,4.8649387769155554,0.32157020188778185,0.072349722724191615
1,0.22976651619593727,0.83947225950100657,5.6065150473587,0.019932288171780638,0.86776551950498459
1,0.56243002843275125,2.5496880026629873,8.7200048842161273,0.15038533281621433,0.18300126680601536
1,0.42132488141316876,0.91167695730874077,5.5677145343796814,0.12835280566068785,0.68609232024861488
1,0.27715410207991809,1.0751143021172695,5.7671797197859931,0.086924944491710066,0.53508757820919051
1,0.27145368952413362,1.0135131302818898,3.2589807623645055,0.094492654982700916,0.71334834981882278
1,0.82547833845543772,0.78405868940220091,3.1834558796369405,0.12550807970655298,0.76291631894393441
1,0.01461266937412229,1.008672714161005,3.0894502774277428,0.090921167495350522,0.89868487892984139
1,0.143698468786808,1.6048268551236748,2.4489339893291828,-0.29299175500588931,0.61541374739632648
1,0.08881291245925102,0.77427049375844792,3.2376975791087887,0.023535024250616203,0.63431916204559458
1,0.067867867867867873,0.55123663663663669,3.3600628383036004,0.019919919919919919,0.37099222169318452
1,0.17817072589485725,0.65899623468852775,4.6204823540896971,0.10394166150326485,0.59552739686397038
1,0.33543049211410841,1.2794449711281566,4.7069864281223959,0.16183745583038869,0.20573376264701523
1,0.21330394805441016,1.6221779863184671,5.0276366157761654,0.20012006888162157,0.62935459051997
1,0.21157286504493017,0.88072679977791957,3.8826765806329151,0.050235446525878559,0.88534780895679199
1,0.098593472620510714,1.181739041376485,3.0128351814536534,0.095862351495288808,0.64965116782944066
1,0.39030190036960716,1.810847261745113,7.647934412296622,0.14934819030589808,0.3684510030864197
1,0.16520623822387687,0.71722842841252188,4.5123419236768969,0.050782048080633808,0.74887452435174318
1,0.38817132350046951,0.79114044163541186,5.5813247797860068,0.06116206231479035,0.77190744204021977
1,0.64442361229475598,1.3558036475200275,3.6412373806360954,0.17641043122549857,0.4466444570159448
1,0.073778174514617267,3.5853046195045746,2.4306264428749298,-0.12403481365766569,0.045676754395530782
1,0.57642593352482563,1.2168248615100534,7.0836394938120861,0.11592121460812475,0.53045081258476012
1,0.45515361744301286,1.0851916088536504,2.7012940966052019,0.067310868847043265,0.87055055055055053
1,0.31340526878584624,1.3310731991834353,3.5136625990499133,0.13935063672596479,0.28383633674754888
1,0.67577021862180897,2.4330171980622199,5.4272161702833843,0.030568885916427539,0.12464790921573696
1,0.66929047141540554,1.0529480127287378,5.9926638276834643,0.037734099221553068,0.42652877925610161
1,0.071761234357224118,5.0244018415813416,4.3220908380628833,0.40255261660978386,0.027641691085616541
1,0.74130222587691774,0.62247639007457256,5.6862259230424534,0.040512717503201345,0.63063156750317884
1,0.56788536914476639,1.0017268521493286,2.7493200953004271,0.092591402685857485,0.089352865241061896
1,0.35372490884866448,1.1663615781246031,6.2224691194740203,0.14337141023065503,0.50688416726904317
1,0.65365025466893045,1.2446875513445426,3.0716742771291483,0.14995344761487486,0.24886972400365209
1,0.030071928187426194,0.96679824597623309,7.8861084690785948,0.024978047175862078,0.94789838205670285
1,0.32405563273025484,0.82310164186848322,4.9145281301177324,0.064670538419053028,0.43777386919346478
1,0.83742680203901088,1.3044824535535242,3.3114914685776622,0.27514007667354762,0.80943230688907186
1,0.1687573958704274,1.3688628297268204,8.02828723348388,0.11700822789947696,0.42045964726259172
1,0.26001937107062417,0.84807822359258855,5.6567118312631886,0.091038300847627623,0.35237521635303748
1,0.72532060841037871,0.64331613480465266,0.55847227723334369,0.14017297942141363,0.063976590131193736
1,0.43633577684658809,1.8993131892795108,8.3353930986362883,0.1835736925726951,0.32935607878627671
1,0.042029847384922887,0.90213760517138852,5.9585797197722057,0.016755284521375612,0.86066324922346904
1,0.15051836049793826,0.84266295511011091,5.9003137052522696,0.097402344004058422,0.70620888094422163
1,0.18054954044559934,1.3476739886384073,5.8180214598002742,0.099306299529681716,0.30417642142235962
1,0.072050572032354432,1.6172689098593602,4.9184688342885989,0.15178896742694747,0.30429695255286882
1,0.4822182037371911,2.1521009246534057,7.482681828154651,0.094635322483423753,0.99120121241575809
1,0.15202108963093147,0.61308435852372578,0.14323416808590775,-0.2724077328646749,0.91157964138800895
1,0.19338962701302823,0.90221619154404109,4.9588787345232213,-0.13140373681547116,0.86042259523514941
1,0.030385444996717623,2.5645327300009377,3.6564853863029323,0.07511957235299635,0.26527107410740935
1,0.33549171784133391,2.6242249258624737,6.9951872341830175,0.20309396054032497,0.1897240873569509
1,0.56898023074348059,1.7197320094107886,5.591695684544697,0.18201577580069495,0.25981631254283755
1,0.54053330955141354,0.73098189601355579,3.0240281427088385,0.12271470614465353,0.84902092356493619
1,0.025775539467701884,1.2650867345154406,4.4179365848331162,0.082083027314377638,0.24164682546538993
1,0.077864476386036954,5.6607597535934291,1.4487995664712878,-0.10595482546201232,0.040351278116940351
1,0.7608700101771001,1.2809356517342745,8.0275933647662061,0.1006152893678951,0.47067274310202967
1,0.51386359036632256,1.1906255059704514,8.4912598093897333,0.11819469742967011,0.62446014024638596
1,0.079442782165105225,1.3656692990631283,4.4536726501263271,0.11941923774954628,0.24036434295073253
1,0.75187969924812026,1.5170135834870193,8.8948073713686249,0.15030500780252518,0.44228096624293683
1,0.80893924022094466,0.916787848044189,4.0283828065443412,0.13917258482696426,0.55279684488477254
1,0.47729693288676345,1.0541347985714209,7.9095812989625545,0.015673687367736992,0.72639191771231049
1,0.37320091554486562,0.68701943593125647,5.0393393622246112,0.084711176630329357,0.78196201995561654
1,0.24686716791979949,5.7269513068385249,1.8399145111151021,0.15359828141783027,0.069457577581019503
1,0.26094192197436938,1.0680884040544432,5.5267071323821995,0.085029923693438716,0.50148641678313299
1,0.83841145577214349,0.89828265045863742,4.5444324327725409,0.096992466413580128,0.9540452944026272
1,0.25977942443563673,0.76723785111149412,3.8916978416335466,0.12026107185938309,0.53643848308100472
1,0.20065046028333611,1.0877230444848685,5.3313507081050302,-0.091670800948128559,0.95332207962847704
1,0.41198984029783237,1.5708097839323614,2.834976494674597,0.0735882537142062,0.150930377017614
1,0.38001128374273069,1.0617743685443972,7.9105051353825973,0.14631108410728236,0.5275203905269501
1,0.45210170362126534,3.7689624176012329,7.0877407759785438,0.21393716291413409,0.13131100902323098
1,0.41694301632874109,10.253563612353757,6.9203851848821589,0.7779751174022389,0.022770858961444852
1,0.22042131247717126,1.1588135807405944,6.997847322508675,0.08325327046017543,0.52924577204207268
1,0.54818296203093786,0.79642602324032274,1.9413282395502016,-0.091147953519354605,0.93726952769533634
1,0.28892516323455553,1.1529176214841788,10.000251220968437,0.084379708689100955,0.66939835977005213
1,0.43196785541606225,2.9263075409726738,3.7566315561647547,0.24520248753730473,0.46396075593817127
1,0.7590395883950265,1.1077248820923253,0.7040871205982796,0.097470344433328582,0.21352769557427403
1,0.7014565835327371,1.0743869341084651,4.1431347263915326,0.19762642727520915,0.66578974903215193
1,0.27800075321461232,1.150653682681444,4.679117430940174,0.12766987679560984,0.26885239769581804
1,0.35295217784526745,1.1001471762262591,7.3514765326336775,0.039079510054599656,0.69444599062642642
1,0.12198006420003379,1.3051204595370838,0.067658648473814864,-0.082784254096975846,0.12349501773978747
1,0.38300314756526571,1.8329739506928917,6.7838211138587434,0.18636007576944438,0.30999249409084478
1,0.18030059082848374,1.6498509848594749,8.002700184346768,0.14701585240465528,0.46020659753047322
1,0.067611019379508128,0.60525115147301656,3.2480462021679806,0.0062570609194403408,0.24753665847048476
1,0.11079198240039109,1.6370997311170865,2.5647954994721571,0.06966511855292104,0.36454581085873189
1,0.13659699817646231,0.80529852714265671,4.1710277869930579,-0.024070697152475801,0.39282538368233455
1,0.62593374214428898,0.97826912941046973,6.5948743658281526,0.21492421051294697,0.58318236674144219
1,0.72958104104951338,1.3180396212441809,9.0932446000999363,0.16112991959373676,0.5065485266855192
1,0.36274178743053903,1.784963016754026,8.2076379014751932,0.18458441107484316,0.31039291157879595
1,0.25084018591347873,5.2633089023954236,3.5870958669464525,0.3742223811226314,0.020772375050733708
1,0.067225487576810045,1.1325975153620091,3.3634262839751567,0.0008348917980229763,0.13772870011352076
1,0.26216348741695483,1.7387968315648987,8.2491696835965271,0.19822480625871003,0.32798980085513413
1,0.43672326511102422,1.2323785061704253,6.060286070582368,0.14001053752227,0.40372820519177499
1,0.082062531600150049,1.4570482605646435,4.875327085773991,0.071624288486944035,0.53425270887436194
1,0.1052694610778443,2.0701377245508978,4.2630178480916792,0.17954491017964072,0.13475917885645028
1,0.1770893371757925,0.92121757925072056,4.360611457918397,0.1766090297790586,0.58379280230451391
1,0.006313131313131313,2.904056818181818,1.4124493185967417,-0.41824494949494945,0.25021597704012977
1,0.23859942275558257,2.2645906121828956,5.1200157190809588,0.1964150083548534,0.087511235728947256
1,0.18665478239488567,0.97146238013277597,3.7855523413741969,0.1630194246373248,0.33477437217661632
1,0.27721453198544749,1.3557168634570198,6.0513477176467525,0.11997379382031931,0.43633439101946753
1,0.31405269605556901,2.6908848385351565,6.5272047100563286,0.23421574663109654,0.17591228477636156
1,0.34640969945069866,1.4225090854027862,5.7458644750355683,0.091031558720942388,0.37371723165215703
1,0.21436412241014891,1.0366082152035503,5.150182720710931,0.077369447397987956,0.36517079941716363
1,0.74628874470179396,1.7080713525240554,4.106882301920062,0.13683935638094857,0.44847964529957252
1,0.26668555361336027,1.4230605140011625,7.1608645400310689,0.12817891388112199,0.36589185105914196
1,0.32058547611079719,0.95675585229236504,5.4403246124286024,0.13278545526363433,0.62643459014372427
1,0.24539089200612171,1.1833969026794282,4.7420671586889132,0.14722184776661459,0.37096698539906325
1,0.10580462482302973,2.0484662576687112,2.9530335190208756,0.16852288815479,0.15359273849839888
1,0.14010651372388366,1.6533183121671444,1.4949245256453396,-0.27693568209750108,0.55033141299634514
1,0.23765957854039466,0.97746521331368308,4.3076667077052875,0.082071697896529947,0.83501690094650194
1,0.30123282996331369,2.1156151352273698,3.8904928868777828,0.21034894633563689,0.060359819938803398
1,0.21381599627818082,0.71674724321333827,4.8828852524476751,0.14611912336070212,0.55721017742292711
1,0.46838579035524114,0.99985250368740786,6.2368411032900806,0.14901877453063675,0.83044841803811387
1,0.077343300747556062,0.62672512938470393,1.3339478807476814,-0.11874640598044853,0.75880261497878199
1,0.13336579154338787,0.82550747163027594,3.8075731860716417,0.054454889329987641,0.67095018005500895
1,0.65434496896155536,1.4297398722092265,6.0356512745601112,0.20439084469205399,0.30789710265163889
1,0.19811822755417957,0.9880998452012385,3.9983658256501622,0.13895607585139319,0.62022516100486702
1,0.66250354811240419,4.8853959693443088,1.4457418197633107,0.13979562872551801,0.15338804560970296
1,0.2852073843203069,2.2366442579717094,3.5691382525013875,-0.052505394389834571,0.10933597134591466
1,0.55518713787516816,0.77928920559079551,6.5723650567721448,0.099108932641348818,0.82696500539564388
1,0.89420142421159721,4.4247365208545277,-3.1941832122778293,-0.34689725330620552,0.36118961282128859
1,0.010137457044673538,8.4270403780068737,1.6952485688472114,0.18238831615120277,0.0085329146734019253
1,0.21287444946263073,0.84038058522262449,5.2331599872906089,0.13683585301072498,0.66766682669227073
1,0.41052198844391918,1.5187266773773771,6.4986224530124002,0.12979204797753471,0.31349601602918031
1,0.078164067150851294,1.095447162077118,4.8330146705809449,0.091830660112598439,0.53506250521604615
1,0.07061435973353071,1.534381643227239,2.5155166792318386,-0.37246484085862325,0.42191088485701728
1,0.10518039661046563,1.4400497947060367,3.0815888173136741,0.032584956757228972,0.42015863627401917
1,0.19358327961784003,0.90947099804858234,6.2551471729243531,0.062290840698978375,0.70934042728777602
1,0.15415330631012161,0.97602063040716325,9.3694785933144793,0.003085486115312481,0.75592223057714081
1,0.082960736014571074,0.92816438536529167,5.6332920538303481,0.092045710147630827,0.66934469958177578
1,0.21823235761288859,1.5272435897435899,3.0014658054017516,0.03987973678239165,0.12082942547521101
1,0.61233676072385756,2.0110550642808707,6.9828952184743516,0.2274744790873823,0.17607154559491406
1,0.053993460999532936,6.5495002335357313,4.6048101211725347,0.53733769266697806,0.023716204266292409
1,0.023534269199009084,1.3418748279658683,4.5192854468309216,0.16480869804569226,0.621483195620541
1,0.20427495370274038,1.3250717867621049,6.446227626937433,0.097338687862835269,0.56823691292425405
1,0.7940991774673406,1.1201671487936531,5.9239348903143831,0.12541478362621264,0.75500615358458756
1,0.41660551320697814,4.9278498715534527,10.689371194636205,0.18706606432046752,0.11108250722108062
1,0.33963319863226604,1.8039425966221116,5.4865215865001469,0.14646668738990778,0.26740609482563032
1,0.36076425607212825,2.742395304501696,8.9193141808539718,0.18982620968591349,0.17517326741086706
1,0.072886832635675997,0.81368877138870521,3.8658115136234525,0.1182345597414996,0.88357898544172175
1,0.48238865270089182,1.5333421101078473,6.2374883379489185,0.17389573191877417,0.15577242968440788
1,0.29655690027207054,1.3288419410826533,7.5476071624838585,0.077117928511117359,0.9530967643231768
1,0.14700521167620856,2.5310004877923546,4.5058469646933057,0.19557906087135118,0.21619921894811583
1,0.36962279884239951,2.9195755873841174,8.630093213431687,0.24253200568990041,0.21411631239275128
1,0.087169250039142013,1.5251291686237671,3.9418730273970315,0.097307029904493511,0.34354789036033262
1,0.26613316191798975,2.0953143921929493,7.2799165877595673,0.19543007204163454,0.17503571910637789
1,0.56718942731277533,0.81790308370044063,4.1100210416071086,0.17300440528634362,0.76926059979317474
1,0.29016288725646761,0.86489939316512299,2.3819506483747861,0.041839667837751525,0.32884047267355981
1,0.22859430345965354,0.92017140569654032,5.5774631079775308,0.091935562133048668,0.42731386423484202
1,0.050900934210850644,1.1265298010796423,5.2711157339978918,0.1455298380536863,0.57272960897380987
1,0.69838929900372104,2.6650067698955704,5.9160268451014106,0.28532364061937343,0.14160073325080266
1,0.16717937387402698,1.4948863829497945,5.0907641519049163,0.12661035385295216,0.41526954490093776
1,0.092552738768314186,1.0221252051796461,5.9376470168845241,0.10238616329260136,0.8569382952859963
1,0.17608885989459044,1.9404217239780939,5.148621748181017,-0.06686810073992687,0.42018931212612848
1,0.21771598567178677,1.9071094651205147,3.752276699243728,-0.1967700807479813,0.85254043040876104
1,0.37318270485985294,1.5269392754148321,5.3272837603406327,0.16565988474539253,0.23775153665772325
1,0.021368869974483586,1.2123362396198685,5.56402986557082,0.035366832267895297,0.48980730185409671
1,0.6315442951547221,1.1423589943670902,3.4109166627230656,0.15903825989416959,0.53886054603283029
1,0.268590255381286,1.6103779178178608,7.1617732715595759,0.13294455358174617,0.066264231917065139
1,0.20855995526864229,0.61472576627865605,3.3693970691123574,-0.082397194123926196,0.72031789004846947
1,0.053762035463773797,0.77465364004705273,2.7948393311746011,0.077636910207815976,0.26078948293437376
1,0.24753765932792585,0.80558371958285058,1.8515994695840721,0.033603707995365009,0.77331775070796061
1,0.12120461637525386,1.5753256723958591,3.8907789397586514,0.098469463569270388,0.20135673691409167
1,0.73461295865323961,1.781937979859495,7.1216796640771589,0.19054418513604629,0.23855350106259249
1,0.01659500623728986,1.2072306317409265,4.8813994243938907,0.037074589662631406,0.43405748871150784
1,0.07931404072883172,2.477224008574491,0.59056059178484421,-0.20257234726688103,0.45386695511087066
1,0.54455926891921191,1.6094962322534869,5.8235901260609131,0.20633585830382425,0.26197841400557831
1,0.40959789226562743,1.1081905379341153,7.3106230168427579,0.12145900170641996,0.45117432207726421
1,0.72050142370997983,0.8301074148667732,5.7524646964921322,0.098775377919762944,0.71549982361053199
1,0.3686613099787247,1.2623196624497928,6.8441038309455244,-0.036188627021667731,0.62520277371383259
1,0.044012162794324031,0.95690394511149235,4.3610072674498062,0.073444565725869326,0.51265964597804159
1,0.046368411519652236,0.41801756928092737,1.5547705110917922,-0.071726136569462057,0.47489573742078756
1,0.61998373416986186,0.82297548507029172,4.222957629690077,0.130196351806669,0.76684054861047379
1,0.62857450904890255,0.82406237966884877,6.2894446622313973,-0.040631497882171734,0.69918782959488701
1,0.76625510203530645,1.1387058392824454,7.7560313750264971,0.12697082059680651,0.45684813778038746
1,0.077879218232231012,0.82821185838912559,4.9253170284389176,0.0032562385879488739,0.90038443814006042
1,0.31423577039865319,1.1991264374097932,8.6553094325415536,0.07864588896865872,0.6435631718975211
1,0.06375960360761608,1.0274955461529895,4.9377921627197185,0.15560627992428461,0.191036729496705
1,0.35940418328638268,1.2140455509771428,9.1289855121407406,0.071286940817427619,0.656849778489625
1,0.67385729073761658,0.87491269167535279,6.8349544521416208,0.041979633430402286,0.89284402017106712
1,0.2165740438051651,1.2492570897352075,8.8957666040560852,0.13174239947695326,0.59113262787646648
1,0.16400760737492737,1.4930232711712186,3.1495686182688583,-0.066036240688890066,0.076252313775617392
1,0.10875,1.5599999999999998,1.3485924939358791,0.13525000000000001,0.3354166666666667
1,0.16665368633721064,1.1091487270878098,5.0746424240705483,0.15030763380810797,0.5909818667710296
1,0.045441176470588242,1.9106705392156862,3.8664396938061802,0.048774509803921569,0.17871767069557942
1,0.19066175428652399,1.5041093949270228,3.9056829496819474,-0.12604506164092388,0.83494276696971137
1,0.084521670783741287,1.2546761546522944,5.5140374318460035,0.12463039898195973,0.53766973239938176
1,0.78474220310388154,1.4330250738303469,7.771655693906836,0.14694177768914971,0.37621320924207108
1,0.10276927822115671,1.0608743502658522,6.0823490388956643,0.074221282889779139,0.66434516002206967
1,0.4006995647594252,0.86493630383369435,4.3616963682006311,0.096031162430192579,0.69118356655407731
1,0.34297691257264445,0.93842294134459647,4.4202251909874226,0.054892184572390354,0.82759804931657399
1,0.23473823977405445,2.9186387313654873,5.4249852591511569,0.14017683081172536,0.14756756967179613
1,0.41403851723139296,1.745695771792644,5.745097147790414,0.09987691862148855,0.24292921856952374
1,0.38062893081761001,1.0196069182389937,2.3730435566426071,-0.14415094339622639,0.64151001588354117
1,0.1419057199347879,0.74204649253645061,5.1673541020292237,0.098089886341299851,0.30318155185237061
1,0.26758890921908773,3.49653267700169,9.2435179583188596,0.18239273291479419,0.14827775051077935
1,0.27228626011548285,1.9836283011712854,5.6869550171499288,0.034952526098124652,0.23733086936365799
1,0.57694458341917065,1.5789163895347127,3.9138613147017862,0.12775537832190473,0.48516309412861136
1,0.73966191127613834,1.3484121555598987,3.6151521787167766,0.12753566542896227,0.1094158185171363
1,0.39804249268956626,1.2759047110212309,7.4552383334982446,0.10106391786262676,0.51802144460957233
1,0.09410322756366607,0.92809478414816837,2.3775997967994913,0.099414408279994551,0.28334556126192223
1,0.34057436699730065,1.4620583087014227,5.8404614085714197,0.15144617633669524,0.2958728571616519
1,0.1495360544284377,1.0048906676600771,5.6806366651488887,0.087421756669983489,0.50672471296956834
1,0.3597314883452763,2.0013178486121408,4.3759834111265965,0.22646404744255003,0.15906658984278541
1,0.35556517973148549,1.3081556951061066,9.2017031785805194,0.14075357297531399,0.42823589159722386
1,0.47152888246163738,2.6116270988993331,6.8815724816177601,0.18969229533220858,0.14373676868365501
1,0.31226559381027086,5.6568802961038669,7.1600078226507264,0.34993786654521125,0.052790576386233481
1,0.14091811758185932,1.0528887452085161,6.1168519296243007,0.10311735094444188,0.44401312384311042
1,0.35179081671109164,0.80922594371621015,5.7000455008592912,0.14532441636574187,0.60273015651246165
1,0.22026640736662059,1.1001868600482674,5.6760275111854943,0.13936596452587924,0.48910256922204559
1,0.072352087699500245,0.87923585361921652,4.0588210061530541,0.077381911978075119,0.56539357157263603
1,0.074124107955713489,1.0959731138586237,9.8030592977016351,0.04584300020557399,0.79321555326627025
1,0.11153221440173253,0.8220537809059737,1.8517564431343512,-0.11965349214943151,0.56399560922063674
1,0.87787999491820545,1.3457936940909194,5.3110756326466992,0.23152431414457703,0.47837096433846804
1,0.60601356319960775,5.5257704060789274,3.0639982142240796,0.21333442274695646,0.25398527846498203
1,0.51777036126236897,0.81903214473915331,4.5327822721470827,-0.074170033374319336,0.59814487158865481
1,0.32124703044959735,0.95419129654759993,4.6673277498952483,0.086094782462977151,0.61797681713133845
1,0.30514539241612604,1.8299944405189812,7.9221577172631967,0.18551386522804728,0.41765484861067242
1,0.32163843760801936,0.94416717075699963,7.1463784011447329,-0.037158658831662632,0.67454381914903594
1,0.37088456961523203,2.2357970822865707,4.0849674004095036,0.063136321565516337,0.1254336855385586
1,0.19479794522823779,1.396059416928608,5.0769160466668737,0.12934030662085738,0.13049462073840562
1,0.15219480790330334,1.4867091936200503,6.3911328863689691,0.083884188859570372,0.31033872849116012
1,0.21550803868922461,2.0306869278297155,3.810078869515781,-0.010286934299485653,0.16736061744693817
1,0.21577500528652993,0.84210192429689168,3.2863101491177975,0.070289701839712407,0.29756673279260726
1,0.55913978494623662,8.8497241701729781,2.648158643861604,-1.6736792893875645,0.68057577672169878
1,0.60484970227419466,1.4840734629456918,2.4002561201674917,0.19649903149436831,0.52710705049186668
1,0.12832705687113041,1.3589511393374607,3.8199515752076567,0.1097210697644731,0.16873574420741461
1,0.13540051679586562,1.097191214470284,-0.42617814970570594,-0.2268733850129199,0.040978491002395118
1,0.058351769911504418,0.77535029498525077,3.0326426275740879,0.11983775811209439,0.25870883367019376
1,0.43302992952182295,1.4581318542397523,4.9730303415651234,0.16522865901836226,0.3231913821411348
1,0.22824136384028712,1.5813613728129208,3.0055340785262512,-0.10666218034993269,0.75137853207841621
1,0.15801509261376628,7.365595700891836,1.3118401751949431,-0.63571918591356036,0.12129867509061697
1,0.21148986742460665,0.91252120167844208,6.4623521605245564,0.087114379449467885,0.60639830227189151
1,0.237903421499636,1.7996238776995876,3.7576356309242462,0.22079592331958262,0.069145457609978075
1,0.62044348296376417,1.082477014602488,2.5478814489493886,0.17512168739859385,0.65340994254309259
1,0.72415519831471353,2.1930740938994697,4.0263511910682324,0.16239877056964758,0.04302108143219889
1,0.56239618496490384,1.6807338431273493,4.8359008819897333,0.13992544453885075,0.3145153485575965
1,0.34318639658988837,0.9837081242828537,8.2391752042328044,0.0033317555394410973,0.73814952820569868
1,0.062206830038139496,5.214529174521064,2.710513830540183,0.077418789180658448,0.0085583166682254644
1,0.0041318681318681322,1.3740469450549451,3.2953923227651791,0.13828571428571429,0.13173566570081838
1,0.17145987400712134,3.6730836952693982,3.6142097857769069,0.33180733262902534,0.085636977618697596
1,0.14505406487785344,1.0812776932318784,2.8354461436206488,0.092190628754505413,0.78919968307565935
1,0.21660616501568941,1.4940318710391927,3.9309232649286265,0.1943948809450563,0.2667558941624627
1,0.66322701688555341,1.1419887429643529,0.69713920182948275,-0.25375234521575984,0.50272721298547673
1,0.17256920613132007,0.73033630748112566,4.5185005687737538,0.03218943033630748,0.86276352473138485
1,0.67140226256248359,1.0436069455406471,2.1275171649113993,0.17205998421468036,0.5351988403604967
1,0.87631908137408976,1.1779891159080946,4.488793660732048,0.21039013802910264,0.40244693837726969
1,0.42796809009854531,1.6074719508553392,4.1883963748568798,0.20841687641312234,0.31620920496540006
1,0.084459459459459457,2.243595370294766,0.59056059178484421,-0.20181473013799298,0.015571937757741046
1,0.37597442410440574,0.827776013839012,4.2971901635881178,0.096435140579837084,0.69566137496156044
1,0.13848638463954063,1.6518606163922658,4.6969103645508072,0.15667758288098335,0.41304532323057447
1,0.26671871468781455,0.89220923304501465,3.858748802968651,-0.034228422328601071,0.93171220337812166
1,0.084891359272359773,1.3233956543708942,2.1072998698082324,0.24254674077817076,0.22947689957999237
1,0.39086834553251859,0.99703350207977293,3.1518381835295335,-0.033760036113887719,0.75052553280941758
1,0.096612011957604854,5.1598423770269042,3.1581061925382494,0.27285080170305281,0.085016546844687901
1,0.47199685541267555,2.2551158687013473,8.7979658990870817,0.13289642333521581,0.22501707725374359
1,0.83799160357513736,4.6246050307543474,5.5113055259855033,0.31736000781062779,0.082757646997807049
1,0.48227438284095508,1.1824295157156348,4.0590282170945331,0.33597733711048161,0.58279475434523431
1,0.089850784666838185,1.4240899151016209,3.6314621832439857,0.20279135580138924,0.31840301692503981
1,0.22039723454421933,3.8525352142695386,5.2660524059607612,0.16811200362333317,0.99835077399475225
1,0.084790118287448965,1.0534387103527687,3.1152027735301577,0.21391186014864438,0.050231032940825752
1,0.91438701250233256,2.1068678857995891,4.0697273634547022,0.16906139205075574,0.13680988033962449
1,0.18960041575239633,1.0363494629864882,4.9421994103199891,0.13068772375562998,0.32079676835213816
1,0.72995047802462343,1.536028096842974,3.1225411204176869,0.06296856730174015,0.55746577968582522
1,0.38065619256779243,1.1587279037980125,5.5533316087354319,0.067098736043493618,0.65637042608675489
1,0.040884257465666242,1.0944162311529977,6.5695305075685484,0.087496738589014772,0.76345533956938894
1,0.37015156939968974,0.89646984524804074,5.4827866153994504,0.044555834029518245,0.7641373112968135
1,0.35700436257876877,1.5070459109479952,4.1404963282432448,0.28187106156083375,0.24385144681975351
1,0.50637087599544939,1.5667946530147896,3.9121829926295111,0.23731513083048919,0.22273251223032031
1,0.44388663967611341,1.7470445344129555,2.136412437939462,0.22089068825910935,0.43029291805710052
1,0.44475181588845292,1.44419315418936,5.2049458064057248,0.034716335636081237,0.17728509950133459
1,0.30311653270148625,2.5481651116124575,4.8825670465202986,0.16729964742027278,0.095419236005445648
1,0.59983647932885431,1.1982214164681904,4.9601907622148973,0.15078264784994017,0.40208066533823172
1,0.15634755932509248,0.80956419741947117,4.1021639112742321,0.035712352251195525,0.2403370335696135
1,0.34372785258681782,0.97479624379872432,1.6337402049570653,-0.0031892274982282067,0.5696369337029128
1,0.17984582006185662,1.2703457508193694,3.6815778622524147,0.084429672713843884,0.18561383746070967
1,0.1657387279610758,7.9575265160080821,6.8388016924378077,0.35156415269135666,0.017200177631475942
1,0.57879948914431678,10.556002554278415,1.4038886695208417,-0.29272030651340991,0.088538295413987306
1,0.068781664656212299,3.9820566948130276,3.3055304715704805,0.12851628468033774,0.061057972660835312
1,0.45984862101332052,0.87024444311305493,4.2421753133045392,0.15066003634693348,0.68652863117674401
1,0.075059101654846333,3.5719562647754137,0.95896700615459141,0.13091016548463358,0.07950361944157186
1,0.92104272672439991,1.5080747461767054,5.9275071903949801,0.10542177371051571,0.43443951072506354
1,0.71545984219978775,0.80799649834429077,4.9395903184831731,0.042761471469244437,0.39177352573383684
1,0.041577976443876827,0.94397970767702566,3.747337023685505,0.14116645381013199,0.59056932079116387
1,0.31199640557136443,2.7929496779991014,3.9093795144827284,0.1817582746742549,0.20621397237428851
1,0.040882749861078038,1.5001389219655474,3.2982044314784074,0.16424545526712708,0.30962177036341265
1,0.042692939244663386,0.6426584564860427,1.5721513276480839,-0.03475643130815545,0.17374463116314365
1,0.049429009715357082,4.1483722515766148,2.30338477316461,0.066643940685188349,0.13430224180167569
1,0.11685222846506499,0.72217434766123201,3.7083388852701553,0.062596945986005306,0.65190205718104144
1,0.22979374957362783,0.97332994762254887,5.9594396816305029,0.057266518604986091,0.52065089149082799
1,0.16463221664632219,0.95784732582847321,4.8363057161918457,0.078936660789366606,0.72036013286684408
1,0.26709544635966037,1.25815667609982,5.075642455404866,0.13069205042449189,0.26673182761113229
1,0.10031817331087405,2.6739191465468841,2.583091481696731,0.16610518435335953,0.18856632894115175
1,0.12660637791527846,1.5818657782008567,1.6132307106727966,0.044264635887672536,0.33067549270347524
1,0.22252926149170996,4.5338107283787767,3.4542324915412972,-0.10784592008816014,0.0108175343614308
1,0.50012833675564683,1.861300051334702,3.646676297895497,0.056660677618069817,0.65728239520110421
1,0.57795422497664117,1.0124541679312353,6.1871094526003585,0.099498373273817206,0.42385563265447607
1,0.93334269719284868,1.5556765054076287,3.146047034212859,0.29062744547223945,0.41075580176769716
1,0.093230507628508763,1.1048397752889971,6.644556366292707,0.087784909553687854,0.50011959728332955
1,0.29510384714449617,1.339177418221837,6.2223798202053215,0.096830340069153378,0.21475520430361339
1,0.38005021684546908,2.1116183519744354,1.7422190236679189,0.059575439397397852,0.20927467300832339
1,0.79178470745509821,1.2429556489876776,5.2029236832573931,0.047592660575877424,0.3983988874071922
1,0.49080215795524895,0.68413372247280446,3.7503507762020374,0.10957813743698594,0.43365005494150344
1,0.41146207226609233,1.736958602536492,2.4221443280516848,0.21883225652069871,0.23123816084036505
1,0.57909042461862392,1.336681260066505,7.4032883656878319,0.15009734544294404,0.33786165596200507
1,0.9094705222156203,0.8962108833432364,2.9608819961182449,0.15273651548161352,0.44928487075186979
1,0.56480512264825689,0.94638615706221274,5.9544607747245255,0.12616608701257639,0.97398577073810633
1,0.69337997818224806,0.88798787663834655,4.1342861693150486,0.16464879330635671,0.57305479341760546
1,0.75851883250192176,1.850592163325731,6.5064624547796868,0.16227995533468934,0.43382172931280227
1,0.18391265150756286,2.2631473504958426,4.6672525682846349,0.19312831814083942,0.22420661266764041
1,0.040406430327168529,1.7767722176216203,4.2588273953314557,0.1398057231489149,0.63739767628531163
1,0.31526402203273129,0.97983753508818383,3.8006220608344652,0.089905195699380325,0.53618013209236326
1,0.20995307213794609,3.3665572722595534,5.8553612786156242,0.19930153879733714,0.15061336929488059
1,0.033577449219289762,11.001105430426973,2.0634391842023301,0.28962277186679564,0.016856120077874771
1,0.5341956447027213,0.53685521917080636,3.1508110939540712,0.0055300403036835696,0.50706725348270476
1,0.45633735831109468,1.4487822680793723,4.5490864885511755,0.11917721351758397,0.47448516094028009
1,0.66655690301867188,0.7935564450984528,4.9195866875424814,0.13838451920949593,0.75073954546117649
1,0.35586159993199012,0.8109113321431608,3.2448554138271484,0.042931225027629007,0.52192373214519727
1,0.36926742108397853,1.3272781417510424,0.17814618538347404,0.11852293031566409,0.082566748934260692
1,0.15150564617314929,16.247038895859472,1.0865397074338405,-0.35915934755332496,0.016661659802500447
1,0.20599163353859742,1.6040416244446176,4.0610635076534392,0.054018239925169541,0.38215341585190821
1,0.55614688664183076,4.6526077700904738,2.4315058730608849,-0.0079829696647152736,0.12205095942120163
1,0.088442211055276373,8.6414834170854267,-1.0106014113453963,-0.78090452261306531,0.036984158219624488
1,0.93611473272490209,0.59647979139504559,0.63392782089997413,0.1486310299869622,0.68852459016393441
1,0.74882577309838283,1.5497588500457082,5.6167129141557615,0.1493958867158123,0.97011689975911042
1,0.23380308869352012,1.0039970827113758,5.2586717631416748,0.038043940950445825,0.33048937153484903
1,0.38764735352428092,1.3757306122798527,5.7794958241685084,0.072506711998526999,0.42903786058440507
1,0.32640493621724698,2.0512653307866793,6.6483327832668149,0.165370565496886,0.23507798937048566
1,0.14436831349921866,1.4791040589814481,3.9089783752419209,-0.28296670272869334,0.76838056022105439
1,0.56744134966373461,1.7576117311131798,5.5751078402930228,0.25592255959167026,0.27608625147655219
1,0.69065232010759914,1.0884371217215869,-0.42312004334688508,-0.13315400134498992,0.56809629798349126
1,0,0.43713632176849854,-2.6172958378337459,-0.063248388087196808,0.13064063780726012
1,0.13490960186792611,1.702750029382855,8.1855968482826107,0.17835692570741563,0.26082984890730032
1,0.75741147405984088,1.6934274636288771,3.1137819403278053,-0.15320477628328302,0.14831849979484635
1,0.29040082154533708,8.9703341846272391,7.9225238954546704,0.41551413063283005,0.018873719264389459
1,0.21657708681292462,2.6675588024764223,7.0719943282253261,0.17223819869146439,0.20420906735837685
1,0.1270181550211027,0.99281918670864888,2.4838227292249626,-0.11971595096134521,0.29683237547142971
1,0.16296569834236008,1.7226195360796541,5.7825012293675915,0.20245089993982165,0.27896710666564511
1,0.52570802293628982,1.24048954048001,4.2246123015860269,0.27801515319980302,0.55545952175165669
1,0.039442815249266863,0.46765483870967745,-0.16487464319023401,-0.066568914956011735,0.063334677366255657
1,0.75817418819146776,0.53897771593994748,3.5696735316340571,0.096339848746661877,0.72747300642959234
1,0.43109268364276804,0.84886622147207769,4.1231749438899774,0.091986497394877811,0.39377566457748003
1,0.21373390557939914,1.096137339055794,1.0145057793711101,0.057081545064377681,0.8312451057165231
1,0.31102204408817635,1.3578356713426853,3.7027577041466451,0.090020040080160318,0.30515378711848395
1,0.38293093767546327,2.5836094890510948,1.3686394258811698,-0.31864121280179675,0.47811447299234577
1,0.21181491464510335,1.1163943171608266,4.4214877035547948,0.11333857442348008,0.4919331514153138
1,0.11533051337815997,1.6112801532353,6.4722860144769871,0.13019014744907123,0.32787448571773525
1,0.41461768158072382,1.0229731619950009,5.6791413607397496,0.068107595283127875,0.63328547606095997
1,0.097022277549087751,1.2911451133734029,4.8562323602334008,0.009897738641657567,0.96671472617172771
1,0.20748663101604278,0.6895721925133691,0.23428129572466569,0.21925133689839571,0.35052345870492435
1,0.12655971479500888,6.8813502673796787,1.4895276157615427,0.14037433155080212,0.040992763125941037
1,0.18180511641276226,0.44074475423972409,2.1692822456796255,0.063236562230526011,0.89183755056735214
1,0.3350864012021037,11.002097670924117,0.36533731701738509,-1.8422238918106686,0.23259002859368669
1,0.12175912225990759,2.1021146798388384,2.4064044216330429,-0.065921558808130928,0.021332351539827609
1,0.069347308593677909,3.4211308150799944,2.1622880074553232,-0.16375412891439539,0.017551761244265607
1,0.16005920967949544,2.4824623503668426,3.6491506118849397,0.30589522461063201,0.15516235660120553
1,0.23420604096230682,7.7978289418536422,3.5882300459640066,0.29782894185364217,0.0076143996359421158
1,0.40536112115651635,1.0856605188786648,5.6361030259660634,0.0016251233352531217,0.67609219083807792
1,0.50239356609433838,0.84225867534733312,4.2503791806078821,0.10635943916086892,0.51266830019956044
1,0.21895500057544021,0.94917424329612154,3.5865421417461141,0.056105420646794794,0.8475423998544992
1,0.25560503085696434,1.2196963778871439,4.0619935320044416,-0.021873291149128973,0.20606319385140906
1,0.38384684081268139,0.92033657066309438,3.7076276040756286,0.085063630274614874,0.34738837085891894
1,0.37751790929286372,1.2232694443751093,5.6066913766246724,0.14623842448144173,0.13960478579400351
1,0.15989461761337678,3.0203286628827462,4.7828141532309347,0.25117178455434641,0.075144179320018531
1,0.086187845303867403,0.72114794352363409,2.8950275694323588,0.031430325352977288,0.25188337944243461
1,0.22884933015232156,1.6912416957239857,1.414881817971803,0.11928794274178749,0.052953825132579888
1,0.36088940473162046,1.0056839862630373,5.5873572667343607,0.11940345967947087,0.67800991249496068
1,0.27958821441249554,0.82952921547745828,2.9717981232583601,-0.07277245296414625,0.58987057339236948
1,0.24708640626422654,0.92465628698898295,4.5677071272548808,0.12924519712282617,0.61882723647284732
1,0.078570507031350781,3.2781963617597731,-2.6736487743848776,-0.25981163720810219,0.017670695375315338
1,0.032763155212134805,0.87091989643010037,3.3166194051868576,-0.12628188138392221,0.10024645970296045
1,0.10792151162790697,2.0238917151162794,2.1584837490197888,0.14861918604651164,0.30988823555814893
1,0.13079903654832967,1.6457569728069255,4.5506612004876983,0.11264704855656786,0.10145081237008442
1,0.24694877767409051,1.7767960144900914,6.1947481894854501,0.17118441066035728,0.38805754116360192
1,0.33331624939138454,1.7906619173308049,4.2934549501281891,0.2864208287420239,0.143494998354251
1,0.11560837765957446,1.8003630942486701,2.0460140155673172,-0.032392785904255317,0.012025684415226572
1,0.16928863630123822,2.0815121397651666,1.630220451616629,-0.32853782866137698,0.091433194215298455
1,0.29046783625730987,6.6802192982456132,3.3275508414938568,0.056432748538011689,0.042440039656225177
1,0.30591097495044156,1.1433501531807533,4.8853290297897667,0.19857632005766804,0.68311388235679704
1,0.25309426047913036,1.0693882373792574,3.9190780599018229,0.16799101999822763,0.30578421081708196
1,0.097067416946217941,1.4643004003895681,5.0127330921784017,0.15250874724957617,0.10902381585818875
1,0.21333002973240833,0.72720515361744298,2.3192455338871527,0.18012884043607533,0.85008517887563884
1,0.20352733686067018,1.5286880582579505,5.0048385252490784,0.12598281845593673,0.44848947236204284
1,0.1095467258666394,2.4369799542855475,5.6325370681159557,0.065504575096577256,0.98481710874170914
1,0.10892263882297104,1.7320481727574748,1.8127052337435174,0.035832937826293307,0.90589601020763411
1,0.34781940244964893,0.80928099215907345,5.7044422569519853,0.038772686340974145,0.83606460980364661
1,0.080446732396824011,4.1777331820958032,3.2861605716737969,0.32780734665386962,0.067688644765146924
1,0.086288416075650118,1.5290750090155065,4.616851690761929,0.11619986376567695,0.21041046352800136
1,0.10546660350544765,8.7557366177167228,2.5927889829893362,-0.27846518237801987,0.011608279014205209
1,0.13040740507524715,1.7795093464539062,4.4744234839398489,-0.024470794638572661,0.040588065724992795
1,0.02674790103276618,5.1081432498699755,3.2395408253117846,0.22802585630433167,0.05848684736838277
1,0.32622739018087854,1.2717868217054262,0.20945022418220732,-0.10077519379844961,0.45918020079990823
1,0.32663316582914576,0.68148031825795652,2.2155009860869326,0.25670016750418762,0.41262769797987553
1,0.21721000758150116,1.293530452362901,2.1552445050953368,0.17083649229214054,0.16479437335156788
1,0.2741270277701402,1.5730340940335443,1.3217558399823195,-0.24498212812757766,0.39939697174943739
1,0.22079937912301123,2.9052677532013971,2.2517127626202891,-0.066356228172293377,0.30052592036063108
1,0.31571686514779573,0.78615771641881882,4.6909900200389698,0.12306506258749063,0.51452239325944171
1,0.54404147571918204,1.3158389735048333,6.243127525749264,0.12508183463626912,0.35152120778856194
1,0.57008570638650813,4.719006911805363,-0.26526847761488087,-0.44539673762786841,0.20347247186771911
1,0.27006499099522352,0.99180761099365766,3.0498889645059459,0.085427922637224957,0.42525979216626697
1,0.18003351361660966,0.88697073007915206,5.4057896508520313,0.10229145947713307,0.908375819932975
1,0.12428488232674456,1.5408516323524373,4.6081557248284577,0.17275872700489878,0.26282635600317183
1,0.74689138484223183,2.461706062365884,5.6274808160796033,0.23952914622744476,0.17978533843077873
1,0.45060843351347374,2.0463080401455827,2.7196493369455621,0.22374177419947797,0.24767053372059833
1,0.65179917621289896,3.8551779680580913,6.3034098716954423,0.21875535025311182,0.027185740179044276
1,0.037823787756565384,0.69239042753428337,2.7989263225590628,0.053419377968988074,0.81113268608414246
1,0.24954390274742147,1.0687329528007081,4.9248595170748519,-0.01640143783529922,0.63071563331213598
1,0.22908084449021629,1.9398733264675594,3.1221446359084291,-0.31513903192584963,0.83144556457071683
1,0.14166363540358823,4.6319156800394259,3.0854358566357694,-0.20723278927050212,0.057535768276162566
1,0.37518704709383466,0.93509255678665704,4.2357139076846257,0.11226188274459034,0.30996197171702644
1,0.11264014833270561,1.9897985050844507,3.3805183704537547,0.022945215401106701,0.283739137029482
1,0.13276746690314817,0.78304934439728902,3.3129124667945837,0.1377715842148603,0.33141886426144634
1,0.29765069551777434,1.1284080370942815,4.1040638432830105,0.15610510046367851,0.55073416611878145
1,0.42794903673478069,0.72085498422008998,4.6999802407507341,0.04711658006311964,0.46581905288372949
1,0.0013957439922323814,1.2655785459988671,3.4074113681286233,0.0076664778703778623,0.99662526134161522
1,0.026863928362857704,1.3345057426513527,2.1748653513916745,0.04555187852832393,0.7057255669873308
1,0.22099302679179991,0.84312903056676969,3.4483353881195593,0.087191317569338858,0.65039487594055101
1,0.017395626242544732,2.3688966202783299,0.72416123408911481,0.023856858846918488,0.11665428788431925
1,0.08486031841393811,8.2774330129167915,0.89158811923378323,-0.442775608290778,0.01317337804007679
1,0.070809051630848649,1.1664475635465847,6.064236269734975,-0.17050765124127262,0.21321096378049073
1,0.36957103362168914,0.65206679746722551,2.7517480563679295,0.04583965040577901,0.59371206811071409
1,0.15925117601537297,1.0330371194796839,5.6654954588052302,0.11747980557705182,0.5432867730300952
1,0.027168494516450651,6.7764207377866414,-1.2801341652914999,-0.38110667996011965,0.0069150697024313087
1,0.060238874307715427,1.9650128918128316,5.5380820188784821,0.1097943091028917,0.25395994163057806
1,0.52255963447680842,0.98613965950931426,4.9228163183592555,0.015906577716209153,0.71018240238910524
1,0.23901877100880009,2.1907315783510217,4.8308066274679904,0.26878045095743475,0.20341209617478784
1,0.07134663064796655,5.5631129038226694,2.1878474155236223,-0.21840654257484365,0.022422991913566646
1,0.088435980912455969,4.5365361459215992,2.1961128484835291,-0.25701288855193327,0.023626220568912684
1,0.16083499005964216,1.9289193410962793,3.1804260144930012,0.18912240840670264,0.074929417784141736
1,0.48712004939991194,1.1941958883627513,9.0306300429575952,0.1058111947393162,0.65512793144669845
1,0.3794482207117153,1.0482479008396641,2.3940697831162239,0.16286818605890976,0.73261246910999656
1,0.35197179430217329,3.0875493618863037,7.0078575945041832,0.23462935016584829,0.11585608145727554
1,0.045579677318186573,1.7947869115238528,3.5669942661238121,0.15311705056277661,0.19498721427316562
1,0.026211165275597914,1.795472941720629,5.6522821412937017,0.12243137336423827,0.35935424925495241
1,0.063636363636363644,0.90218054226475275,2.9830015810751727,0.047607655502392349,0.65356449870171007
1,0.13978610548104703,3.077132476605287,1.8048402087665854,-0.14673983354176551,0.033480191645718187
1,0.4574764982373678,1.0343816557726204,4.437437689437429,0.086222091656874264,0.71799270367762402
1,0.16626285895857329,0.63590777296739087,3.4595291808902053,-0.073598919648885888,0.86382161427835302
1,0.50375065817755404,1.1328424876186309,6.6960992427843893,0.062259145170439373,0.58111104499663746
1,0.012480499219968799,1.1182028081123245,1.5400878342993072,0.1045241809672387,0.48760547345863653
1,0.28549080323519693,1.3833858488359905,6.0189118985042791,0.15645386296376937,0.4529216384972608
1,0.034333070244672456,8.2314696132596694,-2.3025850929940455,-0.45501183898973957,0.036579734424416199
1,0.18755283603719658,1.7469103498248866,4.9868069745636783,0.17508956966305705,0.10705841686830278
1,0.0032946503812453678,1.0558594417877412,4.9152397773175016,-0.07945742337018874,0.94926894588654487
1,0.32399460954677634,4.9275835165614588,2.6392715923736398,0.25065607489892899,0.04927023058986095
1,0.040024002400240032,1.3952445244524452,2.8134307165600392,0.056405640564056406,0.092853226101261191
1,0.021508990085699883,0.64258107881028403,0.47685510419483734,-0.048227188707780207,0.038964435146443509
1,0.11702053114708148,3.9807476701002034,1.6442257379197642,-0.00560577394716558,0.033568476964578826
1,0.22465770364021678,1.8272751887906737,6.0492805224847261,0.16895432779433647,0.17985290437150661
1,0.065709471833565292,1.5621901936366076,3.4866102595102855,0.13075965130759651,0.055754956419459531
1,0.094634537794520857,1.2799346871447359,6.6490739242691212,-0.039499788234769621,0.59542504547698816
1,0.22964025601412494,1.2058872213639373,5.0258194294212952,0.10674086452060409,0.57291887952362441
1,0.13064434297311009,0.9576357179096906,2.1361762546601404,0.070268899036022334,0.53642384105960261
1,0.041116005873715125,2.7542829172785117,-0.74444047494749588,-0.034263338228095935,0.069664119424204737
1,0.42501203911140883,1.0859016771005632,4.0211464324464998,-0.2543916584661125,0.76134101371381746
1,0.067953861584754263,2.6896188565697088,1.6633577544235307,0.10682046138415245,0.11569801047901403
1,0.017939864559512027,1.1167678456077164,6.7083856256863479,0.021609711135754533,0.98841775639183915
1,0.24678163711440371,1.0580216176827786,1.8453002361560848,0.11100315763905758,0.22682009929118724
1,0.021869488536155203,0.79750881834215182,1.5524441909139801,0.13950617283950617,0.24093987560469934
1,0.31084443143567975,1.8175754134348019,3.9317079787445444,0.15466120298551148,0.59652999678054486
1,0.10084928571876051,0.8395020704863293,6.378463534397163,-0.0010148828603826067,0.90078258920145682
1,0.3023073574227253,1.0491075315629081,3.6222320441660503,0.17087505441880715,0.44974686695991367
1,0.26280627629416969,2.103064117147861,5.3252221645971805,0.18256504703609411,0.19484176726136304
1,0.089782085203793438,1.535890537206053,3.9844738910863882,0.18753158724024138,0.23831483999593514
1,0.18927095798243435,1.9920525614684701,3.8551351432210978,-0.0025174414666636565,0.17349828847457036
1,0.10857086302454474,1.6967589073634208,1.802864248960161,-0.0050475059382422806,0.99043096696160271
1,0.5070629242340855,6.5234819299211155,0.79299251552966143,0.0040359567051917082,0.053459694315161899
1,0.045646661031276417,1.6706114398422092,1.7505901921899842,-0.36545505776275006,0.40883791533142178
1,0.065594405594405589,1.4879720279720279,2.2612421294596632,0.099440559440559434,0.38481060250023502
1,0.37059285196812364,1.4868156846172425,3.9864252200026065,0.2412460758270949,0.71001597190795773
1,0.72086596038691853,1.0451404882542608,1.3420812064435652,0.22048211269768156,0.12913177611282503
1,0.8127709893575088,1.0938667717776902,-4.0745419349259206,-0.26665352778872686,0.27962553240557236
1,0.1506298517770133,1.2583827836251329,6.3160160128335017,0.10417812336142622,0.36909155258978382
1,0.64422217240855117,1.384899500918547,6.0346557328769324,0.13636234807903883,0.32287964130065716
1,0.18198469992457708,0.45762848830944941,2.7150920158912561,0.10203641848938691,0.46123962564012017
1,0.12570751612478609,0.81661346584177974,2.9853788614744996,0.080953007766223509,0.51162087829056735
1,0.098870056497175132,8.9111346516007526,1.2325602611778486,0.030131826741996232,0.058539935806839347
1,0.2207310452982689,1.3911348694131129,3.4355343940666052,-0.013480909584414018,0.43672666373998009
1,0.57537626449543544,3.1313224771773998,2.9142510316861077,0.14532445102393288,0.2086476903378312
1,0.073697305751048561,2.6901276036112893,5.5832368766358496,0.29688988412596862,0.074986737628337796
1,0.14392676148438777,1.0319928069315025,3.6024497261155486,0.18486186038907962,0.62664153214947649
1,0.48957366381166562,0.9340111967079765,4.9630893555569839,0.17635293554715537,0.65318982166916828
1,0.26537281313513728,2.0954449448053243,3.188416617383492,0.13712987685808792,0.057092866244460923
1,0.18835942962476429,1.3625548233997922,4.1867262156517269,0.089772655041633995,0.15571681333156662
1,0.056528397363339769,2.2343531526732803,2.3855466137083932,0.0061255742725880554,0.18392174683940371
1,0.19435719093560691,1.5396847655373571,3.2268439945173775,0.13501234013910704,0.61112224266380077
1,0.24466159971045967,1.551348172276511,1.7984040119467237,0.24249004705030766,0.22373217462307896
1,0.032217648111687848,0.70963347453413683,3.6878289024777571,-0.064176759540997941,0.97372661668885307
1,0.39751381215469611,1.1440866712707183,2.757157775209238,0.046201657458563535,0.16611962484248971
1,0.51658794421952314,1.6909862798020692,3.4222737072640714,0.43004948268106163,0.473389309169507
1,0.40135749013973965,0.9391374184408483,5.9692623932491964,0.051050541732346313,0.74860703150313113
1,0.18241508919179916,1.9638512046008538,5.8372405312583702,0.25582555814429364,0.14150768356139218
1,0.51825293350717072,1.1014367666232072,1.9933388426264242,-0.13711429813124729,0.44980954117059385
1,0.65595816212177815,2.8854949570414643,0.91027265954859193,0.14867388868135972,0.14965428048785223
1,0.050651495687282076,1.6237841805835935,2.8975680247667595,0.022664709120939621,0.62245705244122962
1,0.22275518712267667,1.2888976168855164,6.6992798725107177,0.084368158039877669,0.58918621027493723
1,0.25147957063825194,1.2440460027328573,7.1146157780231949,0.15243367150532885,0.63161013572772584
1,0.2143436517132925,0.98406306902830654,4.9495113809879996,-0.36149644098659167,0.41209643843912042
1,0.094176506422303727,5.3474243818559657,5.6475436378756365,0.35389853062529431,0.079830525660504345
1,0.52206064515525885,1.7324327787983465,6.0087345582729359,0.11773779641289563,0.31772832976715171
1,0.3014632946043414,2.7527143615098923,5.2864471939775495,0.22317741774254318,0.093212686746962703
1,0.025657472738935216,4.2075449005772931,1.8272874752872004,-0.32007697241821681,0.14375958762493687
1,0.1320550319575344,1.2016348896833136,2.9372553437950151,0.063481746289676094,0.52053495210092005
1,0.083898243312194767,0.61784751075151245,3.2514978916854558,-0.0045921714410671333,0.73676448901341984
1,0.82664389410760031,5.7768334756618289,-4.6051701859880909,-0.50469684030742945,0.031634941058487381
1,0.038729776613445677,16.675899210535633,2.8825075828393629,0.30389067865614044,0.0032820704429760163
1,0.99189354542673602,3.0858299174059347,-3.2968373663379125,-0.097583358825328842,0.17997382523337116
1,0.65213101541112539,1.2475941829602144,5.8195070969363325,0.055106238101193701,0.35097735809697717
1,0.27381216562895322,1.1303009957808294,7.050448572919044,0.068335017703555545,0.28580660110190004
1,0.11596157087476824,0.95466037417832461,2.3109500093256732,0.075594134501938318,0.42505296610169496
1,0.077846790890269149,0.84500851161720736,3.4686690967771683,-0.11377961812744421,0.55302494900976029
1,0.2247629503942509,1.7244859766443759,4.0072968209349344,0.052290647769238446,0.47723573118411816
1,0.04419445560466051,3.9941743672157495,-0.53102833108351022,-0.17396544797107272,0.13545533126557177
1,0.074626741109803635,2.0338582742879083,4.9829899932759307,0.22465636814301096,0.096416539804598203
1,0.36213313896987365,3.0435926870748302,6.5262942537992608,0.27499999999999997,0.12639147183250513
1,0.57777191594126442,1.3003067694442003,4.5020072538737521,0.094395107320456847,0.51713243498089712
1,0.061189412169130285,1.0573221038157443,3.3802120552530202,0.072361636301134416,0.48792977322604242
1,0.058954833394564865,1.4216431203589281,5.805406016517118,0.061585562717789429,0.55268420176786703
1,0.070127260549229742,4.5569323509711985,2.9392677365728646,0.38258539852645679,0.039391489674432276
1,0.71098198303544924,1.4651444145610895,5.4244565036529995,0.63201496766301168,0.46062086938904562
1,0.20768210665908876,2.1773152094976478,4.3260910023435786,-0.13742856240724954,0.4316121103139241
1,0.15379155124653737,0.87923303324099711,4.5970271210456239,0.1108898891966759,0.7808681782827438
1,0.19899911686782457,2.4487291727995295,1.74186869961459,0.15602001766264353,0.67381289015479418
1,0.15409008501124299,1.077227621286764,5.4459568947596377,0.0640210894507902,0.41165136305247635
1,0.20074716022225172,1.0910814859765234,4.7251552398662593,0.10371114861661579,0.46224972191323693
1,0.15619975036826303,1.132352610450799,4.7828560143775176,0.17221216448707424,0.43463214210349921
1,0.19981871286131533,1.2243758686675397,3.7207414272626802,-0.014603686171819921,0.77339253298640076
1,0.036903463893315447,3.1851323771981326,5.1855181410524471,0.25343174257038215,0.18668644506666432
1,0.70217278597351185,0.91179243059810544,4.6917147873882774,0.13206391101475234,0.88276343335659457
1,0.57668868309955068,1.6416760860683641,4.640990894902858,0.18759362658314041,0.94173890086772294
1,0.72909927005397523,1.1385301640098831,5.1473665616559137,0.14276285221741189,0.58950030178122437
1,0.17717482050425781,1.5433043913842042,4.4385605479984145,0.097295040908331937,0.38488128661614118
1,0.0046285018270401943,0.91473812423873324,1.9678114130084143,-0.044579780755176608,0.17336884154460719
1,0.36065387649854719,2.0660221871572348,7.001051614180124,0.22101525968403027,0.32537706081522394
1,0.33687621630665454,1.4074908903584857,5.3654899155862505,0.12594992999357174,0.98296959535536144
1,0.27027625532857225,1.7017383601838012,3.1270675063840128,0.082682832309140239,0.31572783317338188
1,0.15253217740478034,2.7002820016278331,6.7645694317287592,0.10340169616509447,0.13608314330272875
1,0.21631538291767824,1.5350329673361289,4.0091678648145077,0.066679540940189796,0.8363305514057533
1,0.49242182825963154,1.2856745621375132,7.9020143223030876,0.14980869536613098,0.50982792388081355
1,0.29938679692450465,2.2687628166428007,6.16719778182508,0.16170299815889394,0.18910211406234426
1,0.16419994414967887,4.5309096621055573,2.5147081410247898,-0.04845015358838313,0.076917447024880292
1,0.50883703752241283,1.844638506490025,5.8577474229507116,-0.14566368623900211,0.82991942906043625
1,0.43357534072092724,7.4663100242007383,1.4768203878192612,0.19526175009552924,0.0069262001433006938
1,0.81361132845461104,0.73588545741857292,3.1386197611025386,0.023856645341433853,0.75756138494655045
1,0.33742122296031341,2.3593084653381022,2.8994416132357048,0.10935104752171691,0.2235136988773779
1,0.15591583304587789,1.0941531562607798,3.8157543664485378,0.0089686098654708536,0.55007172244203084
1,0.00047641734159123395,2.0275207241543591,-1.9241486572738007,-0.089090042877560754,0.0094773381180575551
1,0.059880239520958091,12.747236296637496,-1.2344320118106447,-0.76462459695992635,0.019404319900268301
1,0.01331293037490436,3.6527543993879115,2.1936626857698589,0.71078806426931895,0.042311196757537986
1,0.197491335203829,3.4243439511470544,3.534124425037787,0.2248885954778016,0.097281196832481043
1,0.020161290322580645,16.946379032258065,-1.9105430052180221,-3.209677419354839,0.26744699005544531
1,0.15441013108198176,1.1324705620973119,1.9044927392152944,-0.18218173739169072,0.65016553681223399
1,0.063024805716622959,2.7346979284459736,3.3293074606338302,0.021834323797608447,0.027388160976929456
1,0.080101812160668903,4.1714009093303872,5.9535004440893688,0.23177661536145711,0.055157725405547371
1,0.06133687808583365,1.5042726927459171,2.6953701479448355,0.023547284466388149,0.27759893959477372
1,0.18738880167451596,0.85359916274201997,4.025619512010687,0.067713239141810572,0.85984301397474783
1,0.24823921386698158,1.0920247986166758,3.9321197071272684,0.13434692758635233,0.97503186189317581
1,0.030476190476190476,4.2841466666666665,-1.2946271725940668,-0.77142857142857146,0.11559783867610242
1,0.6203319502074689,2.0662863070539421,1.9821043087908785,-0.030843706777316737,0.27654221820595637
1,0.14105596577469712,1.106133569180773,3.7643115492297894,0.028795326929801104,0.94475349051903201
1,0.21434755720470006,1.0408691713048857,8.5422759717837007,0.085961657390228818,0.81172349270799049
1,0.10061782877316859,8.2616455820339318,-0.92886951408101515,-0.59527311954496431,0.012831774369688048
1,0.0049382716049382715,0.92088477366255139,-0.88430768602110432,0.061728395061728392,0.69373639041885493
1,0.25300296157312879,2.3046879311296289,4.4048516507324775,0.18190681161819619,0.082472827984731392
1,0.096697183914706206,0.57464654073473176,4.6521682691486737,0.051222621392977168,0.67091179510448962
1,0.11649020867670476,0.78903260049724833,4.4171886416419284,0.055702991870827168,0.76987077358824574
1,0.39849940766091879,1.1802158746873765,4.8399814045699738,0.18233513228906148,0.76360959614548118
1,0.74137931034482751,3.4460948275862062,-0.42771071705548408,-2.1939655172413794,0.52408148153707224
1,0.36818792815845303,1.0635435729671077,4.7052598350021038,0.02711872641585826,0.73462830603485185
1,0.0049519370812700272,1.5417046315176233,-0.99425227334386701,-0.17011360326245267,0.35709751142712032
1,0.5845280118555064,1.1308676357561336,6.7060808577335305,0.016987062954764064,0.65614564238064266
1,0.25522890824675593,1.1283519952681957,6.4043255712123397,0.12236090106249203,0.64920808857176804
1,0.49692047377326559,2.25098937394247,2.8641988835921413,-0.090558375634517768,0.20863922126305176
1,0.07813446396123562,2.0752901271956388,-2.2730262907525014,-1.4106602059357967,0.087849764644351458
1,0.10510660598002776,0.85241719476335109,5.5494339974905609,0.093921954912027025,0.75082070555794167
1,0.30971827108378452,1.3000866293475268,3.0292637567627834,-0.016793612920987428,0.68800520419079658
1,0.37233162336587788,1.8065944067516133,2.1331007850015831,0.23663743173920238,0.25427648904257022
1,0.47033100999125438,1.0115913126441045,3.6964755307355643,0.080248058728434005,0.7540402733795516
1,0.039772315278079902,2.0664065332463197,3.8590862560447854,0.050250163149880352,0.10851710109328566
1,0.1588947826775394,1.4303697252790752,3.9818661819699348,0.2074261736996279,0.29789118281950516
1,0.25076452599388377,7.0665137614678901,0.69314718055994529,-1.1957186544342508,0.13550431646814556
1,0.48045745995891398,1.0314370325575606,4.8436121180463223,0.15189378107019305,0.19297822075839352
1,0.44526425097010441,1.2751425301962069,9.3550465929754409,0.063507678854457017,0.62296188674537267
1,0.27979034830928878,2.0373919750381266,5.9873887523295419,0.23557066979858712,0.37540470337812776
1,0.47012078830260651,1.5295460902733631,2.004044277207389,0.094882390336935796,0.53720402863536465
1,0.2229939228574972,0.78615279672578453,2.0874097113290127,-0.00099218653106784068,0.45198185762177084
1,0.20327624720774387,21.462351079672377,-0.92886951408101515,-1.606850335070737,0.04612485716082336
1,0.63010116640061109,0.92419516399142099,5.770833461905811,0.092411050935764724,0.79627084606619969
1,0.41040079496522031,5.3347134812851937,1.9093943457612694,0.18284200066247103,0.11977274843997393
1,0.043478260869565223,1.2646834477498092,1.6703448473376219,0.11212814645308924,0.56724969843184558
1,0.1379243103784481,5.7367625661871688,4.6165551308546551,0.29012854935725318,0.073274411022015137
1,0.0094940824554558458,8.1820782936662759,3.8210474176913536,0.54968136298608394,0.13057127416073244
1,0.36076942128291922,1.5085634442334683,3.5114857355562785,0.18364566994138529,0.66836580154955771
1,0.50940909423738745,1.4146357179468405,1.4802399739624186,-0.06344731639452296,0.54504008347964361
1,0.77829240051191428,0.96880522883783293,3.070329411760774,0.13169602047656775,0.58387916054003475
1,0.099563598058763789,0.95103645461043596,4.4922142312084343,0.058218276212332123,0.24476354358274494
1,0.08945260347129505,1.116096824751843,2.99257730186069,0.097753526441051827,0.69860092578145316
1,0.14379684870735809,6.4812605170567537,3.1358854437373958,0.25776350007648768,0.054420002517623363
1,0.62287687252881885,1.5287213899871916,3.3244243228562418,0.043158656791223479,0.5192841856017486
1,0.23880597014925373,5.9639701492537318,-1.3280254529959148,-3.1467661691542288,0.1017720006873781
1,0.12925563463819692,3.3348309608540925,4.3712689780209217,0.17565243179122184,0.098923526351594709
1,0.073501733531451216,5.9730658345715701,3.6243142659541365,0.13483902922238733,0.059269151501538206
1,0.39758524737065509,1.4774383341979909,3.8268571970558392,0.173560345234165,0.30421892270429235
1,0.50469457822707542,3.533840184063707,6.6585949575177681,0.36345906251490151,0.39171461038451738
1,0.048770028458929471,3.4031519239016021,3.4837906799660088,0.31105999766090991,0.02362125798663715
1,0.17226919758412423,0.90424288179465062,4.0673672583778089,0.10686798964624675,0.79347911652238634
1,0.26614699331848551,0.74498886414253895,-0.28634962721800228,-0.60690423162583518,0.13004484304932734
1,0.14947301181731076,10.43142765889492,1.1128438709148341,-0.401980198019802,0.039619360211629852
1,0.27299626077060646,1.9261908632742644,3.8870743600641813,0.16728987156559907,0.16289669142471302
1,0.15185504745470235,32.519348951048954,-2.7181005369557116,-1.0808167960885822,0.012117524339360222
1,0.21516132999877005,1.2537821327538845,4.2249780098573044,0.27895535238407615,0.46940911023184334
1,0.19465935012522131,2.1738901561677486,5.0586378465937276,0.19014500151541738,0.29027950014308879
1,0.29961561804572129,3.7092352822172772,2.0921109447804986,0.14717782723042688,0.012735379538853817
1,0.52796125575812047,1.1321189292113372,5.8621841063709974,0.14705308410551773,0.60726173101355541
1,0.78853089685020439,0.6972228901178168,3.0414223994711067,0.13416686703534506,0.6529873264936632
1,0,1.1786991416143808,3.3330969689582237,0.047215058316332416,0.54181345250915003
1,0.45635214930108992,1.2432329525079089,6.3291717351484031,0.48689203270655168,0.95297404686410692
1,0.61988049972840853,0.75447039652362846,1.9236645401079935,0.09636067354698534,0.82636179066653226
1,0.007983517898532062,9.0183170229204226,-0.38713415142344088,-0.48725212464589235,0.013136054543182996
1,0.11127877090131977,1.1244593741877726,4.8468606745888794,-0.42726051924798564,0.56453873968204726
1,0.63923375507422442,0.9524405661402312,6.9788379652841623,0.10264254743350421,0.68669032761512683
1,0.15194405128632085,1.2152748869092223,3.5995563161537341,0.79399439402769678,0.22516230341950452
1,0.059322689140603853,0.98050846638574241,5.4003052011056019,0.1087920903081146,0.60029324429220932
1,0.24336443713699976,0.97641994976610791,7.2376451852351673,0.098163683960240014,0.59424036997122831
1,0.27435942902739607,5.0980638797765749,4.2000550166442148,0.33052575582941751,0.046386099387293933
1,0.30819664769346494,0.30525804677062629,1.5312601313700762,-0.034903955182827573,0.4615257307306847
1,0.088767961908001028,1.0195667885383897,4.7453928917607078,-0.13272680894481761,0.64923015980568965
1,0.21092307518038989,2.0115667584191388,5.1974191024429439,0.098616916437285471,0.31730210851960172
1,0.066096942181866736,2.7992388836960878,1.4315067039414386,0.093871010815863257,0.015789348152741672
1,0.30776029697719642,5.9121909139119682,0.95435693268061139,-0.58493901361145484,0.12040568733438611
1,0.20399305555555555,11.6103515625,0.34145977813225203,-0.10069444444444446,0.052261193820618501
1,0.92192890747516998,1.8655710925248303,3.2889987242996725,0.25901725039205437,0.36555320885302284
1,0.25080365518186321,2.2801673710726291,6.6690512895498717,0.19087469303006988,0.18316076546177312
1,0.33418419440473762,1.2970488947314684,7.9882035970225758,0.15565652440269551,0.49140786533023534
1,0.20964707281797754,1.1782602136218374,6.9280558215136363,0.13701912964260482,0.57336169138762605
1,0.17948338869664446,1.7054612171920407,5.2225695891097619,0.12143738247808952,0.16931811755734444
1,0.088154269972451793,0.58468778696051427,0.69164605443367821,0.019742883379247015,0.36514978994071229
1,0.28480855864439858,1.2226158443162154,6.5582502837046261,0.17287463125719382,0.32104586369481358
1,0.24427953708695102,0.89506463119501756,4.7808363111152037,0.10339844242834369,0.59808042235833825
1,0.12520531812687885,2.2126630923234263,3.6668894362223212,0.1619301453497381,0.17012157543839992
1,0.069402420574886534,2.2620733263993946,3.8131524951623974,0.20716717095310133,0.057850613539405238
1,0.05341901145620355,2.465509687469575,3.4388142452334622,0.22850744815499954,0.11827075908503054
1,0.12909274484350211,3.7072420308668685,3.1127594680788655,0.048608106158949956,0.11345284192171216
1,0.23042869554149994,0.71372522978678665,6.5373450072611101,0.04436641931039062,0.62179984183349091
1,0.096999999999999989,2.6697625,5.4328482595056427,0.23749999999999999,0.22240902409587635
1,0.13667445520003813,1.2991416718325306,4.0076058753218762,0.073835296361642266,0.38661364790793235
1,0.0051052379372627079,1.1383674604052245,5.1449855180535478,0.082371877572585295,0.63868405590225941
1,0.24205349646155691,2.6576406381192275,2.1733871545223638,-0.27647834952620848,0.33560878738984734
1,0.59360209374901007,1.3136614719815791,7.1060592669092362,0.16273961290548089,0.55590534158185334
1,0.075989064007719515,2.0911506915406881,4.7639245383489506,0.15755870054679963,0.14030082040179884
1,0.67641201135094531,0.99685169018300979,5.6938095768817352,0.19376827364167795,0.020503992758389104
1,0.30110872518515275,2.2352921907182615,7.5256938819443278,0.22047416626495464,0.27974519053781349
1,0.43737049881131546,1.9976989683526361,5.1477095699583337,0.21289450151584549,0.32631492753227614
1,0.18388195232690124,14.353665153234962,-0.98349948156760514,-1.4733257661748014,0.063223676828083553
1,0.86261040235525022,1.683988898429833,6.6732979677676543,0.18498527968596665,0.083625454845441344
1,0.13586948898146978,1.7744111994837914,5.6141057305475872,0.24661588744406568,0.28985106248418918
1,0.3064735336194564,2.9191613018597993,4.0967084327440375,0.30937052932761089,0.090027229929030658
1,0.19759913411394275,1.3636844435698121,4.3618494372350645,0.17677851028239694,0.16908715377053024
1,0.79680110691200456,1.9602513268488118,4.5630035378262015,0.32509861016459118,0.076734661627401668
1,0.41390462663431898,3.5518335264764636,8.1619877386748225,0.28148567934407981,0.1104407351354126
1,0.16330188403780788,1.6453658234957671,7.5701323789990838,0.17507948203989304,0.37014813504136723
1,0.046427703945313863,2.6270689475693119,3.5311139152158688,0.097262222839099202,0.21841213650263192
1,0.84464219503151661,1.3048220244716351,4.6995708614095761,0.19688542825361513,0.26455590270821699
1,0.69111821797341366,2.0970395826322887,4.7748116896246717,0.25510779967833647,0.13726688696604461
1,0.95559308496562212,1.1065820811501319,5.1114334178541379,0.087887142327881959,0.34263074664103066
1,0.028822399121603073,1.7649722755970356,1.9185389522591814,0.20477628328300851,0.039192546448610949
1,0.090316466601573706,3.1266727930618576,1.8840347453372259,-0.2398483717190282,0.01400663133627855
1,0.031622139958075016,1.14847687435886,3.336481066942464,0.084206770438428252,0.71506796116504856
1,0.072232679360023172,2.7043726923912259,4.2084764962670134,0.17707956273076089,0.05444312082558124
1,0.098661344161877551,1.2194737430744347,5.3814353407385012,0.24523383461234038,0.55879940809930384
1,0.84507401735579368,0.31100025523226144,0.90502753959544435,0.022843287391526287,0.43619239736758092
1,0.167816091954023,2.1103448275862071,0.8432898389896647,-0.221455938697318,0.31844589687726943
1,0.66320375335120652,8.3322721179624661,-2.2164073967529934,-0.55160857908847183,0.027429766525227748
1,0.0061171925305859628,3.1594257793265408,0.93216408103044524,-0.045623271845763418,0.00931520644511581
1,0.03257643431403625,0.71727228193527937,5.6231976756332509,-0.0066420770538570149,0.71827732358435614
1,0.17352660523728011,2.0704164693884985,6.047842517592338,0.10622427796190409,0.2910963865117901
1,0.039197448844007443,1.3013885197980333,2.6436894419418202,0.14476481530693594,0.14074584577685889
1,0.38907619689817929,6.5164221173297356,1.3480731482996928,-0.14059339177343222,0.096648811126492609
1,0.46453696228808666,1.2725368085188173,3.7209835580144688,0.21239380309845077,0.12106336379427537
1,0.19733883058470764,1.6343012087706148,6.7017146355675896,0.11056971514242878,0.4385003665875678
1,0.39732213969239122,0.85520955628580364,6.7254777212202104,0.077117539129562651,0.61389480292255305
1,0.19331187228986627,0.95359344947345981,5.0315875870709039,0.15964528347872006,0.99478231083112278
1,0.17399782711647216,1.4430175223556285,5.1198244710675631,0.070507284731314596,0.5645945945945946
1,0.087004213532054189,1.6180528954974405,4.7314767925853518,0.1593829439008253,0.30355773757482007
1,0.43288131375964167,0.88887160985319735,3.2036809654856584,0.038691216720577258,0.72444802127436225
1,0.2463455851288551,1.1482467258132658,3.4861204685799931,0.1427545416138572,0.081055226461606386
1,0.14766426241020614,1.0174101329900074,4.2660263839117105,0.12062735000219454,0.67555830373448755
1,0.39017002149697089,1.1334888606605433,3.1624324494449887,0.27086183310533513,0.54844236592278095
1,0.2032950423216445,0.94419588875453442,2.4736771678364513,0.086759371221281745,0.56220785041941468
1,0.41288405774944326,1.8326001263842389,5.1986296191607453,0.17260621626993225,0.23439566608559029
1,0.45553109603606029,0.92683430351339957,7.1267502367700128,0.12685077625101884,0.91238753952123708
1,0.27389717268674857,1.7567820702588517,6.4903759779053365,0.13544490081869695,0.28706333703552439
1,0.073880921338548455,1.5343415906127771,1.1242800354166875,-0.051282051282051273,0.13227513227513227
1,0.087865418711087273,1.8348142497835318,1.1477198627751375,-0.23456891930895146,0.011236018179877415
1,0.41684901531728663,2.1990856517661768,2.1685964529907289,0.12691466083150987,0.16602995788837752
1,0.81355745505816002,2.8420697479732109,1.1609609137326449,-0.028198801550934086,0.12159008452472006
1,0.17079040385049257,1.0563284951492817,3.3148766751956282,0.085583214258855372,0.45963263562580092
1,0.29978172283122884,0.86760951813128195,6.833308634100665,0.056494675786516686,0.87228949878459905
1,0.07867943330011698,1.5630605259737447,3.4982030929372279,0.16914345132359951,0.12362446988385953
1,0.55747955747955746,1.017446272246272,3.0772661765352534,0.11919191919191921,0.56971428906407628
1,0.20303126901788046,2.4279421566638653,1.1764988273251809,-0.20433535224737012,0.022773659899022452
1,0.35577444801535957,2.7030656538252846,2.820843028577332,-0.056888851788471972,0.026820973476265293
1,0.60691699604743088,0.62307747035573124,1.8811430303627406,0.17411067193675892,0.87795755608080761
1,0.20780110910337093,1.2169294037011651,3.4221757880473471,-0.030282260576982991,0.39471595709275242
1,0.00026989324584022974,1.1081556536131552,4.8709133509211187,0.089480992036523391,0.72647084714927079
1,0.13242153796376185,0.98182279308671261,6.2016079616351725,0.10782126294219153,0.65803270219173171
1,0.23750686436024163,0.8033131978766247,3.7145715670373911,0.21508328757093173,0.26273214082260449
1,0.2109259869276513,1.2064009431508869,4.7858153384011013,0.13217982281246207,0.33756323292710966
1,0.1194958904109589,2.1448767123287666,1.669026703845758,-0.1932054794520548,0.082853055385244234
1,0.4467022835799726,0.75868516854995027,4.3213473238620308,0.065717932958252567,0.46509262485755448
1,0.65380090751218423,1.4134779144025544,9.2995410174344855,0.123186376113383,0.46769805370501971
1,0.36042286091840103,1.0511498183019492,2.7647455447787554,0.15774694416914437,0.75601135887031057
1,0.27080022528420605,2.0623576279151523,5.72773985768195,0.16192481677721615,0.1848266853017673
1,0.12301587301587302,3.1161706349206351,1.1820338968071822,-0.47619047619047622,0.086339180541848387
1,0.54895494006234158,1.0561159235909652,6.0929691382346896,0.10012209022791976,0.49407774113675279
1,0.073917729477276803,1.0772344171007724,2.1317967720137641,0.034219507813903358,0.22286276856089182
1,0.682299210853339,1.5365742169876286,5.3473789224588266,0.12580438344454206,0.21698430298370802
1,0.04264996138333476,1.5880390028318889,3.4859673597039729,0.12395949540890756,0.29066266936290897
1,0.19017401635334405,6.3755686980222226,5.7321949890928794,0.68236075197428192,0.096415560955030136
1,0.44501384090961088,1.159347761433049,5.0186100774801758,0.21229210038663038,0.51567548901112448
1,0.16568630823386421,1.9056562668409529,4.4996985530458566,-0.12884547028539325,0.20583280183877065
1,0.10566682950659502,1.2832865168539325,3.2669037938787824,0.047239863214460186,0.14111757736104041
1,0.13291528406500791,3.1080205031433206,5.2789510440570711,0.20612868001738632,0.058263074101140885
1,0.0242247978390134,0.98191554546788296,4.458559343348016,0.0059634254744418448,0.48155391004372566
1,0.37013661420468164,0.95845150595190531,4.9861239984003163,0.090516897020052736,0.34385858891071164
1,0.44092827004219404,2.7721913324657907,5.2157452125206412,0.26655230884498599,0.087972972972972976
1,0.10233432102334321,1.7916094529160946,3.38136875402797,0.083038230830382309,0.40130980534837185
1,0.056947608200455586,1.4482050113895215,1.1206998851321146,-0.074031890660592251,0.51473664673258235
1,0.12060647829083389,3.4998514817367337,0.69414668089302878,-0.69951757408683657,0.19396313853625174
1,0.20092793280953672,1.5192867786507722,3.9589065913269965,0.027668653481441343,0.34113883842493009
1,0.047651496379504971,1.0815213650505218,5.8403654564427354,0.07158393216045815,0.58424047560305925
1,0.097160380135002986,2.9943036712838578,4.8070737575097686,0.122461573515869,0.10606766795712017
1,0.3705524425040394,1.5203398764710601,4.6130391443667866,0.16998407187138323,0.3348244400812509
1,0.3156775770929367,1.1110950047835793,4.7162284386696056,0.065945747446341768,0.15702544031311155
1,0.5396980179795362,1.3377261141664021,5.7893514229566865,0.15916582595426712,0.19703751587511467
1,0.068315330680310773,1.9864855978775822,1.8362547091146062,0.038184574568883835,0.069304766350642338
1,0.16063976433710367,2.0494882640632968,4.3027940154567377,0.1349207847876579,0.063712313337433407
1,0.31765276430649858,5.0397672162948597,-0.85802182375017932,-0.13627546071774979,0.082274826789838343
1,0.13971739887893211,0.97543731457895688,5.7798511424369954,0.085656487749102714,0.31723599791919538
1,0.048163983903420526,0.66027414486921521,0.43696377516753543,-0.14587525150905431,0.8338484493232442
1,0.048651887357699222,2.7959640503295389,3.3614511971396399,-0.3497902935889754,0.89176729960844014
1,0.059990978800180422,0.43633198015336044,0.927428476284611,-0.2467298150654037,0.92210869304531573
1,0.37383731021737571,1.1841848663991588,4.6904575777688367,0.12511614135040483,0.374839681756161
1,0.29196134068878099,1.6209183746957236,5.0160870727745008,0.21638555605168017,0.30140711153369376
1,0.8300960035722259,1.2662145568207188,3.5924236182963067,0.19490957803081044,0.47320975953803091
1,0.026749959955149769,1.9716581771584174,1.1606476795875624,-0.20855358000961077,0.5319657988561598
1,0.058027526725377129,3.1288270574822796,-0.33128570993391293,-0.27348280818862247,0.010276395973934073
1,0.41437395299123336,1.2606893385816522,5.0108352740989224,0.13997115480142375,0.1014160364566208
1,0.41280703953022052,0.91802917323116584,5.3418939636645808,0.14257197078201087,0.81620205767887688
1,0.61120776759397111,2.441228872586827,5.698337678620244,0.20324466844833464,0.11719066657686725
1,0.35709019784849166,1.2125755410115602,6.7192546711114671,0.16326788535319342,0.42493491023920354
1,0.50643552269001357,1.7402071924378248,4.5957358220011235,0.23241131535805226,0.31809981960312683
1,0.56851244896785702,1.1922258639526191,3.1492255945110998,0.079351388649301371,0.16730973280601907
1,0.095677872183228679,1.0936461026967121,1.637636566792779,-0.19800517177687479,0.71474413105894274
1,0.29802832787454175,1.2104906405223086,3.8252879538934845,0.039823872633017378,0.50002463837583833
1,0.039713123528152428,0.8553175979447657,2.8244100022184053,0.016377649325626204,0.49522068858578255
1,0.090192368338063697,0.87298959318826863,1.1743379991962453,-0.053610848312835073,0.060326921340196883
1,0.31361657103324786,1.1725776258495095,4.1000449507581784,0.1147397550156676,0.42988156696021868
1,0.32091145391369591,1.7248711512867003,5.3326076759809613,0.19073182496226096,0.36571907956572741
1,0.85011083870399451,1.3900054318305268,4.4321611329164448,0.15002128690341615,0.24320099701107906
1,0.16264085025242669,1.3980743267022004,5.1598136322969559,0.089958600743522965,0.1333072458096915
1,0.18277796552889491,2.8641007096992226,6.0741959447054468,0.24312538019601218,0.113223261330109
1,0.35280396539994169,3.4428029934881916,1.7266874724843402,-0.23092623189814365,0.26186376083335683
1,0.26534816646065101,3.8102595797280596,0.75799815287956163,0.084466419447878027,0.080129764801297645
1,0.54070929070929086,2.1305694305694312,4.6610116218820492,0.14862994148708436,0.10198340132226753
1,0.34795065898603617,0.97496523200651797,9.3504765052027761,0.059655578007660526,0.91468918743503402
1,0.14397343231099824,1.9027397929283063,1.8118888405232207,0.21937878491892948,0.11468025307683424
1,0.2768068450755507,1.0436350810121973,1.803358605071407,-0.18614600400509737,0.9395244377091897
1,0.10225702441271305,1.1938046982957164,1.5349298602590387,0.11768770152003687,0.43136876627761167
1,0.080432937181663847,1.1182238964346352,2.398349714978425,-0.1536502546689304,0.46953248494848526
1,0.079513953058584372,3.03892533727592,3.1000021947297878,0.16942339678432822,0.1706436384921208
1,0,0.55158654906284454,1.1095522287064441,-0.18228592429253951,0.30382438950286739
1,0.63986172009419529,1.9165781273538904,5.2942390615561656,0.2252677983840915,0.24474936471113878
1,0.29830002633349917,1.5511601369341954,3.0518290129058609,0.22547327149837612,0.10648130682461236
1,0.29724699935486082,0.87376295838242068,9.6011085405534935,0.1199900355712198,0.83008101468999895
1,0.2197900852161897,1.4240081220946357,3.5261840384551597,-0.045738485473765356,0.12860845999764345
1,0.3591470597880515,1.2115297779863123,6.0957727592886632,0.072688608208023378,0.48342914729392367
1,0.0010341261633919339,11.345164943123061,-2.0635681925235456,-0.074457083764219237,0.004466412102445457
1,0.072118570183086317,2.7017262423714037,3.5303818400429812,0.011089799476896251,0.13389353572903756
1,0.06029040404040404,2.7683080808080809,2.0366645123237777,-0.11663510101010101,0.06470923603192702
1,0.25493928978862235,2.0139295601688696,5.4606232733580899,0.15561578538159146,0.21111347637998407
1,0.34159805565499179,0.80851404563181795,4.9571571585401735,-0.022175330180680901,0.59256411152667576
1,0.13359885709338065,2.5846789904324865,3.7470304307559665,0.060911727780423398,0.29391911696969186
1,0.054819372140716194,5.6009672266919059,2.0829354309340919,-0.50954409212809593,0.048521975628110857
1,0.26007287870900575,2.3568714211348256,1.3714344982128666,-0.74523685580426857,0.19298222109085064
1,0.25418807236989049,2.6841898592807683,3.1593805650823246,-0.078624078624078608,0.28979494085021051
1,0.320843277645187,0.57073874303898176,2.2472837772089562,0.086634844868735073,0.68927680436498295
1,0.068556919170545919,6.6242065171392301,1.6056306740911463,0.18874312314854,0.068165846802529864
1,0.066670486398815301,0.95348447719619922,6.9245612639645424,0.059133861044020943,0.78592757629265309
1,0.021636530799877412,0.8435284503013587,5.385173731523925,0.035979160281949127,0.72432877574994248
1,0.20377425356604942,2.0924071941171256,2.8110278800582424,-0.22105076636838841,0.41779226828132282
1,0.096494383091755662,1.0428937398798386,6.8263326196130745,0.18341756013317678,0.52168428581636928
1,0.90632050258581787,1.2517115858526258,3.7149857011984158,0.077383638193745441,0.97587323241476709
1,0.12912931625377214,0.73700227885736669,2.515678308454754,0.098952259718525504,0.40646132430273835
1,0.29029038112522687,2.1365698729582578,2.3253245799635351,0.029491833030852996,0.13038861754087916
1,0.96558257025576255,2.6253552257657087,-1.6502599069543555,-0.092200820966214084,0.073846893980395692
1,0.062093435836782965,0.79183914843288006,0.17395330712343798,-0.19751626256652868,0.088125466766243457
1,0.18505324184779959,2.6398318318904517,4.9291070390990432,0.061664893565105364,0.11016779171754273
1,0.083989104717975216,1.011705800876129,5.8879467769956415,0.11479942475031646,0.87239850305226152
1,0.11038541394530228,2.3220032908456738,5.9610079169395398,0.19532406579858005,0.23874445587100313
1,0.077995110024449879,6.354462102689487,0.52235885957966366,-0.44266503667481666,0.013620754335843937
1,0.71799657402909511,1.4854811699434971,3.6009221753547944,0.16122516810267687,0.22534653720958753
1,0.71933509518201122,1.6654851634441616,6.7765731247349912,0.093740437774981977,0.25480762900824205
1,0.91476491112993896,0.7750109322473967,3.7292533482522097,0.037342735066094548,0.9352792532618226
1,0.90459078110172519,0.70111697080008095,2.464959011978304,0.044834398967035359,0.18873492572417544
1,0.10593553459119498,0.8257173742138364,-1.4105870536889351,-0.29756289308176098,0.20303481106813448
1,0.55449227538623069,2.7249125043747813,5.0760484326444875,0.29456527173641317,0.30359823838013911
1,0.16829540946954671,1.5448569677050441,5.6745870730433161,0.17412694405951051,0.29850641750282603
1,0.081263303120955088,0.95241173748642616,8.7301407801122668,0.049061498455467173,0.75562517801196238
1,0.97571667989768018,0.91531379553673808,3.7685913378404958,0.12300432213107523,0.69926035520723617
1,0.89991624790619762,1.8068548471524286,4.6021656769677923,0.085008375209380233,0.25540183129718264
1,0.85058539179845571,1.2721895134414574,2.356220642159955,0.024492873637508166,0.32385855101915262
1,0.16816079865110767,1.5590849902338859,5.0055959512435502,0.15998063471394466,0.20839322952219569
1,0.23446327683615817,4.3289783427495294,-2.5510464522925451,-0.084274952919020707,0.12028603279045107
1,0.31337943620035535,1.2362891994429239,4.7006803457950825,0.095483359746434238,0.80810503724277227
1,0.90074274139095212,1.1341586015455023,3.6810236781483527,0.063485632830669964,0.98179557060831368
1,0.064493758668515963,2.7083532131299122,1.1597073880279205,-0.56749884419787344,0.2416405031864419
1,0.2131070249882131,8.380009429514379,1.6098378324554272,-0.18859028760018859,0.09806458872510411
1,0.058524711609694156,1.5470949306804953,1.0976117883345262,0.017779659223198224,0.50306118958853507
1,0.34363388953763307,1.7238923363475809,5.0687721180258007,0.10206622337602178,0.35738518037485728
1,0.9311836212412028,1.8374952015355088,3.5676718111782457,0.13884836852207294,0.24632687704026116
1,0.69179190751445085,1.0733105973025048,7.8642662243426571,0.10188824662813101,0.6188333433264841
1,0.91061089974423892,0.9091984883380626,3.7611536029839563,0.10031938311977504,0.91197010622367147
1,0.56727439064235763,0.76722701431091944,3.4121702918130858,0.012709926158269619,0.64058258008879243
1,0.059009961983966804,2.6513599445565741,4.873524168533014,0.23389992623754755,0.085250299511037492
1,0.027040314650934122,4.9535398230088497,0.34571510370239045,0.0044247787610619468,0.035531735397747011
1,0.47998330838422515,4.9642885529958809,6.1314590711295844,0.28955316809516873,0.056878215986182389
1,0.093004944726150354,3.2792195521400904,0.131028262406404,-0.25076375547226859,0.013215710944740845
1,0.12044774579593522,11.770298153306511,3.4381719844535166,0.02646239554317549,0.019541675614320336
1,0.41872057601772361,0.98255330933259488,1.635105659182678,-0.24813071171420659,0.2173055242390079
1,0.24420779968340769,0.79432292416174988,2.4330869010582039,0.022737084472585985,0.49875447257575073
1,0.2224137931034483,1.330476673427992,3.3755376348815775,0.1079107505070994,0.37969280024393032
1,0.072001886585869132,1.1122644926010461,5.7073926169103304,0.10955673654333672,0.48091623284429724
1,0.090530012732857421,2.4919046785707821,4.9516564006590116,0.090234320783523322,0.081331231338133053
1,0.068612307942443704,1.6810015445898705,2.4711457345379633,-0.40899113893179412,0.4630525195860335
1,0.53074519514208229,1.0305425362575169,3.5292094038797188,0.086900129701686118,0.62679981836449372
1,0.024031368895100554,4.579795597484277,0.99731757051652847,-0.20354841214380001,0.080336451806711867
1,0.59982369322621365,0.95674473584036224,3.5810158082379915,0.015246528960391081,0.31524060811659754
1,0.0784527972027972,0.84347683566433562,2.033790196260747,-0.014641608391608394,0.31763715266532805
1,0.28844273826271488,1.6185412146212355,3.7519012005300927,0.19189775626505162,0.048173246906305249
1,0.96553374820488269,1.2957944977895419,4.5616884073761303,0.13052684932278322,0.61146236598862824
1,0.23366186504927977,1.2898597422289613,3.6441958464872961,0.19737174627242859,0.56908585955064439
1,0.56786050895381723,0.51543355325164941,0.90745178320695075,0.15221489161168711,0.3401142857142857
1,0.1356320668228583,2.9908194967912802,4.1173121105084922,-0.24050117143730265,0.25011175586558643
1,0.05700297254764819,1.107483825843679,3.8921263737136895,0.10400419653785628,0.63400539968738645
1,0.2253204754838154,2.2771473503476991,6.1997604150908314,0.17514599298018144,0.21668374657822553
1,0.88801486411416664,0.97094189727796854,6.251370021997583,0.045692588977040441,0.75362483873789932
1,0.61822729988052583,0.96488948626045401,4.1541060665617504,0.19750597371565115,0.80706376449985662
1,0.07607169406128686,0.98532898323284057,3.1902705678578664,0.11489221111753532,0.55283687045544205
1,0.23819941544008261,1.0296079306462247,5.1936232954333708,0.14842104649059862,0.79805140489089432
1,0.52277024249897253,1.8263460748047677,8.3138522673982074,0.21454993834771888,0.38394705119748895
1,0.85244119184526912,0.59976547830632521,1.2756420910162956,-0.18767903815995815,0.99624400274946578
1,0.29058242591267508,1.2538298925736742,7.4264693073113932,0.10819382552491068,0.98721785006361085
1,0.44887243244968639,2.750714205914742,4.7122921493855729,0.19967441786232984,0.7997551515362501
1,0.22727403142663133,1.5256166257017434,5.0900439546505476,0.15636805309819149,0.18213390170511531
1,0.23010096915650219,1.0751856321627298,4.4327197489893999,0.034095515348048791,0.62348100086325642
1,0.13607053276350209,2.1488890443843993,4.4380051860831475,0.16834422399965551,0.18213902390455708
1,0.074821113761277605,4.2770987763144239,-4.6051701859880909,-0.19625635175775172,0.0040611905274561518
1,0.41568208819022373,2.0161090927874104,6.9431504147056442,0.11941321303741458,0.34971509971509973
1,0.24253371007546767,0.77793947287893783,4.0566600019149774,0.083310482412739292,0.71877828610508299
1,0.90610200886037273,3.7836035365108458,5.030182986938625,0.29214883134738773,0.16167755334303188
1,0.60748355621379102,2.7369847250657027,4.0980543391491784,0.2057034165323576,0.10589453120078302
1,0.10663983903420522,6.5270593561368218,1.1226542831483477,-0.60764587525150904,0.12176518831911171
1,0.31140495867768592,15.054545454545456,1.3797731441296253,-0.10842975206611571,0.010210803689064558
1,0.45975395430579963,4.8548478031634446,-0.20211618412213422,-1.082249560632689,0.18234088775577137
1,0.032209737827715357,6.0630149812734082,1.8288946758903148,0.14269662921348314,0.078637283214677306
1,0.0058473832959750512,1.0130049006640958,3.6686512362669443,0.022769989001350466,0.96561207984986142
1,0.35123793537557702,32.277591271506502,-1.5417792639602856,-0.78598405371380609,0.0091308165057067611
1,0.29045591182364727,3.4155655060120234,2.6722157480929938,0.22231963927855711,0.073414344583537697
1,0.038251750712601611,5.8907960023929338,4.0711271110459162,0.34869972199739591,0.063053039523891297
1,0.81183443716838355,1.1289032891385116,4.1153392891426064,0.15019198031735775,0.95861619194117831
1,0.39142367066895367,2.1868816466552317,2.1847020523373288,0.095711835334476858,0.28518720704779477
1,0.60353218031026534,0.95973748543489679,4.1795125745919792,0.086156869016884102,0.6799621489403489
1,0.17416802091429379,4.1275259662262416,1.9838938336679197,-0.19532961209637531,0.069123861897782107
1,0,32.519348951048954,1.0691834779772975,0.98978897208985694,0.11409075662728538
1,0.027586206896551724,9.4623563218390814,0.61464495240498773,-0.58160919540229883,0.027598773117920371
1,0.46297899978350299,0.80978025546655108,3.1166215908294443,0.0302013422818792,0.20626274103532399
1,0.10100650218223924,1.5474748374454439,3.537445912853376,0.21163267123897744,0.42610872881112039
1,0.12459357523735205,1.311022597216803,3.6229800073370235,0.035082585511770056,0.35860431132164294
1,0.27667984189723321,0.5288028802880288,3.8134174016740241,0.13156967870700115,0.37890841813135989
1,0.063024292129766096,1.0649420005895305,6.9221176446579333,0.12137395314965407,0.60923110989540596
1,0.17144561068702291,2.0410424618320615,3.7521828377831747,0.15784828244274809,0.17850526820203247
1,0.074164878945755436,1.8213300643579526,2.2024332110436045,0.20778424762488509,0.20612485276796233
1,0.43951300498063089,0.72069728832318758,3.1572131644760937,0.18151632540121748,0.58604008293020038
1,0.14140179299103503,4.0871026894865521,1.4504421809436423,-0.095150774246128764,0.039083725915401685
1,0.69303968215038991,0.85217295335262655,3.2551306055273717,0.17349291214989943,0.50462636524542037
1,0.55591418136733017,1.0444254275433607,5.1899077626972936,0.16767516138161528,0.47244820934328607
1,0.074395271058567317,1.0109700292966217,5.040310594406006,-0.051087604677089005,0.54782611483140087
1,0.12414490049751242,1.2462880907960199,3.5348246030282908,0.060090174129353233,0.51502440393581683
1,0.89159519725557468,3.3638936535162949,-5.8091429903140277,-0.22813036020583191,0.053641995767789309
1,0.52619926199261979,1.62140221402214,1.9662728435741978,-0.36912669126691261,0.38916704597177976
1,0.3943241224794623,1.4048872292755787,1.4153676086055977,-0.080657206870799109,0.60229307272595822
1,0.068896998920379648,1.9274278210877007,5.8097058318889871,0.089081925300869655,0.11509233856054679
1,0.0014552152522505999,1.2414341644672315,5.2200530765519115,-0.22605273859549799,0.88775736321331888
1,0.4975623984332681,1.0032441351722989,3.8551139722549599,0.21196716529855411,0.7186569542136233
1,0.49155099577549788,1.0562009656004829,1.630220451616629,-0.016898008449004225,0.59824298264409681
1,0.070173368136547079,1.0088228692287757,6.7862405391707759,0.13816459328372024,0.67949400944015659
1,0.058587479935794537,0.7778140048154093,2.738902664584975,-0.028691813804173353,0.72073001644471679
1,0.10411762849840658,2.2098823083961756,5.0977116689734769,0.16545609440570475,0.11620296468478451
1,0.11690937084964094,1.0348972963655096,5.811060151385754,0.14353043498701271,0.50029009308036454
1,0.089321246959982323,2.2562458545213357,2.102913897864978,0.10413442405483087,0.21979421852033315
1,0.46787330316742082,1.321708597285068,0.83811295081013093,0.089140271493212672,0.36118064646885151
1,0.12809883094270791,0.86404526987811958,4.3026451666665357,0.11740320039797696,0.41390428211586899
1,0.072274703853651229,0.60966786624681368,2.6006876827737107,-0.03883640725745989,0.83672026316598513
1,0.045133991537376593,0.38838928067700984,0.86836019811660514,-0.26586741889985899,0.27599430580169082
1,0.073560767590618331,2.2395167022032694,0.84886805555672096,-0.3909026297085999,0.12313551253570296
1,0.14170910248249521,1.0977880330999363,3.8217700164505839,-0.035845003182686186,0.45749075886062185
1,0.039831223628691979,0.84603375527426161,3.3141860046725258,0.11071729957805908,0.74130966036606649
1,0.1198296557946083,1.1610834594859092,6.4168172462230695,0.1457482759147973,0.62231521554824998
1,0.20473658772353792,2.7667955534074431,0.039220713153281329,-0.31039149347510869,0.22118962354790814
1,0.19350636336306243,1.1074715235327521,3.7784230390239242,0.21916023649664293,0.34840047505042698
1,0.22309011240236237,3.020337207087064,2.0620410269996685,-0.030672509049342735,0.12609004178822047
1,0.2702259883389761,2.2548408929451447,4.7887825759649685,0.25258084955231141,0.058391405064472296
1,0.10484026731564106,1.1783906980337622,3.7117899919470387,0.039904199018812529,0.52302901163743643
1,0.054515745692216275,1.1836007130124777,2.3627390158137929,0.16726084373143194,0.46159638554216864
1,0.15785281251076436,3.3230006286383524,6.3497978651838647,0.011388687954255796,0.93355546622153696
1,0.1631564507601852,1.4496812008362838,8.1040122930085481,0.083000068088242368,0.48504516835682543
1,0.23132841161284479,2.3560170297567824,3.3414827623344978,0.20573848453281399,0.091669309957034525
1,0.11750253316943172,2.0591812701105066,6.4378540444938794,0.17403747502564934,0.38085843237301303
1,0.29142430291081417,2.2828369723613475,4.3099531300484593,0.36427425576468569,0.047259194689375401
1,0.75952167817994498,1.1530393365649332,2.4637681305854358,0.10638944719374399,0.62361574969238887
1,0.14334539605950944,0.82893466023321294,2.0478218672993744,0.085444310414153596,0.41109635152594354
1,0.36992197561321766,1.2420376752832829,7.5156881940525455,0.10522866769811412,0.5253511122522323
1,0.074640841113994494,3.6657314267369383,4.6942702135610217,0.041386874983279379,0.1851316993425296
1,0.67755808936506134,1.1248603589854886,6.7086590101263734,0.14504940179172823,0.53127861807126198
1,0.03980202714717563,1.0423655977713235,4.3409311652627771,0.15840791891411299,0.23951210497135461
1,0.25107794361525704,1.9902155887230513,1.5210437616715051,0.027860696517412936,0.18931755687026081
1,0.65518235986185425,0.77829708907358919,4.5297675299389049,0.14571330980302857,0.42526216210285578
1,0.087635054021608635,32.519348951048954,-0.16841865162496322,-0.90916366546618632,0.0041992001905132902
1,0.2425815482873766,0.96606012773589567,5.4922462963837075,0.12858163577771622,0.50267588533456353
1,0.83956487911429412,1.1545901967322441,5.026226451209145,0.17075015343278677,0.44770540078887494
1,0.27532984814538214,1.0454568085636047,3.7123273899764846,0.12302713467762011,0.27540718163634631
1,0.47774275842425296,1.3250378874660986,6.3448869572888773,0.13337007269439871,0.53176011451471694
1,0.13473618090452261,0.23864729899497497,0.81403649783539866,-0.12280150753768844,0.069750333288149155
1,0.68977772987201602,1.108792094036489,5.4037173814257589,0.1454655305437052,0.87119767605543685
1,0.59658139636809882,1.0811116670806002,6.2071100582448349,0.043015968093032764,0.7947864226857706
1,0.079937029910792379,3.6122529298583177,2.1312034762384253,0.11649466503410881,0.042467163004660732
1,0.035192466385126936,1.9537886510363576,3.3020766174609615,0.17479733993495461,0.27522981366459626
1,0.088061371264184132,1.7997842416493526,2.9158228903256891,0.19274412657823239,0.31408591408591408
1,0.75933521923620928,0.97034342291372,1.0385083645984043,0.089816124469589809,0.2486032737793295
1,0.61961656015559874,1.7131998471797723,8.0385120209768139,0.17365934981939427,0.31299077458873409
1,0.1786967898398111,2.5728380879443487,5.2311727859187025,0.21179398812942754,0.12978682237844114
1,0.22663438256658597,5.5506961259079901,2.3889462586420889,0.32227602905569008,0.093394040186482744
1,0.39133830753735793,1.1384632381657109,4.0673672583778089,0.094859304022527804,0.91993888498958465
1,0.12911525760246359,2.9021151157843557,4.0793324421015971,0.12222694949249377,0.21328418693780954
1,0.4996127783155857,1.2961483543078411,8.6297179822580823,0.14990319457889642,0.58733850105075269
1,0.16222046829781639,1.1152854511970536,5.0547606265829925,-0.021468034727703235,0.94112096622004149
1,0.37669820564191808,1.3977932466620846,4.3645498006225489,0.081674734209795125,0.49797818638349062
1,0.5317061351804232,1.3831387903109229,6.0873359330430468,0.19479549059250617,0.19556327558035122
1,0.21646451302990272,2.6323405788399183,2.7632956753281888,0.032784916536567794,0.081730878897785089
1,0.17721433400946587,5.121040398918189,3.3258630167705481,0.44790398918187968,0.070306137016098613
1,0.13146799540053661,2.5890547144499809,2.8671599927542273,0.22882330394787273,0.14815294580278041
1,0.48291717273688034,1.6894884615991295,5.2076757719209503,0.21351168036342413,0.33127896265191509
1,0.73503716260268614,1.3494197418177076,1.1556225433848892,-0.18396140305124528,0.032661107192207717
1,0.07993338884263114,0.69233555370524569,2.2018803888724134,0.17277268942547874,0.82562132063331706
1,0.30363951473136919,4.4020852686308505,1.8982193803291822,-1.5549393414211439,0.49251906454291072
1,0.35833840976996489,1.3220418878542626,4.41324667764985,0.24155135903460681,0.53350813772977368
1,0.62921094775901887,0.96496870680928548,5.6392155086696345,0.061172938363226653,0.81358877237425953
1,0.044702895893383394,1.3026337790259113,5.6605930967606168,0.083944046802470834,0.94752381427360233
1,0.22331975328310991,9.0829084826000877,4.3976908084112125,0.37128160775656055,0.013704165186684483
1,0.00076297049847405898,1.2523939581582555,2.1415944069019202,0.080321995665442958,0.69682990248230858
1,0.20052862210475064,3.2328353620365853,2.0146363183137201,0.10036864436252348,0.11902284055195102
1,0.28931388955295245,1.6781377002151567,3.2291825278568398,0.18857279464499163,0.17237326647339968
1,0.13014527845036319,4.3998184019370452,2.6135929907493232,0.24525827280064566,0.11662195317695079
1,0.22698777944065837,1.3638633110641383,8.3759205985830256,0.097778430025126276,0.48161256089889692
1,0.36165480427046259,1.5954181494661921,1.4971646699513146,-0.22953736654804269,0.5660114317579813
1,0.57334741288278768,1.8553748680042239,3.1960574547875207,0.14162618796198523,0.28497928334016298
1,0.40865807793870529,1.1866347923501639,2.7550610053715645,0.10194446667200129,0.57062418341973287
1,0.28275385678102688,4.3564199443200131,4.4653792431924249,0.26749419127959306,0.055903045970038812
1,0.014033825116948543,14.045751709247934,-4.6051701859880909,-0.82763584023029868,0.024671340848177636
1,0.12424500022370365,1.0045859245671334,3.5861266465391064,0.12088944566238648,0.12835415414077983
1,0.36212495129237565,3.0858779549292112,9.1196495066916796,0.29796077412650995,0.22814957966826849
1,0.083868665239114917,5.0720021413276228,-0.63111178964049264,-0.34118486795146324,0.026808802575333791
1,0.10088097290050752,1.9529014650962369,5.240942458686713,0.17355644929617925,0.091232044483344502
1,0.69910725512385252,3.5911605683389918,3.5440270774344569,0.27417326794920155,0.24780081821853106
1,0.26419532415124136,6.2136440148258618,6.1790016459528738,0.12757698043688045,0.060192227045779291
1,0.054019545253646314,6.0260603381950926,5.3679506995623782,0.51549378775229582,0.10098716200431375
1,0.4321990858303707,0.79919095987811073,2.528684272133888,0.033011681056373796,0.41814760610495505
1,0.51472064338540935,0.67175520810882372,5.1258015757028019,0.044910124329550286,0.62005555199061302
1,0.13347259971007194,1.1755213029278559,6.1261636951406784,0.090355259741361202,0.68453551718473193
1,0.1368152143059892,2.2396524140066574,2.5755087944702812,-0.24780017030939538,0.1640334933880227
1,0.71805266010897129,1.5243246080702078,5.9959619187541549,0.19130373300137768,0.28763155687352282
1,0.57249185172163575,1.3033232746740093,7.299399314572927,0.10559394894493947,0.31282283955394546
1,0.13235714796538653,1.4379961381677753,4.5541610617466954,0.15953300436244011,0.26288698246922787
1,0.35512045339732257,1.0127162793634756,5.5911996444634395,0.13147654079312959,0.96357529244048656
1,0.46198524713945521,0.80153627228901669,2.0149030205422647,0.1737236452343614,0.48767939246596936
1,0.33851342415024466,2.3992196799365164,2.9153895208714524,0.051249834677952653,0.29075824811885009
1,0.022290690728455999,4.0366585971641458,3.7770734648498525,0.21775080957022042,0.10373537704254096
1,0.22802544296807359,2.7265051369979751,5.9501684819006408,0.43856395852223523,0.17266672751118017
1,0.12996433958480466,2.4200735877516499,4.6197631882909915,0.20798130661853817,0.068765750786751234
1,0.41393892477093897,0.74350656853343189,6.3835252157924609,0.045705322996221792,0.86654182805683
1,0.14647577092511013,3.3973032305433182,1.5971628815584877,-0.70925110132158586,0.17851249814409675
1,0.266928459950662,1.3209673765292251,3.9444321106260878,0.23674671499773448,0.16493018336691964
1,0.11550898062262503,1.1881564351294578,2.7463730754213693,0.019607496046637873,0.51511382767354741
1,0.88032022805064547,1.137246538145424,5.2855259034983613,0.14779422729463823,0.42950999137018847
1,0.71248593925759274,1.1824259701912259,6.9646080905749201,0.13942632170978628,0.5529993262907098
1,0.12679191398812859,1.2882251651920706,5.4214239845387375,0.11583044013887332,0.6986320795880967
1,0.4060200668896321,0.87087950310559004,2.4246257189030702,0.075203057811753474,0.41641493521216344
1,0.094611998872530967,1.9716152891307648,8.0666963025592135,0.11111532707443465,0.41944569135788978
1,0.69068076668869782,2.0978966292134826,2.6453943510711397,0.43502974223397223,0.21530393202822731
1,0.1671028195171366,0.77951857166976202,3.8207626141491016,0.11776126962687827,0.68300618452516126
1,0.12148640184553318,1.1976901171676273,7.7135268790549958,0.14773768353872799,0.55720026521757615
1,0.17875457875457876,3.2247252747252748,1.5820667156379684,0.25128205128205128,0.11646882868556067
1,0.02777859561313116,1.449217944943324,5.4448217449209926,0.11361695863388781,0.41426019251793195
1,0.37086751180710914,1.6998508575689784,1.8759474196530803,0.10564255530698484,0.40710682167141915
1,0.065877898722195932,3.3450189304306677,2.8048138695345179,0.31131093232371038,0.044708387420814164
1,0.5240546743052088,1.6511945976579376,5.9857532687626103,0.1507162535981012,0.15242561390115783
1,0.23056923289310202,5.9845497215958767,3.8913303822030567,0.22224011780405872,0.046408984219561279
1,0.010217574227671595,4.8369183796129338,2.5009440274856245,0.033417478062267102,0.10321006411698459
1,0.065069860279441116,16.221956087824349,-4.0745419349259206,-1.43313373253493,0.0054877448567772422
1,0.84795107033639139,1.0765749235474007,0.76779072355571099,0.081834862385321103,0.45699352346324285
1,0.36760867097945749,4.4119282714788337,2.9421732564594278,-0.34286687095675861,0.2414498308616409
1,0.18415545590433482,1.4721885166622704,6.9739858053711457,0.16621237433687974,0.41786516317072003
1,0.11037136441277194,1.795259985320768,5.4159670599814076,0.026489799277459317,0.37160210160764007
1,0.032171581769436998,8.0269008042895447,-2.2164073967529934,-1.5831099195710456,0.095523297330624826
1,0.23645320197044337,1.3043103448275861,0.83421262083854808,-0.088177339901477844,0.31196298744216788
1,0.42286405274728578,1.3463377750153738,3.9121230004284793,-0.0047682809176613503,0.37484267087904649
1,0.84282551821291996,1.1960946870597706,2.541208215156642,0.14540148923324611,0.71423830270731647
1,0.17543859649122806,13.022894277578766,-1.0817551716016867,-0.3371911454027739,0.042297851781189541
1,0.64704083193148798,0.70985747056124782,0.89567977797003062,0.057501146964367644,0.2906226477123538
1,0.052631578947368418,4.1862745098039218,-1.2344320118106447,-0.1713106295149639,0.094169850856649834
1,0.91456068436998761,0.95816253787203709,3.8904520155000029,-0.0048119764747816792,0.47501511276447334
1,0.17640184366176784,4.3857473357976335,6.111540507557538,0.13898892255311043,0.11061826494574407
1,0.15042586298741639,1.6893711100208049,8.2733192425601008,0.11794436026484191,0.35895717240302966
1,0.61213100308415336,1.4107798501982669,2.402430427963762,-0.098105448670876783,0.56089943785134289
1,0.29924188242025462,2.6141825203833498,2.358776372643788,0.036046345301101415,0.10390818434263985
1,0.055686237611341116,1.1066836030610965,4.6539127299760814,0.10340609710199473,0.55173296545446793
1,0.67360838332123851,0.69332170462640563,4.3395496255388277,0.087747914489058138,0.4801947397228703
1,0.6465288818229995,4.237229464758876,2.0244572333470763,-0.19395866454689983,0.33712072511409952
1,0.45286483932667321,1.519647905569653,5.6035900627956021,0.17768938268218151,0.351377728801894
1,0.086429090414660792,1.628893685547846,6.4995614513027151,0.13904456785454791,0.26115502851769296
1,0.77549446075385164,1.6874263398118583,4.4194187538909446,0.24775537317590587,0.29989666289404215
1,0.20450357410444889,1.1247899074580321,4.456832577475125,0.1922726444322945,0.23501453763131128
1,0.24116607773851589,1.577296819787986,7.3479438231486869,0.16254416961130741,0.43293195183422012
1,0.22683949675943574,0.64930423179565389,1.7085590033019076,0.13495996950057185,0.71045871559633023
1,0.0053402239448751077,1.9621433247200688,-0.40947312950570314,0.084409991386735578,0.29560390376253637
1,0.037385431741437533,6.9833574529667146,1.9232262319703606,0.24698504582730343,0.040444858909266745
1,0.079814069193281184,1.6030375489444439,6.7911529210514159,0.14743826879189653,0.31815255398408365
1,0.16596570689097379,4.738087350372048,-0.66943065394262924,-0.94791329666774504,0.051415363210962489
1,0.068234974843508406,3.1617607937239103,5.4894293408315775,0.3443564830189218,0.040437448374984634
1,0.41992085048651406,1.0327665803400519,6.5346561942292345,0.05049145751000355,0.6245412868433089
1,0.18602425015954052,1.3098276962348439,1.5370822502419599,0.089023611997447363,0.22679658952496953
1,0.1458719200763316,2.3393528652410618,2.5600141222748056,0.13801425604759499,0.088939005884081782
1,0.24551465548522353,1.0573620126597589,5.3157495394770766,0.14454568667768683,0.40546663743331141
1,0.045510493191617832,3.7688556189473519,5.3689062969883254,0.24673515045015057,0.13196849163894031
1,0.15148374427231071,0.96038380973161674,3.7529803795204599,-0.25741872136155358,0.9938795016811548
1,0.32598031036208913,2.1737443684298343,5.1261936347305284,0.20410478892040712,0.13008117599646896
1,0.47018027727756545,0.85614884088337873,4.7855899354924496,0.070705109752913692,0.64113285256970365
1,0.42022217128636685,1.6511863733852878,7.1415657360315672,0.17291365047140353,0.34601627283041103
1,0.065877076179129579,7.2110168897610194,3.0885848905686073,-0.062443058378302614,0.13886135245981301
1,0.276856912256428,3.1902251239478838,5.9822623363431822,0.16793727660555746,0.15643925432119257
1,0.31817848769050411,1.5564139434349356,4.1956518747388172,0.13159437280187575,0.15796581644212071
1,0.078414096916299553,4.2775959723096291,2.7842702270136193,-0.17306482064191314,0.042606405673007601
1,0.43268563860376763,2.1632652527752123,5.6293857428667105,0.33421745116149376,0.25626802079933581
1,0.0080000000000000002,1.3437954285714286,-3.912023005428146,-0.095238095238095233,0.55379744592643498
1,0.48228946751114243,0.6226688951442646,2.8094026953624978,0.16948158573774338,0.34781380235925696
1,0.1594958051475816,12.720610640502162,5.0591841593141673,0.45354175554065862,0.017961585601986598
1,0.30679747722494743,1.9547302032235458,2.4794752597907936,0.11198318149964963,0.20047322004732201
1,0.91144484722941477,3.160797514241326,-3.8632328412587138,-0.36509580528223717,0.1292700909314328
1,0.61880545623096272,1.8949145808502186,4.5623566262844424,0.22908224076281283,0.25320613621274063
1,0.15817104149026248,8.0501270110076213,-2.5510464522925451,-0.67468247248094837,0.031576068663749575
1,0.53678474114441421,3.9739198131568703,0.0019980026626730579,-0.40054495912806537,0.52757370947203452
1,0.58642802116876869,3.1404595913235207,6.5713240415204472,0.19167652988037226,0.19365820199951672
1,0.70699789286902515,1.2286162249085062,6.5831325587180736,0.099035155816790496,0.95446715950112981
1,0.54785949832146652,1.0283786058763531,6.0321505323793989,0.095532823006308124,0.45706026286824708
1,0.13698769449811857,11.610355435777484,2.2162643865275187,-0.69053188243669272,0.14736613902949361
1,0.52516968325791857,0.80367116798642535,2.6289348410866653,0.036057692307692311,0.67950339245851532
1,0.092965072847395636,1.2304940953429908,7.7189774525747632,0.077511725294525755,0.94181996817292291
1,0.47550291037495895,2.2785141417532557,7.1353505068643752,0.2153351976348728,0.33575291905639931
1,0.36112265447687242,1.2256152048890918,7.6660673469713236,0.14061224074649897,0.68657833829924764
1,0.94396933560477003,0.59917802385008523,2.8038451118903351,0.056967632027257235,0.81403399034736679
1,0.3956865413809349,0.88571379364497715,5.1716253888548733,0.04111396115793331,0.972990765027553
1,0.3981042654028436,5.15427147891603,2.1525758256673373,0.36991128934256901,0.075658088625352171
1,0.28890912770694194,1.0150266393442622,9.3145201908858457,0.07407407407407407,0.75341762234706366
1,0.064772297552806446,6.1216979093511972,2.2170272046323989,-0.065312516881854035,0.035122166455242403
1,0.16634475106334887,2.7162759159183838,4.2456340097683265,0.11194443873672098,0.055422753095852283
1,0.19857774823102572,2.9311860761716839,7.4575890933200846,0.097418234668005699,0.18736424553580786
1,0.075184414601853614,2.0340575940987327,4.2619894979394255,0.1496831851711746,0.17030773254293435
1,0.57513261613207078,1.0485972907828542,6.0281821300431444,0.075929375270012811,0.90838915059361269
1,0.35815945000603061,0.93933180557230733,3.6170074418761415,0.17271740441442526,0.28858500256805342
1,0.14121154836280364,6.4643056804297201,5.9631833783450832,0.31816784624724315,0.034042173797235453
1,0.60488634689312459,2.1461082015082313,4.967386746765496,0.12152912653870368,0.28486724669521041
1,0.18321721368812782,1.1621893449732785,4.9851738860583819,0.1331738437001595,0.82410257157223521
1,0.041612241089755551,1.8214219070722151,2.3782489969150351,0.14946818436275425,0.27282040774510802
1,0.29681331077270162,1.0703398195149465,2.358776372643788,0.040891144952058658,0.34157334415500318
1,0,2.2664576802507841,-2.7968814148088259,-0.081504702194357362,0.2738589211618257
1,0.00023017608470479918,1.1879100011508803,0.5423242908253616,0.0073656347105535737,0.65791852992204869
1,0.58665540540540539,0.86359797297297292,0.092579181293093171,0.0091216216216216221,0.39530562347188264
1,0.10786642788397111,7.3012601066400267,5.2182292411764655,0.27246405061543394,0.058599676961480107
1,0.11903585263594191,3.2883674217666474,5.3656208117577249,0.1484480862121188,0.28255347204716008
1,0.12491767288693743,1.1018111964873765,2.1485010776113307,0.2684961580680571,0.31780821917808222
1,0,0.79126999238385376,-0.36096986822161325,-0.026275704493526272,0.18544586817461747
1,0,0.95885785385245426,4.4031763933966159,0.10325380967534942,0.96849645056291811
1,0.4448656183512264,1.0268855004768775,6.8868145442873585,0.155510992638967,0.73538281094179325
1,0.64078978629501526,1.0217564469885194,6.3625521282132134,0.12640990122134391,0.66115609651622187
1,0,0.97488312443141623,3.084704227356255,0.10160719700798543,0.8615463576137482
1,0.41374513794080531,1.7074521521856727,4.0276169801713912,0.12186703073079004,0.55519348268839108
1,0.21693749497224685,1.7482428002574211,4.0495563794319667,0.029462633738235062,0.36965533901704972
1,0.19646035963984415,2.5543555377828229,4.3184476530310105,0.13810273212765406,0.13922923965533568
1,0.16629754453538759,1.6135532017332692,1.9866407108242934,0.073760231102551754,0.24483291934198806
1,0.13084795321637427,9.5970394736842106,2.2973715259411582,-0.035818713450292396,0.014751340886730772
1,0.17939856468446344,1.1691523593793003,6.6150486043325785,0.072993627876452777,0.60955505358509243
1,0.084148044692737428,1.2865307262569832,1.515786356352645,0.1337290502793296,0.35580292588877455
1,0.81993367965569197,1.1614263135263285,6.0803976181269652,0.11542335390348685,0.93586725670358151
1,0.13226781414886532,15.35971517852569,-0.57981849525294205,-0.3515188771067056,0.011062677388047507
1,0.071977254588986447,8.373378890662412,-0.10981486600720657,-0.27698523543495612,0.005977857800255555
1,0.11978017725144163,2.2954061689693877,3.2756341586868096,-0.24381748519679555,0.11139586248756554
1,0.47867950481430532,2.1791609353507564,0.21268909341035092,-0.27097661623108665,0.46015464730945244
1,0.30094063385133585,1.4505365823317768,6.8962220259684637,0.16353799854551024,0.47698555696197303
1,0.1124973805954511,1.112624320969744,5.5250185818641153,0.085833857214243109,0.73359218096636858
1,0.79951951996280157,1.4409354599433906,4.6749294304029441,0.14146852708143437,0.49393124705077873
1,0.20904165888286941,1.7829254623575563,4.4049982550111411,0.074295886858386173,0.12731743996844339
1,0.31970154598246953,1.0256593389484827,6.0530016936235516,0.11417384129158818,0.75284849335810089
1,0.14983974358974358,1.15625,2.7780736524703511,-0.20849358974358972,0.37325017325017329
1,0.071267409470752094,2.3894110863509752,4.631286175340863,-0.081671309192200559,0.23822025911957093
1,0.90021401819154623,1.2902611356340288,7.1507014575925263,0.16238630283574104,0.60300612328297387
1,0.29564930784442983,1.0920105471324983,5.7044489191993613,0.074802241265655905,0.56713228458631637
1,0.40264408431826487,0.80152613622517366,3.5613017317412079,0.049134884854392588,0.57436579572446556
1,0.10356919967903949,2.2487555350827662,3.7655395240368463,0.1063924633718684,0.059199103984987123
1,0.5729352401457104,1.2099331521394983,6.0650146851297428,0.070049025652647742,0.70619697830230366
1,0.060110747881779968,3.0717743678697711,3.244582557211606,0.053038895189805854,0.22064240800510379
1,0.35030220877008922,1.1123058389891094,5.3458257572157288,0.11800532927293492,0.88480162767039672
1,0.088109578395181659,0.78669671653390327,2.7099816679519573,-0.12463571012240139,0.8431444992600875
1,0.15343596401743484,2.3030696466660481,7.3881423136075606,0.17133450802188632,0.23125553676411373
1,0.53718376135881807,1.508243197179937,5.1619362028948528,0.22773339097613088,0.15670321311041657
1,0.037249386719575374,1.1464831720646833,7.7136573195285374,0.090966308164234774,0.61115536190439823
1,0.065037120652976163,5.6132071375852046,3.0098816966584105,-0.1800894368948899,0.052796448267060606
1,0.218092598482439,2.0324242355400064,3.2589807623645055,0.0091326275614521338,0.15581817114848834
1,0.36063829787234042,0.90849021276595754,2.6868265646505836,-0.070000000000000007,0.9038844901431039
1,0.47535901815651299,1.0037720630100588,4.6188955606065676,0.032000590455705281,0.34735385334520313
1,0.51552733406091866,11.310410258954262,2.410093300709331,-0.17139597182260144,0.020324984840692954
1,0.0056116722783389446,8.8495604190048613,-4.2686979493668789,-0.074448185559296678,0.0056225196708923645
1,0.17948012653005088,4.3667498280841697,2.3314640525444221,-0.27135194608719571,0.077384271774318364
1,0.030357679591223322,8.7293142685387952,0.65596438943222934,-0.16394005753789342,0.012543224936914954
1,0.38646714378659724,8.5052160052049448,-0.3078847797693004,-0.97137280416395588,0.26383595446844704
1,0.80319200779727096,0.83485623781676421,2.8702257383142689,0.19985380116959064,0.25217074060561839
1,0.21500305353871207,3.4407274207776348,4.0596668473407087,0.12153084074099206,0.12923519899025757
1,0.75193050193050193,1.210867117117117,2.3381452683925965,0.1644144144144144,0.17156585954539919
1,0.10290856919264381,1.7336800573888091,2.0006688605144403,0.052041215599321775,0.29641611104319288
1,0.87388703025153547,1.6979979820508737,4.2565200994341597,0.18154461614713327,0.18948397185301016
1,0.094230186210527991,1.6467051148058911,6.7171539391926096,-0.33580922595777951,0.85969899052846377
1,0.15875106531339583,1.2108545750368016,2.5059340169800759,0.12295653521345007,0.35876763604952494
1,0.35846531340620125,1.0136060673656035,0.25309062768216189,-0.79522641088556778,0.35013235046861835
1,0.10478759669844559,0.92439928887839329,5.4794590609113092,0.02400559146501716,0.97066657601774653
1,0.083375371335687454,2.4369850344711619,4.6906687525902369,0.19464996356706463,0.15487053871763468
1,0.3341463414634146,2.6203818815331008,-1.7957674906255938,-0.86445993031358881,0.30224070327276287
1,0.60895522388059697,2.2120567164179104,-0.46680873834921632,-0.026119402985074629,0.34208725856533867
1,0.17700041893590282,4.0783224235441979,6.5811937684694382,0.47549224968579812,0.13605609013754491
1,0.46857153149421049,1.3834652299504009,9.3367482399384993,0.15684965586802985,0.32188172365863699
1,0.40740740740740738,7.1243118118118129,1.0195690813276568,-0.22222222222222224,0.11795389681668494
1,0.044209354120267261,1.7838537861915369,3.2260500286162013,-0.028730512249443205,0.41750403130481184
1,0.65308906195436989,1.4560651581310777,7.7254470288659212,0.17945726840702392,0.53358314555389408
1,0.20317979892447977,5.5818038344634093,0.70111535020912219,-0.092938975917699326,0.03420128071544136
1,0.86735410355688403,1.1442071739522941,3.1802181531773224,0.21899010973579153,0.55534033794337345
1,0.27972429638138996,3.9176588167719699,-0.27180872329549077,0.018667432510051693,0.15988226331707095
1,0.17910786469044751,0.87047017941989924,4.6160408852514951,0.10733990497127864,0.53212758157155082
1,0.71275741409969595,1.1768485057075659,2.5372618801219282,0.031635404118625594,0.43105325934761185
1,0.013071895424836602,1.6037581699346406,0.83897762877148485,0.15686274509803919,0.16980811682798438
1,0.83487264242659931,0.6290274159051138,2.1521109796392111,0.16639121135524015,0.30037822773290862
1,0.41324830817282665,0.99608218375845925,4.585977172839443,0.11920874544508069,0.86492858072372236
1,0.63715870307167244,2.3074872013651877,3.1812570279616921,0.087350682593856657,0.29223712558204185
1,0.83769469519835926,1.6151248516972898,7.0399942117401224,0.11104687674436763,0.28589802211964693
1,0.02487040236978524,1.1055205504813628,2.9226238017333528,0.15486916810664034,0.61107886228368369
1,0.059846329726424376,2.2151815861537236,5.0449851896952227,0.28040836944673386,0.1726363986875841
1,0.60685056077599264,2.7453773870869962,0.89445403726498074,0.10669899969687784,0.16247755834829442
1,0.63721805596448378,2.6936184092785349,5.5338794872357155,0.25723225780379522,0.084347717060614391
1,0.24480144692395667,1.5660331941378303,6.0176950010042685,0.17602468282043782,0.44908340360558202
1,0.29077074689537469,1.3087709682717645,6.4207405784196308,0.12560610713189035,0.42623466951026612
1,0.47521673577082546,0.59711346824349787,8.9866966956202905,0.044477949491142102,0.59966064010761555
1,0.28846153846153849,1.4393907434994584,6.8121250479668864,0.20463163596966413,0.35847145794505297
1,0.1724014920142192,0.8271283420117157,5.1220931829352487,0.049892354678816406,0.72271220425708993
1,0.51275720164609051,2.6263374485596707,8.4774123214043922,0.099588477366255146,0.382638671262927
1,0.0073808234019501623,3.0122900866738895,0.89240779141082294,-0.049024918743228597,0.020040237830304255
1,0.13327771404734592,2.8373928459693398,0.23111172096338664,-0.045051621649807069,0.024478310599623049
1,0.24400000000000002,1.1086727111111114,2.9768552177843017,0.15964444444444445,0.23635870335603698
1,0.46706263498920081,0.75377969762418995,0.42395969074432877,0.09557235421166306,0.54441260744985676
1,0.90437056406425098,2.5138214419125888,-0.086647806725672155,0.019424729174449009,0.33182257225648265
1,0.17222211638397272,1.8015352896475376,5.9469769884419303,0.20621101183483309,0.4357258836534037
1,0.18564146134239592,17.744829226847916,0.88459364513090055,-0.9299065420560747,0.012352970918233676
1,0.16249137195988467,0.8842491574972593,3.69085250636555,-0.19527792439806729,0.26372736279869213
1,0.88812392426850262,2.3278037865748709,0.36949244764934686,-0.032702237521514625,0.84610171748484242
1,0.27455441789912782,0.87686785732754169,10.598433115037453,0.05174613024442376,0.92036106115543259
1,0,0.25668716747205528,0.84242888327569976,-0.13895397081075805,0.076576144323961245
1,0.09172376626376165,4.2659943028716603,4.1586486808895593,0.24680883824774813,0.04180758333182942
1,0.15951098821132295,1.2874945422791444,2.2948552949321046,-0.092126328045408226,0.63540150626669112
1,0.064696636277900024,1.3125432254008174,2.4987273688053122,0.090726186733731534,0.48610844989461588
1,0.28902920828804585,0.75492986905439685,4.8013699928147551,0.048617221330848989,0.72782119840943371
1,0.19299278213190424,1.9767665190049875,3.5944863536637617,0.012855859483906941,0.115213439478468
1,0.06275796380569372,1.8697216636681129,3.6059325332930103,0.040639221081595935,0.63632761646006675
1,0.76742048170619603,0.35282220996506719,0.50016904357746184,0.052399338113623822,0.41375716519020322
1,0.85883322099902648,0.58875690855987417,0.25851069515150099,0.025836890586385081,0.11372730334022704
1,0.14589423332447518,1.7199968110550092,1.6784041168988233,-0.09115067765081053,0.37745189226537262
1,0.026305756767060616,2.9918032786885242,1.7309473298312976,0.043080442241707963,0.33093341828607836
1,0.23122197309417039,2.2345151345291479,-0.39600994933740918,-0.40835201793721976,0.076445830085736549
1,0.47137637028014623,2.961018270401949,-1.061316503924413,-0.31181485992691843,0.29494083906349494
1,0.24812869543338786,1.3718117058749526,5.9847998875203041,0.13210781230343438,0.81770193010359793
1,0.79765128819652475,1.1023127621330138,2.8805458637448735,0.12069502696225283,0.45862503804844112
1,0.0077041602465331279,12.92526964560863,-2.6310891599660819,-0.26656394453004617,0.0042915896763426114
1,0.70040247854016258,1.0838916917742027,7.1185168894744439,0.1036007049059178,0.48429467257477377
1,0.077037694454380107,1.0962942489513379,5.735487838698532,0.061856241954518762,0.53167699695979698
1,0.31050962239081048,1.4332433243324332,5.9615979475016889,0.16195190947666194,0.37557941325996591
1,0.090712742980561561,1.6367563322206951,1.9349936373139629,0.034557235421166302,0.36216410748560462
1,0.13164193393968407,10.68819722355194,-0.8416471888783893,-0.19291527046433701,0.0088679307140511546
1,0.051536174430128839,1.6894615130492239,1.6559397460855203,0.04327717211760819,0.4010559249120062
1,0.20634030793525462,1.9496358073430715,5.6244831017520189,0.20746545598105012,0.39398978723490419
1,0.23147595752296862,1.2147816489679035,6.5908503478534533,0.13112993676172294,0.88841218789549437
1,0.57285198555956685,1.3485018050541515,0.81492223748586623,0.0099638989169675094,0.3002663739676335
1,0.7660114047817993,1.7303586349443687,2.1335745502597634,0.025506838471348783,0.13193846570915124
1,0.2330203987019008,1.0832198462370575,3.3994291525995068,0.12635218667902953,0.50333030398663614
1,0.091892340460844782,1.4138267267848745,3.8475698139832266,0.0042322480705927912,0.3719337719190981
1,0.81940004917629705,0.89200680272108845,3.4605349010076627,-0.016740431112203916,0.72727899204061242
1,0.035097390665196619,3.5654860345461228,-2.6592600369327779,-0.38754134509371552,0.087562086492684904
1,0.90045602605863184,3.5912052117263844,0.64500680523201037,0.0056026058631921819,0.03399546485260771
1,0.049235200401823907,1.5925754793241196,6.543911845564792,0.17934530956921652,0.38327578931806489
1,0.20852626869088375,1.3682988564352827,5.1279678579350731,0.18958825426885736,0.5015832034989226
1,0.41370891287126138,1.4084752146076025,4.6976764384596823,0.16133556707055752,0.59608682021871029
1,0.12874092937305628,1.7589783713435796,4.8570333525734801,0.1219971154279533,0.54566478249052164
1,0.43697400577649409,1.1696267496111976,3.4899710937155826,0.097529437902688296,0.044277801278024054
1,0.50644582942030225,1.2574063006915392,9.4820454899048237,0.14735763681379663,0.49926976841226789
1,0,0.47361930253449785,1.5631845279166383,-0.028157813351398314,0.57608523636137943
1,0.86315590788976981,0.97017742544356356,1.0862022685914283,-0.0083050207625519051,0.77276264591439692
1,0.055427312313100045,1.8795724909501077,4.8502865570460294,0.11930774880646347,0.28845243006884735
1,0.24609053497942385,0.77366255144032925,2.0593663772487849,0.095679012345679007,0.70079787234042556
1,0.27224474637120483,2.1644911949490884,3.5467108680937502,-0.13015691250657671,0.1483552131833171
1,0.28432765151515149,2.0817727272727273,2.1279935822620013,0.12878787878787878,0.29044484231824563
1,0.16174851354327241,1.0119650590912426,3.4115106829372195,0.045437862438523088,0.5992311040185696
1,0.21160409556313992,3.8714041930765482,1.2404011609394874,-0.11799122379327157,0.14119428409198448
1,0.42966421265824001,1.1016478604944344,9.1362407690182081,0.15560284451171358,0.56527865510587827
1,0.42056975361498006,1.0430771151022555,6.2526954772870251,0.11782405978306093,0.43265068216865754
1,0.16967727307081854,9.1416370644698048,2.5303579126919176,0.30458771067946494,0.021520755996130733
1,0.44282837323786084,0.86034664727381216,7.2043723154914971,0.11020362497202953,0.64553226176653988
1,0.44121091462700551,3.414875863684272,2.7117101619336972,0.10264667993910294,0.063392447605207541
1,0.14315960511090869,0.91328257711908223,3.6953584202116452,-0.063714025456067358,0.17327721861490095
1,0.18105966320388103,6.5240892196455933,5.6717515859920349,0.40211492384411535,0.021160691025166444
1,0.12616300707108302,8.6777074804614802,1.5432981099295553,-0.43729065872720513,0.069648754127889539
1,0.1407185628742515,1.2365269461077846,2.4365913728417796,0.021357285429141715,0.31945117029862791
1,0.28541400423445934,1.244636669400627,7.9314949442509022,0.10585258232081433,0.40637992783936466
1,0.0048955613577023492,0.9904399477806789,-3.0576076772720784,-0.18962140992167101,0.70995298394441897
1,0.020769230769230769,2.7154169230769227,1.2249512107111276,0.090769230769230755,0.29858001689498315
1,0.1895028714618413,1.4912108429288651,7.440431431661608,0.16503092887118648,0.44201003347927043
1,0.17424753677959237,1.1506924011337563,0.63763447062968648,0,0.41393563764151697
1,0.70675453047775949,0.94379516749038983,1.4838746894587547,0.10680944535969249,0.36016620011858141
1,0.10185944763467322,1.1407683893902107,2.2045311525186575,0.076702214930270726,0.65715196594267689
1,0.48688855269793241,0.72350920322743317,2.5398682078619745,0.10615229450327786,0.74509376837794861
1,0.11826929204103741,10.035875868221501,3.1047660345781134,0.29733001975403051,0.028636193354625285
1,0.5739028162660309,3.1795570986659794,3.970820075936603,0.12763420764323,0.14415596754476528
1,0.22231404958677689,15.672279614325069,-0.10647224451051676,-0.14655647382920112,0.0061697607020519728
1,0.58213248045394361,1.0360922853675441,7.014098012106416,0.15420480167625941,0.76200211026114473
1,0.39566061869344832,1.8198844687100288,7.6335632417816308,0.17381211805391064,0.2311540394705284
1,0.13432591623036649,1.9417539267015707,2.1535048699798929,0.11714659685863874,0.37403100775193798
1,0.12587412587412589,32.519348951048954,-2.5902671654458267,-1.4895104895104896,0.020213893529423009
1,0.11106955871353777,1.3955684367988033,4.3219182858156255,0.057451383694839195,0.52247605011053799
1,0.25831600831600832,1.8123638253638255,1.1878434223960523,-0.12110187110187111,0.3016930370853011
1,0.73628264208909366,0.83990783410138248,3.775263551071244,0.077960061443932416,0.4489410731921431
1,0.42082253886010362,4.178375,2.3476540563616237,0.28335492227979275,0.091350426325412695
1,0.35921347046200819,1.1729446103806795,7.499743659855123,0.078845701649004687,0.59852389079216672
1,0.21019462465245597,9.6295180722891569,-1.731605546408308,-0.58795180722891571,0.0055340343110127279
1,0.87890239894840616,2.8095013144922771,-0.85566611005772031,-0.19240880709825831,0.048366462215529031
1,0.31832823910536817,2.7739070288144174,6.071040222662071,0.2635607128258628,0.19247752028858048
1,0.12506546611876562,6.1648141014019826,5.2489695469176976,0.21518713238256387,0.022363484221365981
1,0.45365323827162213,1.0179911715149068,6.1717235616566297,0.15183601854817372,0.53804254154982567
1,0.10804530932326459,2.8331397037467325,1.220829921392359,0.048649433633459194,0.10595109949254192
1,0.096973925176593714,5.2099611929885761,2.4941966966950928,-0.18784337664602771,0.20156462827001659
1,0.51108647450110867,8.4781841938549274,1.5690324977990615,0.11419068736141906,0.030524223652144893
1,0.11993422961601702,7.4486410678015291,2.145931282948669,-0.40680916916529647,0.016906565902495081
1,0.42568385378842888,1.4298981096366716,4.9616831168034068,0.17855020796197266,0.45821534104900269
1,0.082773607269853805,1.3577637297510867,2.2183335405464546,0.001382852627419992,0.63829477666230172
1,0.18547008547008548,7.559455128205129,1.7291745940364338,-0.23888888888888893,0.097800202101573697
1,0.55317134742821072,0.70660082044809092,0.57154435880069643,-0.082360366046071318,0.45060373755480698
1,0.49468155491994342,0.75120237574178306,5.362089969445103,0.039967224127927692,0.41631902276919319
1,0.10192430301976467,2.1931113429548486,3.3162928745717113,-0.10027241639135223,0.14950677564072917
1,0.0799825809261141,2.0685719262592541,2.0340518393810254,-0.29917259399041951,0.44616316519573634
1,0.072631699561717611,0.90083860895471091,4.5520963600261588,0.14178292130969089,0.54928273027557939
1,0.14770246619028143,1.3140321059893025,7.2602456799202129,0.16498905908096279,0.11586296674043596
1,0.22283869421059049,0.79800294494893997,7.610420023497837,0.056021620582642595,0.89496235282265113
1,0.23534631535553829,2.2351270952550641,6.3045950440133502,0.096222776531745852,0.22123291766130071
1,0.035515825078521378,0.73957477651606673,2.4546192488495437,-0.1751630828702585,0.62363202770245985
1,0.30322871980130961,2.3961842402348159,6.7998359367626424,0.20636712576202304,0.17681579870493094
1,0.75831746616710682,1.7350690818882268,6.0865565212890091,0.2333838352817531,0.35480837709360352
1,0.7283872428581567,1.3560826909363732,7.8822620873960254,0.12974852735918244,0.47731251096543692
1,0.5560457747109242,0.83372677398885664,6.9835035479702912,0.031078745153891904,0.88274473325780056
1,0.85572881561309566,1.236203357997016,3.7356676156126953,0.15560840029384368,0.32611252695549892
1,0.89325068870523416,1.2688102617079891,3.5431308775508219,0.16365358126721763,0.36408046951860767
1,0.20371561542245264,3.3163381134359984,2.2415603911562711,-0.29081690567179991,0.041552810975783679
1,0.21612606697307946,1.6305082074852266,5.917982148473107,0.22185686145764935,0.31783330326537973
1,0.28835610401057732,2.2781225209343323,5.1978227708541835,0.21669457910973994,0.075577893595095952
1,0.063282505967749786,1.1327897890583134,3.341659668945959,0.096458323184098985,0.15279896043379937
1,0.41988950276243098,3.2074418310970798,2.1131180680392196,0.18942383583267561,0.11063458185049528
1,0.61678321678321668,4.25864924549135,2.6593500328830211,0.059919028340080963,0.14718147051833289
1,0.020020230970243615,1.1828769071904239,4.8278336220654241,0.12155441288038439,0.60915866995962487
1,0.06510809451985923,2.183928355957768,2.2019909777583431,-0.063851181498240317,0.24552046021100943
1,0.014211886304909559,8.7260981912144704,-2.2730262907525014,-0.91860465116279066,0.078323956174119039
1,0.027339408757501668,0.98292676150255609,2.5164053168473712,-0.19926650366748166,0.28797964808140769
1,0.14359575628781032,8.5625686997728323,5.3782139096939048,0.32699870539094755,0.044858975931626077
1,0.18805970149253731,3.7301305970149254,-1.8451602459551704,-1.1880597014925374,0.035811638782604342
1,0.092047128129602349,6.4270095729013246,0.19227188764712269,-1.5147275405007363,0.1680820735484532
1,0.030134096730450508,2.3954768720807591,0.29862201249011533,-0.028928732861232487,0.24423257633604592
1,0.28595976562197639,1.3688202921210901,4.9350924468476114,0.064949339360491659,0.67723730787934999
1,0.053660366349219585,3.5655125346447996,3.354874172056511,0.17160897743138764,0.040193280761200066
1,0.79107948805535167,0.92047923949619526,5.0657545933173349,0.14340119046753835,0.56904971516326297
1,0.15466903914590749,2.5401868327402135,5.1448864276451269,0.22765836298932385,0.12622715985387908
1,0.68393198258854482,1.0097430244574579,2.512197510023904,0.055334606833056708,0.96184044494830268
1,0.17919445869676756,1.9272162647511546,2.9965319537245554,-0.22255002565418164,0.27694621439617134
1,0.24937862468931232,2.1855037282518639,1.9318112246758117,0.43082021541010768,0.4822012030010201
1,0.26041100850986787,0.72836320840123114,2.8630005611000326,-0.087452471482889732,0.29929774408054194
1,0.60409081668483988,1.7792933014840415,6.0721224501254367,0.17765297824761128,0.19230911172205317
1,0.3003462144456423,0.94488815407579407,5.0538352590024642,0.16563355170412142,0.44881671653580019
1,0.032534246575342464,0.92808219178082196,-0.49102299646981096,-0.4708904109589041,0.79003690036900376
1,0.20827947259565668,0.76133499224405365,3.5485248361412882,-0.014639348500517064,0.46793654162466169
1,0.091797705057373558,8.3879754568635772,2.7946559402763884,0.016468338291542709,0.042889193943453016
1,0.13057282709353088,1.6221680116417514,1.8911522131060898,-0.091943378753803401,0.097048043185237479
1,0.24289894521946237,1.981540206419417,5.4566620961827619,0.12742656232278551,0.254074696472603
1,0.13559463288607385,1.8063640720060004,3.5103805815436475,0.087965663805317118,0.22189605903233339
1,0.045176819107572673,1.6494836141455287,3.4017638878338952,0.11659877800407333,0.53174586515605071
1,0.072865634781609845,2.5991040404330472,4.0784353457559197,0.054188323808976827,0.22110385090477588
1,0.066959824105536678,1.2344833100139916,1.2903339699739793,-0.4521287227663402,0.20112969464561015
1,0.12544522976644859,1.7145724598994398,6.4344405741707051,0.10528538530801533,0.28029540784956525
1,0.8480651780576911,1.8757859564231789,6.1158678426275017,0.1701588434973299,0.27625678778740309
1,0.77487298776747793,1.1284356953558079,3.7419224668511468,0.28839588468793759,0.31145630266835822
1,0.24773901808785528,8.2700662144702832,0,-0.7496770025839794,0.032963438508443466
1,0.026673376950176141,0.44866633115249122,0.90543198853927909,-0.60342224458983396,0.16920473773265648
1,0.21705193635544881,17.61043350345242,1.2814892467537642,-0.055238667066946863,0.013245743453917784
1,0.31380880121396054,2.7408194233687406,2.2427289258406802,0.013657056145675266,0.18890488318015722
1,0.72864428389290259,2.3154688164045898,2.1511806388348127,0.21546961325966849,0.20617118551419328
1,0.74431407045870523,0.65613461784026894,2.4353662042278641,0.1341354407570835,0.88671161680011235
1,0.067403603446775179,5.1549133954217083,3.6852729585198247,0.13593872399686657,0.029122934986694764
1,0.85974061826135473,1.3473628067320333,6.8927187955560187,0.12989743263043896,0.69061847559379275
1,0.26413043478260867,9.2728260869565222,0.47187687362741593,-1.3206521739130435,0.11358574610244988
1,0.15173382409918637,2.0185732274312285,5.2811101682103159,0.13006102285935686,0.35458678726952098
1,0.12540778807022138,1.5061591000840127,4.2628066295712541,0.17549889256216381,0.11597751441569355
1,0.48438282303100327,1.7454457924128637,3.1433761154665532,0.12882726747544773,0.36731132761378504
1,0.036720481164925614,9.0588793922127255,0.42592111667554666,-0.031022475466919913,0.0038438690288989065
1,0.38793007823459941,0.753714349099878,4.9097609965927829,-0.031848463691707393,0.77875025971327649
1,0.22579982389198708,2.8875036689169358,4.0342052392957743,0.13740827707660697,0.046490542202888653
1,0.051376146788990829,4.8729865393292231,4.0567984461481306,0.25072943299744321,0.012212779205868428
1,0.044658311985044656,8.276918625928527,5.0883923146529915,0.24334081759824336,0.042886945849674007
1,0.14994592114319424,2.3199583756677922,5.6610280586561137,0.32420547780581865,0.10078984143129768
1,0.44694064494092434,0.64785394898228521,3.5321671628264011,0.03556956325979288,0.058210837544672135
1,0.50149146343291418,1.4908601022289507,-1.0966142860054366,-0.59546115449762427,0.044611010986856499
1,0.74649780977577307,0.85728303768920511,3.4538214568346959,-0.0538339766665221,0.39882123049876361
1,0.06420465536140306,1.8070717003030496,-3.1465551632885749,-0.26826358888387386,0.02636848983305606
1,0.23591819641236825,0.70422202833810288,3.4411550027192801,-0.10351085363300064,0.8545611632181096
1,0.09974832948431836,2.6590763335784176,6.0085256748279097,0.12923944975820845,0.24909031277892429
1,0.28410414485217123,1.1015271127216253,4.9973406439026951,0.14294622163135171,0.34051912819321123
1,0.81357183577723569,2.4136818814777437,4.7928772150583834,0.17912916701713069,0.17701878535291324
1,0.36440731399747794,2.5249684741488014,4.1844746819848835,0.19098360655737706,0.1565449732807272
1,0.11457722528439077,0.66299695086196786,2.7742748000114386,-0.30280286149876862,0.70913392442567491
1,0.13347628139227494,0.87049126156557499,4.865177829650956,-0.014715817300631517,0.8761003344763737
1,0.38243718073641009,1.7151799687010953,3.3200957802251141,0.11979212803023595,0.20684477038589141
1,0.051287983958044119,1.1707735616227055,3.5852396793541765,0.013959586611136819,0.18194693763277942
1,0.19700069541524359,1.8405365971172307,7.7294610080475588,0.1545222164996167,0.28446399231696828
1,0.38993848857644992,2.2951449912126538,3.0789698721240466,-0.057703573520796719,0.19310839913854988
1,0.20673318831716736,1.7770724796990269,4.7456622965082058,0.047034780656598101,0.22799306511473924
1,0.37372250865822199,2.7267417555713411,5.3505349836177274,0.110101315641898,0.18625266659728162
1,0.38477606438532896,1.0508463476070531,0.034401426717332317,-0.042636849542298946,0.23309483644950788
1,0.10926016658500735,2.3326800587947081,1.6138282607353933,-0.072207251347378737,0.21990208222733443
1,0.59210142150271383,1.0460867852237736,7.9247499816176559,0.1232769652468796,0.4559609930471803
1,0.55392392874337981,1.438314436292716,8.1909900863110092,0.13697640828117477,0.32409890365344396
1,0.066423085791312675,3.5101009205228717,3.7624783681481286,0.21266029336123871,0.02843312127658499
1,0.35763710500595769,1.4275984613007167,8.1917195281292301,0.12992899562288784,0.49335446023428026
1,0.27610503969139011,2.2297103065447423,4.3996946323272885,0.14442544544395711,0.079721702018882915
1,0.038968680949178595,5.3455002882121239,1.418035246903953,-0.32304976462676527,0.012989449161538023
1,0.013065326633165829,7.2457600502512562,0.20945022418220732,-0.067587939698492472,0.032491710192670296
1,0.77969602938631677,1.3988606509666965,6.5095035914860242,0.2009248116160901,0.10384314232657783
1,0.70493454179254778,1.6635196374622356,-0.21072103131565253,-0.091641490433031214,0.33900870223231178
1,0.23968,15.036479999999999,1.5867832218692941,0.068479999999999999,0.042329055736448962
1,0.081776930626875854,1.2209825820400848,6.2622547518895448,0.17546692081193724,0.60124072548432039
1,0.030934187823514911,1.1571050036973134,2.6801992729464339,-0.28604880453537096,0.64268406337371853
1,0.1076842655514898,7.2374542603240979,1.785573710140969,0.16440146366962885,0.0261100377385746
1,0.1187090800872958,1.5023642616229087,3.5824906321525831,-0.081112360293631364,0.22141764518152504
1,0.87184273488543296,0.59159275282966794,7.1968783127503198,0.091068832244409675,0.23865925057770698
1,0.53553719008264467,3.7428099173553719,0.83551442184686731,-0.20165289256198346,0.16657834304893129
1,0.069208895370032816,0.93763397739701049,5.3284876322931014,-0.38885891359825009,0.49545671927307511
1,0.15309597523219814,1.2253482972136223,1.9504711603828759,0.12244582043343653,0.19151691248460348
1,0.32015491366790383,1.2415518799419074,2.2211580942983167,-0.052121994513474261,0.64037769156514568
1,0.011367711396399627,1.1588700423151401,3.8866641709612559,-0.046761815965000363,0.70026689359068583
1,0.28174730321478164,1.4663975284654409,9.5276210517025195,0.12335789810958027,0.4069514530838792
1,0.17203339296362549,3.1055456171735241,0.76453717664661835,-0.4597495527728086,0.069700460829493077
1,0.031736107871039983,13.160154901320393,4.4629036096342851,0.30108710866420935,0.020202679131083423
1,0.10874422761805452,0.87656723273250914,4.2576673352177714,0.030637072347187051,0.46382558390658912
1,0.63345864661654139,1.5335996240601506,0.73955355337410111,-0.21428571428571427,0.11276237168683928
1,0.32455134334987917,1.4304956197296521,8.8554247366888834,0.10765831882112543,0.38089502317421087
1,0.33397011666780374,1.5671692706556593,2.4630018143999504,0.2729753701303132,0.43638863021595486
1,0.057525951557093433,19.043901384083046,2.355177543113216,0.17841695501730104,0.03973472331050773
1,0.3018544491195263,3.4483208664484963,1.0314035389746596,0.0031167212092878295,0.26577337408133406
1,0.41848362002848694,0.87534239070888575,2.6090398507691104,0.14258062159891896,0.85345933598272672
1,0.28118697949903404,2.0596351911588395,6.5384595989727687,0.15086222632400551,0.33793076985389103
1,0.28119302851308975,2.7993692116969298,1.5249687558076503,-0.060562969445052142,0.036977942182076319
1,0.5532249606712113,2.9370739381227065,1.7457155307266483,-0.11484006292606187,0.069362613818960903
1,0.080815304845342398,1.5946829966028966,3.1424266527047946,-0.18809225817986769,0.65881367345579611
1,0.33136221911622404,1.4630684872594346,1.8081248233143192,-0.076013331899795714,0.40689300411522633
1,0.42174031394610284,1.2306505761727611,2.9637254774189046,0.24852554214681061,0.2147754921477549
1,0.35705819956278512,0.98609723791623471,10.781754101529062,0.065209675797449282,0.75154712890134678
1,0.9144075718625847,0.96613116382332309,1.8736466287002391,0.16884786164991822,0.93273580349075658
1,0.14680902693520989,9.4423683571948551,2.6812954637933903,-0.14389711235137101,0.060572574013157902
1,0.04712612367202397,3.7732906564968673,1.3297240096314962,0.14355761372922909,0.018553612359449169
1,0.12882854436375119,4.6686401431428273,1.1384738220932402,-1.0499947373960636,0.045945656523527986
1,0.25864432597105863,2.5270555978674789,2.4091049363717185,-0.084539223153084542,0.28746024742437065
1,0.85739206279982572,1.0145629555790916,2.586635579211777,0.18849292878948354,0.59518875021108697
1,0.24167600185342661,5.8757686572066179,8.3308016835963006,0.090457737789842022,0.076558638587793965
1,0.45318974495335596,1.0191476074143011,10.499242387087424,0.072902125019388864,0.61272634543344373
1,0.42573435839769486,1.1646119754593409,8.2215544820487771,0.13884298544587173,0.7853604171231221
1,0.052838344383533888,1.1371050350642187,5.1675136789228286,0.084548104956268216,0.51342843283803719
1,0.7368436132634224,0.86534376266316293,5.7197640856685004,0.071953370908391351,0.68921494893880697
1,0.067988465785921715,1.4047711562845104,4.8596573535822314,0.17309501411100658,0.28365061262683855
1,0.1062127659574468,1.4388297872340425,3.075421072455359,0.10680851063829787,0.14817005545286505
1,0.81468478094947328,1.4554266524194779,0.94701390451699563,0.216608151427263,0.12376107818973203
1,0.10834271707337167,2.2459760920613556,8.1991967807107802,0.17081954381291109,0.34884377715783454
1,0.074153385985759393,1.1065474828106237,5.9237663728530334,0.082273857412046514,0.63513459541496931
1,0.030631042094846614,0.80457676790743693,5.3110558859962245,0.035304864124229271,0.80051278533736681
1,0.7713382507903056,1.982086406743941,-1.2946271725940668,-0.035827186512118026,0.23498139287612971
1,0.36157635467980298,3.4042487684729066,-4.4228486291941369,-1.2261083743842365,0.20750655693226008
1,0.43212520593080728,1.6525611368142763,8.5084728797791787,0.10098846787479408,0.3076287664686656
1,0.10313091346980906,2.2332487527954585,3.1508110939540712,0.17658696026148288,0.264869288912426
1,0.33916382252559729,2.074963310580205,2.4772104431535298,0.12329351535836178,0.3565176735309683
1,0.35556822500950214,2.2356244773850245,2.2600950413730936,0.01216267578867351,0.19593915464453154
1,0.2680089644623101,1.1559331756252003,0.83029701870717898,-0.037921098502365622,0.38616279586127272
1,0.52925039206922664,1.2189736419938648,8.0960272680669512,0.097076591366240528,0.44306239899055222
1,0.88208504306263258,1.1305934075844344,6.3496633294150566,0.15394327456373721,0.63649673340273627
1,0.25839293700676619,1.0779084726861259,11.30598752798014,0.07205944739366596,0.46965703596157943
1,0.044883022644814211,1.8423891086992787,3.4077094652773785,0.054422619792318279,0.061355471725854135
1,0.16837029893924785,1.7867405978784958,1.7225880103667564,0.10511089681774351,0.18371697654963973
1,0.10284699765392176,16.339341195865831,1.5219173149046052,-0.47308350770401369,0.0080290972310480407
1,0.88108202894977239,0.52899816603964889,6.7349530690920005,0.12453471392132885,0.22166742943766563
1,0.43638715568406639,1.1747070461117028,2.9993258090641213,0.20773093897428094,0.6095349138489442
1,0.27559055118110237,23.417574803149606,-0.24334625863172915,-3.209677419354839,0.2478117249579023
1,0.0303030303030303,2.2108545454545454,-2.5510464522925451,-0.33670033670033667,0.17605210167526669
1,0.34417376695067803,4.7536901476059041,1.1737197611549151,0.052082083283331332,0.0067907857368254979
1,0.63970492231361797,0.73484625930278091,1.2313933999019282,-0.099164381773077417,0.64905442471488373
1,0.733254730222896,1.4474201336252879,2.3953465730753569,0.3104261411487283,0.26152055857253687
1,0.61349441798735271,1.5764794285268173,3.2696069612745582,0.1763603716137091,0.29326812962332471
1,0.057454944096999798,1.2052770495015068,5.6394928114398173,0.057776339569726304,0.21179327584943999
1,0.46030733375315597,0.91918628945401459,6.2384125118023528,0.064396485260103706,0.65669409412242274
1,0.18528986213462678,1.622354581643439,5.3629996273545668,0.11808892653927178,0.39792983145223715
1,0.78367758186397973,1.6703526448362715,-0.57981849525294205,-0.29047858942065491,0.10242335590306578
1,0.38394547519878836,1.6449261643316924,1.7623306585372429,0.01476713366149186,0.36899349715140706
1,0.24908692476260047,4.9702337472607745,0.78618204652713464,-0.23155588020452886,0.082595436675607162
1,0.31513583441138421,6.9875764553686937,0.26005390533430678,-0.4113842173350582,0.04161886575779309
1,0.1336766116411732,2.7714447978191732,5.2967010610297391,0.16789338179615326,0.17298502446741368
1,0.87104950675922543,1.5126535668615275,2.677384786791325,0.1376507124588966,0.56989415723001036
1,0.56142065819485176,1.4034986966438578,1.111528513934656,-0.0064516129032258064,0.035845809621372834
1,0.43474393647947007,1.0748970033119765,4.7914422625263962,0.056997816120214623,0.6533400767421399
1,0.65815226405705751,1.2057511795853486,8.9440482937378079,0.12655498424282632,0.36600173824688986
1,0.033707865168539318,4.5172209737827709,0.012916225266546229,-0.56086142322097376,0.54949929441886147
1,0.41088307928127393,2.8620348292599842,4.1411963409993335,0.35765988248318148,0.10067281335659109
1,0.51938348320723893,0.84059549064148531,4.1799104505517475,0.0052940845176187874,0.3565302840807576
1,0.25530160226201698,1.7347284401508012,2.6235084992256286,0.1675306314797361,0.25345727747357694
1,0.4730854605993341,9.6997047724750267,0.3148107398400336,-0.72225305216426194,0.015733284329397079
1,0.33163179822846733,1.7376424616782276,6.0229050729423008,0.21168660478589324,0.19852677669862348
1,0.055365001294330828,2.125085614591423,3.4949912609485163,-0.048089783415307619,0.16168363009414533
1,0.29098917473813385,3.5877032475785597,3.2426314132225973,0.11099180435640094,0.017151102865388578
1,0.25560037844351235,3.911024940906723,5.8710270539946174,0.3240345530021233,0.1157594211002891
1,0.055608091439848698,2.3491694761943918,3.8457763596092196,0.1406545514349149,0.13130835805483362
1,0.25392213829169086,5.114686228936665,0.31554040058017735,-0.41313190005810574,0.061119868217384507
1,0.6689846287443757,1.125225928937208,7.1312107816344685,0.080393667604578598,0.78274187547370888
1,0.047252747252747251,7.9640190476190478,-1.443923473956527,-0.10622710622710622,0.13191431572320447
1,0.056373993321547827,0.72568503241013549,3.6163087612791012,-0.0047142015321154978,0.97307795112279516
1,0.89643565425036753,0.9785491682743549,3.7459211944811335,0.18247372610390836,0.5036466160230515
1,0.21930272108843538,1.2456172052154195,4.311134639564135,0.11303854875283446,0.13205030108401625
1,0.13743455497382198,3.928010471204189,0.64971762263260935,-0.66174270755422593,0.052744323320797828
1,0.78199941498380554,1.9013884426104748,7.0057708867228357,0.16950750280137572,0.38421863811932117
1,0.63385316278254777,1.488943402838619,0.52768274083241362,-0.068039250043805857,0.055765951043338688
1,0.87962867368710851,1.7097840956018997,4.994560111239581,0.14030846353270468,0.38642230864530663
1,0.64604770813844725,1.118758769878391,-1.8971199848858813,-0.057179607109448083,0.27666218105329171
1,0.65019330979996637,3.5207597915616073,1.3994573476461716,0.38140864010758113,0.050656481260444017
1,0.024734422070715079,2.5135167274456949,1.9436218185373011,0.019660694466465831,0.13000898897667598
1,0.08649010752223453,14.831926277964888,5.8278361788811779,0.41936141115601067,0.016301837609518248
1,0.13127610542620255,3.8613032387677126,7.8686208267253237,0.19323048228828824,0.13368182810584475
1,0.48372432276559291,1.0679481960205588,4.2627080456586608,0.10052075382084033,0.42103758413246772
1,0.79558745348219029,1.7581073896863371,0.96355592434126924,-0.28309409888357256,0.32763834290898092
1,0.21079552675054009,1.3406166603126191,4.0919583842291312,0.12047274113610369,0.49915575067095608
1,0.27520824199912319,5.1439105655414279,2.5915163848462583,0.20572117492327924,0.052969081056756621
1,0.53310958821519727,1.1118237303804337,4.2993377205489809,0.12267127554814204,0.42394482448667997
1,0.33474903474903478,1.4663610038610038,1.9107269882920983,-0.25019305019305021,0.10966658986933482
1,0.088710430479036317,1.4395076571108414,3.5339784928959737,0.088570361378279949,0.13455449197449026
1,0.059792905926415507,1.2128552544613349,3.2673992868090882,0.072879488874201356,0.16631699408735459
1,0.19483264826776275,6.6228655314151492,0.42330502623649535,-0.22846741045214328,0.010511812489692997
1,0.039173789173789178,9.6529558404558404,1.8820571072088357,-0.29463437796771136,0.071203261330726228
1,0.846754433578357,1.064672514727484,5.113324244298914,0.13006952047127948,0.57624086756381998
1,0.13669741363718574,0.55694745885331887,4.1365735664398109,-0.012859468258274552,0.42109365168927015
1,0.20442359249329758,9.1306970509383376,1.2825991247811255,-0.027479892761394103,0.060999779784188503
1,0.63251922207146083,1.0023499185593128,6.8524285982590003,0.058051986059009769,0.6477259791356772
1,0.055644217469943622,2.7063118416852858,3.2319499843554724,0.16477816789020111,0.046556884020580565
1,0.038149528612146454,14.511394156983119,-2.7030626595911711,-0.70565665424249069,0.0055638260652786375
1,0.56885008282716731,1.0270757523467697,2.5587764983544559,0.25193263390392051,0.79827161778982081
1,0.068692543411644547,1.1868615934627171,1.6094379124341003,0.10342185903983658,0.34296164810930019
1,0.091961262892685608,0.71919340996771908,3.7650763144493902,0.10005117707267144,0.88438655732432858
1,0.47144134465893089,0.93062515430348225,5.105921231182486,0.090293393475548323,0.60841041084104108
1,0.16152383289368752,1.3452395558554688,4.3908129219544998,0.0537799317015316,0.60430561097493785
1,0.039393939393939391,0.83383636363636371,-0.26526847761488087,-0.68333333333333335,0.59600386675679407
1,0.10960370106643015,2.2343023231603976,5.4211940740701667,0.159040087946133,0.12366907024550798
1,0.086995621471008824,4.0479242529227051,5.7685272245271646,0.17766213088410904,0.073899730401284169
1,0.19173421551872813,0.938022295040843,5.2695165769423102,0.069221241435537234,0.56951594571103825
1,0.1411326113971241,1.6692925616900407,2.2743913586232636,0.1430853896680277,0.085928880026586912
1,0.15636022122508608,2.0788755087133466,4.7661319036606367,0.11862673484295107,0.27005505107353406
1,0.18914728682170542,12.973897674418607,0.494696241836107,-0.13875968992248061,0.024915859679614304
1,0.26522122778267998,2.3134375393924116,2.4111704034074863,0.29446615404008569,0.28524724152022884
1,0.012686020980727006,0.42924713344718224,-1.0671136216087387,-0.0051232007806782144,0.0045467875809044019
1,0.64743047979060708,1.0554519389850998,6.0403166141232978,0.026947564679789583,0.60330412316256032
1,0.34461305007587251,0.86752943854324749,2.7858133895679322,-0.031487101669195751,0.77015661483720799
1,0.47889908256880737,1.3933486238532111,2.3005830903233728,0.037716615698267071,0.63765889346136262
1,0.012579980479340636,4.9345042837002495,2.1994443340745322,-0.15925604598199761,0.077844333486355388
1,0.093429427180831137,1.4040621490078624,3.6945135527310291,0.047734930737551473,0.11504566362242515
1,0.58316596677012955,2.6182672996165786,2.3758355547336385,0.7568011685229139,0.29176618259793241
1,0.056265984654731455,5.0270515162586769,0.054488185284069776,-0.49232736572890023,0.042662860199548805
1,0.72669407240419048,0.78161052910754547,1.4525501568969559,0.12465190293064579,0.60585752762284473
1,0.22114964831433426,2.054111084162018,3.2781630822230712,0.2212466650497211,0.3196089312914005
1,0.045903814007698565,1.2170472495284248,6.556318022948239,0.12467219777017806,0.4619014616935484
1,0.31456394327238102,1.3677744272256294,4.0466937487460948,0.013547063291426241,0.14807785152016842
1,0.27478280584955633,4.0649340945863788,4.1561292951630504,0.22355281192996196,0.021735010594328186
1,0.25424271533781617,1.0434908741594622,1.9616428809013808,0.038104386807556831,0.42375205789408477
1,0.034065102195306583,2.3933686601059803,0.050693114315518165,-0.40651021953065863,0.21349679280373476
1,0.18982640209839216,3.1384403219670429,5.0744673157218099,0.20579460585066978,0.07953777877020124
1,0.048765952036616177,0.62918567137612647,5.3318343442846396,0.026182794844492475,0.48523310663610358
1,0.38960193452380948,2.6256510416666665,2.5718485799218085,0.23446800595238093,0.10343239701037865
1,0.26778242677824271,1.4430050423774274,2.4601015308690291,0.0099774702285162532,0.60846452668166007
1,0.07601089461554579,0.94770060758432839,4.4755966649321977,-0.065325790907186251,0.80446801435986459
1,0.45490742584113086,3.2997244674497312,1.0982788997668722,-0.12024686442365121,0.039820167297796208
1,0.47053908498602404,1.1108109576522653,7.7132985672766239,0.12860261485594265,0.69732035307359641
1,0.41190146692499302,1.0998700679644493,5.8857039514288161,0.093172801918996212,0.73534142469587482
1,0.023551577955723033,2.6557230334432411,3.1245651453969594,0.21413094677343383,0.1997836150476224
1,0.41888044310118944,1.3180760574890069,6.2505773775419593,0.093844447615217985,0.36220984837907505
1,0.0677527181898325,4.4985077505142526,4.7708710477657279,0.17837202468410226,0.049519310755211335
1,0.25721769830875235,1.5500540971470873,2.9102833117215083,-0.067536017311087063,0.32468176558108774
1,0.22879769618430523,1.6481011519078472,2.3038842487256659,-0.22620590352771777,0.41389779236309426
1,0.1811669434094349,1.3158951179118652,7.3815728757981853,0.15557624974477366,0.43188290859951545
1,0.27261893502317219,1.2915287367193165,5.1626866289830291,0.077045304076421073,0.31625250207489142
1,0.090886023390463894,1.2042859449609007,3.9910929324116262,0.002837304791123619,0.21008676997337519
1,0.45845731288624403,1.5744617462955408,6.5588075459591417,0.24493218028202654,0.37701878836552161
1,0.010129564193168433,3.6804240282685514,-0.10536051565782628,-0.22421672555948174,0.0061318278991768747
1,0.077711708017223713,1.554044699610416,1.8809906029559977,0.088168956325610004,0.21203112358287476
1,0.020972354623450908,3.9404194470924696,-0.62923385481629246,-0.51827136955830955,0.1726543284544978
1,0.12746054608248542,2.4794754448729259,4.2629756079565047,0.13607148941442487,0.089964068714484494
1,0.15824928935789104,3.3615513414586657,3.3520771630307413,0.16023519333359293,0.063455657492354739
1,0.18549465240641713,3.7752306149732622,1.971160097594346,0.26704545454545459,0.2360234040311664
1,0.34173829990448901,1.381696911811525,3.6116203685669848,0.25768863419293214,0.55392853768856964
1,0.133406432748538,0.785760843079922,4.4418038387097418,0.019566276803118909,0.33568363561657638
1,0.038622441356641272,2.4261915434035566,2.1972245773362196,0.080681308830121035,0.080795639991378509
1,0.2265972222222222,2.6589583333333335,1.8597295956673221,0.034722222222222224,0.15153177152707042
1,0.16262249183387775,2.9297130191320582,2.0320878452963655,-0.023098460102659826,0.17799191669819023
1,0.31246521981079578,1.4223817473567058,1.5713205903209722,-0.060656649972175854,0.24901996072018212
1,0.072269412768598246,3.1091362190675667,1.3950063017219121,-0.063552090605849043,0.0079591066588905277
1,0.19062419062419061,1.6954718984718984,1.1612740497928207,0.060606060606060608,0.13488706530810085
1,0.091954022988505746,1.5458769438810005,1.9578387199205871,-0.041244083840432724,0.45093668866386277
1,0.078251159594571379,1.0884233808623949,4.4909483018977951,0.14248410925957739,0.30108689433114272
1,0.02221005066411064,2.0425133506778037,0.38185524246903069,-0.10768177461317266,0.06685225564350826
1,0.086855941114616197,0.84116256572029424,1.8264829052864406,-0.15331230283911673,0.51878527739886315
1,0.1237329605033205,1.3819031807060469,2.6527488853171208,0.054526389374344633,0.16997059660438205
1,0.31834319526627214,2.5464925706771857,1.920152683996454,0.0060486522024983556,0.22689160158206548
1,0.12394251350524921,1.7120706350015291,3.0365382679462449,0.19416980939761494,0.30660008781264653
1,0.10975485708473197,1.1285093072932559,2.5413657450876541,-0.1441358966534432,0.26085290969522845
1,0.0057016737171234136,1.1365594077616332,-1.5324768712979719,-0.2343203972779106,0.034792608140483162
1,0.34022004889975549,3.0383863080684597,2.9119701574486605,0.19957212713936431,0.061821034843485959
1,0.92083515572845931,0.98508966184019708,1.7974101407368694,0.079533159918049767,0.70849909144613366
1,0.071302926098176497,1.1356053010999556,6.0948353345689021,0.11985024819673532,0.46967885887321709
1,0.066299512815081549,4.6815293370048714,-0.91379385167556781,-0.68565981783520447,0.052620862837363988
1,0.59764942100981422,1.2893652744361552,3.6435943898982517,0.14145015837848129,0.31248279982011129
1,0.05658105939004815,2.2642776886035314,-1.1301029557594804,-0.27929373996789725,0.033672539866514958
1,0.037545773631349429,1.8121343807454453,3.9069903629000713,0.19850181575068754,0.14847704019539545
1,0.062554808535515927,2.07919833382052,2.6806104853434283,0.30371236480561237,0.31421617299463128
1,0.79575107589316219,0.75938357128219136,3.7944324512460152,0.026750461097069474,0.50810426025236222
1,0.21730860675225866,6.3266167379933416,1.1193948278506383,-0.5572990965287683,0.12386437302116705
1,0.042430591932949187,1.9644665618997734,2.1798523276117487,0.085559629823642389,0.12283898493400291
1,0.068799364164721086,1.1239019836736044,5.1299578847701364,0.13800440448396337,0.49071972434952438
1,0.46947549441100606,6.0537403267411873,0.25541711186450539,-0.71969045571797075,0.14835908023065422
1,0.18782142058582396,2.2769341134381755,2.3735094313307443,0.088097190131922187,0.17414289046101222
1,0.1029081850337889,1.6867989319680139,4.0371037920497859,0.18001018484110273,0.16403695400739654
1,0.023397660233976606,3.2242259774022597,2.7751479446347043,0.10668933106689331,0.16284450870701772
1,0.063446143102975278,2.0985235803177291,4.8505213135263858,0.22532857819787017,0.15733054448003139
1,0.6810575635876841,0.86194779116465858,0.77840702451076871,0.16248326639892904,0.60629004076878279
1,0.20215625660029568,6.7321432000153605,3.4268326392539863,-0.37433997043067524,0.021409416406945759
1,0.82798778324782174,1.1278980899067592,4.7533660280526702,0.14633569535411564,0.41511286577819601
1,0.17775594304066641,1.3389797108037953,4.4052181211379855,-0.069087389461643389,0.28720636283173118
1,0.28504410585404971,1.1500952285485166,3.7731286865588363,0.14855653568564556,0.62419432859626878
1,0.4679967463172191,1.2648577539887467,6.6936978237916831,0.10739858360322979,0.58582510230857521
1,0.11018305696929896,2.1541413560991627,3.3552232487522047,-0.038663602035790508,0.065506301980622475
1,0.30143830431491292,2.4628501135503407,1.9059806133180779,0.038758516275548827,0.12552924994428946
1,0.081360201511335009,7.1138958858102423,-0.45570632454491111,-0.37489504617968095,0.010103096433819408
1,0.11482444112450457,4.3376310637223803,4.911382017158922,0.26742797890701209,0.059647809464196684
1,0.47061975352741553,2.5761355599214144,2.1773619482399678,0.1323450616181461,0.38991157867530313
1,0.23583476416523583,2.2583577416422584,2.3232696841868785,0.096858903141096853,0.049910554561717356
1,0.10101758878630636,1.5242423440162507,4.9950816271694896,0.2078595977780559,0.15448346427226453
1,0.17865689119698591,0.97451759075403499,3.7917744328319705,-0.10233694822055903,0.75719025103837412
1,0.72972972972972971,3.2476663119812725,-1.3783261914707137,-0.061076824856352414,0.20169343855466404
1,0.11762719495722646,6.0980695632597932,2.6866903619808005,0.40285907248986941,0.039243012261133997
1,0.11523197581026175,2.4773693659642824,3.8566371373474113,0.2055182840404422,0.1293576931878862
1,0.63282951620355088,1.1913075044551515,3.2333702710186532,0.073823509999339981,0.40089753178758408
1,0.40280750025476408,0.92656106695200247,3.9958860984351374,0.78795984917965955,0.32711587702565692
1,0.19325598259608412,1.5063451776649748,1.3907842663927426,-0.2641608250745307,0.47372995814444846
1,0.54572784810126573,1.6668512658227848,2.4416511411170432,0.0071202531645569618,0.27508514540214829
1,0.084920931390860405,0.70965633171460585,3.8778248580481689,0.053957581040136142,0.41584419002500328
1,0.40848465370400128,2.7584364454443193,1.4011829736136412,-0.18415555198457334,0.14884289937812215
1,0.59462069402228979,1.9873868097771026,4.7865996783441869,0.19387981256332321,0.099530624884249339
1,0.1045481393975192,2.4082187157201926,4.5241011184540909,0.083216606193570158,0.19524313414950353
1,0.038771249627199522,1.2785937966000596,1.9753302454224415,-0.073516254100805242,0.22089395573956908
1,0.84878040612664352,1.0917175615657351,4.1073924010713583,0.12243659242081116,0.46975487141696931
1,0.1157984398816462,0.95413229624316331,2.4894795116331343,0.12131265130458171,0.16059860333719012
1,0.070448548812664907,0.94894459102902373,1.8860084801311625,-0.2530343007915567,0.48825246767690811
1,0.44501169963837489,13.29695809402255,1.0206507471983979,-0.45692405871091263,0.043986287480083056
1,0.23084054388133499,2.5815667490729295,3.3924593157188703,-0.42669962917181709,0.16701081524308858
1,0.52135195058379136,1.2344091679110945,5.7991774993459453,0.079693064759929322,0.47382439827594558
1,0.097723486951693514,1.3631431612067368,3.6380597317839616,0.08458263927447715,0.40468088356344573
1,0.17450373613102874,2.6923918786323497,3.0250968821838948,-0.17254132387349988,0.30971503861626226
1,0.30391308860671906,0.94698647199252672,3.4401616516802962,-0.033802719440888487,0.62815231588465792
1,0.21255823316270775,2.6873885661701267,4.8485084445878206,-0.10798297578650716,0.21436310375730663
1,0.31981001385315655,5.3401444686324959,2.4210789870418346,-0.37314466653473183,0.085842717456786705
1,0.032050363720293525,1.0344061888161977,5.5694393240738922,0.085207646880919405,0.49795720517969666
1,0.02600780234070221,2.2925877763328999,-1.4064970684374101,-0.22670134373645429,0.054641709207789754
1,0.14478887613215971,1.7454535017221584,2.6349058670642069,-0.10364842454394693,0.18545438333768194
1,0.84016832068495806,1.36835960303561,4.3029022552078917,0.13774567036388402,0.23512158703071673
1,0.49824067558057705,1.2607878574627343,2.5065050493404963,0.0072931994114260124,0.29836545963122946
1,0.50370820867194288,1.0240574374380094,5.9128460331223218,0.12772401294709732,0.6115763419174064
1,0.037057073302677851,2.4433324317013798,2.0879056200919655,0.035975114958074116,0.26403188309531711
1,0.20547377494861083,2.451309802068828,4.9217676498535603,0.18291227372190175,0.13564359574211793
1,0.34572352063649925,1.1557807061163601,3.7810027429897421,0.051964196916956737,0.52739026147938595
1,0.78149430974764966,1.8658213755566553,2.3443026863459142,0.12290945076694705,0.34862397485961288
1,0,1.8484451718494268,-2.1628231506188871,-0.036988543371522097,0.0016823091907207368
1,0.73158179848320692,0.8336577735644638,1.7343068944799698,-0.10455037919826651,0.79746850454267881
1,0.88029797565865164,1.4856110540350229,4.6080560179665486,0.13215743765559645,0.46929609858815668
1,0.40595282203285171,1.9031431394343585,2.9502117582521814,-0.0029640607632456469,0.4025714919086677
1,0.52601549859490759,4.2691816401260327,2.9043842340946857,0.24968066081921142,0.13541978337621924
1,0.16204812407344055,3.1847322005549854,3.4958103487732171,0.047477857604439892,0.098924872360297567
1,0.12409886714727085,30.512422760041197,-0.29571424414904518,-1.3568486096807415,0.010193211135745643
1,0.87505169367269453,0.89169705628031115,1.8702625307159986,0.042276025414489271,0.67983514804001144
1,0.93362232457328642,0.38314630181522619,-1.4024237430497744,-0.08561365483608778,0.82136662606057631
1,0.4396786315925878,1.6395561157774456,4.2526153143118224,0.14696007633677713,0.23370959282065282
1,0.086783345428769143,4.4607728139609462,4.3863672007723018,0.23447705523957404,0.083119801820054656
1,0.036597072234221262,2.1021118310535156,3.1787202748911061,0.20725341972642189,0.059347096221158663
1,0.91788565083488716,1.4627233873164192,3.260938649240587,0.074986905784500638,0.4047853503253136
1,0.23365517241379311,9.8508965517241371,1.7695138602807354,-0.11406896551724137,0.033393590336458293
1,0.038424476029872326,3.1557212719826548,3.0301820082832167,0.053962900505902196,0.1529841178209779
1,0.13355809994325199,2.7256067029408819,3.5345912648326863,-0.099709583736689256,0.27479149061248487
1,0.83699527402371288,1.5859489262913522,6.3051797966065788,0.15073377000248739,0.45341598995824473
1,0.024319868095630665,2.5102019785655401,1.1346227261911428,0.19703215169002472,0.042448376370130138
1,0.076387875249355322,0.97538832530530817,5.0725140311421208,0.19684474285992312,0.26983877077328611
1,0.51051389524849422,1.3453324410317824,4.6718470442523712,0.14587956277224004,0.49592445848532979
1,0.11954624781849912,2.0378526759744036,3.9248997432418253,0.15753344968004654,0.068611271189011072
1,0.13712476250791641,4.7976187460417989,4.1845051419300576,0.20487650411652944,0.039960715153179213
1,0.07237251243781094,2.590961209577114,3.0121959995846561,-0.03125,0.11104068766618788
1,0.36078341249170115,2.3061991726673816,4.3031051731688574,0.054185179510750213,0.32271361291630402
1,0.26080614304577321,1.0383084233090654,6.4557707266674882,0.13405972478786143,0.92864550133670765
1,0.11518324607329843,3.3734624781849911,2.6559144466816815,-0.56058339566192972,0.69825063384277741
1,0.5816378175928737,0.81341629550899219,4.657269155732072,0.038861895603468637,0.58010632188750511
1,0.24327868852459017,3.5645130183220828,3.2248976571866947,0.24829315332690455,0.036532842765934423
1,0.046062246278755069,1.6345872801082546,3.0218872310308424,-0.066305818673883632,0.11321566939302626
1,0.93071379793695863,1.1171580167487329,3.2926837520129206,0.15172698846278257,0.49974764891227635
1,0.14823158097624439,3.1286621211391124,4.813062018893576,0.20911434491398836,0.06970677642737369
1,0.23364485981308408,2.3383419271672574,1.1148136680061178,-0.16339026748308089,0.49325546539872867
1,0.0182616574893706,7.3098208684742456,3.7351903569771867,0.4198787202899561,0.026918015904800047
1,0.35187643439116917,1.560457559720821,7.3280722172983968,0.17965903034665315,0.48444027083905378
1,0.23349438553251672,1.0643857433347963,7.0791330032301811,0.2269206960061482,0.61872402641832858
1,0.16922855381070712,0.44546928135465558,6.0072025524600434,0.063844713823113478,0.6247202559554399
1,0.8661770886327943,2.3596131301289565,1.4583824375141445,-0.43608573514123289,0.49924186143523719
1,0.26496696140156401,0.71213767959054652,4.9184761445774647,0.046990153371842279,0.92127992703503847
1,0.10436522741919071,3.2504663704507681,2.7651863924730193,-0.041311942475324763,0.22665351886344545
1,0.66053991958644453,1.3122584721424471,-0.083381608939051013,-0.57208500861573808,0.40881678617481421
1,0.027808189183271294,0.88756295160937149,1.3260134302349607,-0.086708999343113644,0.51782410262735912
1,0.1939361320416218,12.880471833512738,1.7112722183153684,-0.94348762109795492,0.039194520567025208
1,0.60383536014967254,0.4998538353601496,1.1190682972354919,0.072848456501403189,0.12772676764723084
1,0.18406593406593405,10.17106227106227,2.9943813614830348,0.38644688644688641,0.054633197680700109
1,0.018540729635182406,0.95682333833083455,2.9225700079250068,0.16211894052973513,0.82601959100147881
1,0.35872350856862695,0.78290923519958799,5.1322096521170826,-0.034717734247518305,0.80523525311854238
1,0.19254132281406547,0.84640860579366428,7.4185409019481066,0.028484305800924467,0.33664268364520161
1,0,2.2957051456575006,-1.0356374895067213,-0.059760413830656139,0.01784840713343315
1,0.064958177611674675,12.319095924541735,1.1118575154181303,-0.36429969745506324,0.011860562546048163
1,0.18220991074176668,6.3180209295167735,0.78754785598142962,-1.1591258848876578,0.10210817328185705
1,0.42963123108283402,1.0230032738279078,5.1066058618570516,0.037957872629563287,0.6191918137203718
1,0.53333333333333333,1.9383896569380441,2.6278519257730979,-0.034767025089605733,0.28066328990206496
1,0.26041666666666669,6.331018518518519,0.89158811923378323,-2.3981481481481484,0.2283363802559415
1,0.057461873638344221,4.059810729847495,1.9497598722100606,0.0057189542483660136,0.065067373240204257
1,0.19203617913081844,1.2787337304213544,1.9461958225324738,0.030774321641297155,0.41473302855171224
1,0.16001604170844194,2.4611824075930748,4.2792876797210067,-0.10729563531849476,0.16305121397093039
1,0.032174517900220516,1.9807308085068593,4.0915573482140646,0.07800914620610043,0.045891987208225002
1,0.26963455149501658,3.6581769102990038,4.3175281127363316,0.24132890365448503,0.20554689637400397
1,0.027663696241766757,4.9511817125145301,-0.37396644104879345,-0.19860519178612943,0.0085778781038374722
1,0.072172712438810099,2.0957909710890759,3.5846016854073479,0.2197397598426844,0.074244133236177789
1,0.57225258044930183,2.1549281521959118,1.7394129888558458,-0.18326249747014775,0.45729044376614225
1,0.16824577059638865,3.4238897222169484,3.2442706298881427,-0.25925152372453336,0.091578585450794656
1,0.13890037205456801,2.9684576271186445,-0.37251400796847856,-1.7238528317486563,0.17728079118759885
1,0.30970345674679767,5.3876118617301278,1.0220911507603665,-0.5574662221442358,0.10874804585721731
1,0.19815226689478188,2.6307869974337041,-0.18753512384684212,-0.16971770744225834,0.046491664471823083
1,0.058252427184466014,1.6578899676375405,-1.575036485716768,-0.71089536138079823,0.56543714993649408
1,0.076307363927427957,2.758626823194593,3.0475654221940083,0.088046958377801493,0.28157843832613322
1,0.49167244372382418,1.4826762050177322,9.3845921219560786,0.14787528431715183,0.51742696175630531
1,0.39858457746058884,4.9666073594020244,4.1998450680808412,0.32662067868715583,0.051933151164721691
1,0.3769664528255629,2.8095639412141273,4.981316329757969,0.22813576867023524,0.089518683458944134
1,0.042117465224111285,3.1565880989180832,1.9694871570117822,-0.079984544049459039,0.094623129418245258
1,0.70969866025135842,1.4693851362561701,5.1748947080718022,0.15157202704384254,0.46207303550682638
1,0.35098335854765506,10.925208018154311,-0.66747943381136754,-3.209677419354839,0.23471374789043231
1,0.055740839558875849,1.3548281305585201,4.1494165417116324,0.15045802205620776,0.056371774726244057
1,0.16491164366981359,1.6420660856935367,3.8596343745364257,0.2133260711692084,0.1696058378019791
1,0.15746524938675391,1.8495489234123739,4.9402199828499489,0.14588171163804853,0.15166530479318069
1,0.736622282994984,1.1675297451831195,6.2974389157033626,0.14702570732951098,0.28008395387175389
1,0.2508084800574919,0.83986585219786791,2.4217893404725221,0.12360761767876392,0.9590646944398491
1,0.043855853628384227,2.2191853133885524,5.0531390736229795,0.035961181851897638,0.15571131585772952
1,0.33805634039220073,1.118429518560998,4.5945237128841239,0.066942680504657723,0.4048973874763947
1,0.3161094224924012,4.6156626139817618,-1.2413285908697049,-2.5296352583586628,0.3763451127487813
1,0.050921435499515035,4.8368816682832199,-2.9957322735539909,-0.52938894277400583,0.016343063973570358
1,0.17619367854741091,2.195295121825048,3.2841390833202291,0.13853396099529253,0.1212378276160684
1,0.61385738301449144,0.89558196610842744,5.8294660703864558,0.016222274239425728,0.86788576124922956
1,0.55572665223905449,1.1625665889795238,5.2159461165896248,0.13198768103878808,0.4878115138638548
1,0.22500986389736949,1.974384511957342,6.2109373695327292,0.16199392460534834,0.30301851503339999
1,0.013779787060803213,3.6863140426653844,3.2672468535935955,0.056623525671347812,0.13885008919255495
1,0.23474934568149791,1.8526669351050267,7.4918685385179469,0.19012146835782837,0.33785411381847597
1,0.39791524768880865,5.9014019501236747,6.9100795757105002,0.23488315588641803,0.074244140355584021
1,0.12343308377742779,1.9350255668946472,3.8177343037373697,0.26119225873265878,0.099446404977337741
1,0.10713118103800573,1.9917347772782996,1.8800755502766229,-0.21863506334286881,0.055024082974696208
1,0.26429536244934709,3.1037257991895539,-0.066139802504544945,-0.1130121566861774,0.10720438101800642
1,0.98666204746232467,4.7561926208210643,-2.7181005369557116,-0.18257405161960855,0.14127287626331603
1,0.20472673559822746,2.0330871491875921,1.4276761988986597,-0.090694239290989659,0.24455100261551876
1,0.093177733204824295,1.450636901195655,4.0507235151176699,0.16887650108103883,0.38788977975704142
1,0.28023710090260001,1.9594570928196147,3.7932619917070736,0.18572005927522564,0.13545501734266985
1,0.19417282772875424,1.7771335161777564,4.5218537923137827,0.21535893155258765,0.084255730793210554
1,0.06911327343758096,2.1021271800292225,6.0628266098436283,0.1737391322369716,0.31430805998797251
1,0.1393273850377488,3.2622254632807133,1.7491998548092591,0.11839396019217568,0.16862812134281846
1,0.052226027397260275,1.3373822773972601,2.1021810286493254,0.053296232876712334,0.43956307766174535
1,0.035029062291034418,5.2964450131166085,3.892636291627956,0.16123141813692712,0.040728598820873679
1,0.0047846889952153108,6.0565618591934385,-1.820158943749753,-0.21189336978810661,0.011511440905115253
1,0,3.7220155515775342,3.8918202981106265,0.98978897208985694,0.12576886514189953
1,0.34802952867688813,1.7166751845542305,4.5678524610037092,0.15400340715502556,0.34673419195419219
1,0.19704797047970479,1.7701107011070112,2.0451088625993306,0.15990159901599016,0.15898825654923213
1,0.45263007642464653,1.1118895587904059,7.5323832258710297,0.14037332313639625,0.70195390250509382
1,0.12289479562206834,1.9332309582309579,4.524805759902069,0.21245253517980789,0.17230353289832845
1,0.26318233630261323,1.6396018913327985,2.2035379393928114,-0.11308594024851887,0.12297472143367513
1,0.35505636705740562,1.4363622813512706,5.276102431976879,0.074907123372855974,0.37128917527930044
1,0.091912225705329156,4.4611285266457683,2.9127853527330649,-0.85492163009404387,0.85095917363502205
1,0.60340799525328193,2.4254895053029739,4.1639949952458482,0.2148817028851146,0.15767726843587912
1,0.30383938735382388,2.0576942978371102,3.1581061925382494,0.11031770671634068,0.30029924309100514
1,0.065691927512355849,19.18822075782537,1.0797692008666298,-0.32475288303130151,0.020874026057653094
1,0.097904954896064836,1.8925778696561641,4.3288104400665572,0.17634658125245131,0.25076282940360611
1,0.073029359350530135,2.8251039547819197,4.070256766693011,0.22405630659010314,0.059690460867958442
1,0.17735191637630662,1.1884581881533101,-1.2378743560016174,-0.68571428571428572,0.099387986953494351
1,0.041425684621280746,1.1382264302139224,3.3294149085664562,-0.069054421294683296,0.15304853551682576
1,0.058822189055860008,4.289963884110148,4.7728771344124032,0.18824695521401799,0.050227995209046507
1,0.23685256325341106,3.6370539144257519,6.1427898106317196,0.22899456881706187,0.13868383442380058
1,0.8567069125646809,0.79522688072177261,1.3964921860963366,0.16624651718190261,0.76381154977163235
1,0.44936810110382341,1.2854362501999681,8.506536611227709,0.013597824348104304,0.74670212795142488
1,0.089547856723429242,2.1069274809160303,0.43178241642553783,-0.20394597768643569,0.024932432856130581
1,0.1274056525670908,3.2831473768675248,4.4690984265051652,0.19957204539375645,0.085041010436639683
1,0.36348391153967086,2.4651711473290714,5.7150421789288286,0.20659085350941547,0.31093134048351173
1,0.85893668180603788,2.1392599519102324,0.50741983063115781,-0.40128239380176328,0.25364513409722445
1,0.88753664878021787,1.4796702992753221,1.2255385822404965,0.067765669082259228,0.59024463567697572
1,0.10148896967282506,5.334545092375877,2.5688647591853906,-0.064588416911508392,0.041979780252606819
1,0.23239830289825988,1.8531842158071268,5.2320814055742604,0.16237135567468391,0.24146245724219143
1,0.32276348673763855,3.9996004377062531,5.1728618475229791,0.25768747497342004,0.093669174681186712
1,0.079016094746431828,1.6422638931065898,1.641711472984396,-0.27774066201032493,0.3934189784531178
1,0.080243068907435586,5.484109532655614,6.082529364463694,0.38028802149058427,0.049228678608762469
1,0.39063153492262653,9.7212547051442932,0.36046774217742855,-1.9188624006691761,0.045819221873451173
1,0.029622233316691626,1.3594192045265436,2.1607910873761589,0.056415376934598103,0.1597551644988523
1,0.10078426604249628,11.647467854211632,4.3239737032252643,0.32475605678329333,0.016744667954617667
1,0.51429237222308533,1.3639603075967066,3.7729678132462228,0.17449899021283208,0.45382518134641259
1,0.25323575008111909,2.5721419043155356,2.1664216681811741,-0.34001514222879187,0.10950542095635901
1,0.1665443873807777,2.4331438004402055,1.0636757187872132,0.088407923697725599,0.026082695714447251
1,0.51154452889717483,1.6474506996721008,6.3869685409715045,0.22415272467410619,0.34347058066291392
1,0.046591419226576031,2.2192169563265574,3.0731098945753357,0.25469762072724939,0.051453217451613589
1,0.11056908753990757,1.5894766805831533,2.3088653309511962,-0.11043513205777948,0.042566639862067504
1,0.72070920369486713,1.5809195860723162,4.8232127493564585,0.11256952802843082,0.33142173678982423
1,0.10725490196078433,0.73902392156862751,2.0515563381903004,0.087843137254901962,0.354203291994581
1,0.35953342675789302,1.5316441348610996,4.4807174572967732,0.21956145412579342,0.19706276111219501
1,0.33143828780541901,2.1232728348057517,5.3307167905946962,0.25582375337300856,0.16531426213725761
1,0.22805335556481868,2.041182089759622,4.789938746425098,0.20209809642906768,0.10907813017185558
1,0.01377931125420302,2.394122365558315,4.1081159663060189,0.23391864272685317,0.06747766540679595
1,0.517049075844487,1.945666029318037,2.8259517482543473,0.14475780752071382,0.23880108099254768
1,0.14375088364201893,1.8826876855648238,4.2983868402339089,0.2013643432772515,0.21783535154416594
1,0.10899424014178113,1.6787032934573918,4.2660404212651075,0.13170875793826614,0.23900057185589232
1,0.59755880784499615,1.0347119353755605,3.5502780880095246,0.056032865240662838,0.32938526585032973
1,0.096714109998242842,2.5418643472149007,-0.43540898448123644,-0.49790897908979093,0.075834298256225924
1,0.12858894122201431,2.5406864959029614,0.9250522375427277,-0.14478353442157557,0.022682658635129679
1,0.050996741140894281,1.7660374034819881,2.7515565894113498,0.010393118229059627,0.19824561403508772
1,0.72410301677137956,3.8977426138428788,4.5738343056782389,0.19837478581442441,0.023553172996246968
1,0.15052503492721619,1.2880199648474471,2.1632080765254038,0.080039659290639512,0.50762993190138161
1,0.107421875,3.341715494791667,-3.9633162998156966,-1.4778645833333333,0.021430484864720063
1,0.22538470013588452,1.0252763597634875,4.130580054804196,0.23155459253002314,0.22020435393887289
1,0.13685015290519878,1.6131862530945098,4.0073695482076932,0.26782073685743407,0.074665432962469816
1,0.6134048621485807,1.3520304223821813,3.1995706738101952,0.015788401466793427,0.47142139628327467
1,0.22375440362355309,2.7608403698111799,6.5142562904413994,0.23026710656303007,0.16927416956998051
1,0.025290365288559907,2.0357164349762291,1.2739651761459709,-0.16520731780706505,0.015357327618062227
1,0.048910737020795021,4.6099872683547876,1.5800091017432882,-0.58767152355354368,0.058173253958512333
1,0.16305068552728205,1.0298755142345837,4.712516728188973,0.097374819082113553,0.12821245687374033
1,0.19568944403624786,6.5028624785696794,2.5439614125693151,-1.2285084496693608,0.12950456547376646
1,0.35501173030498789,6.6923685015810408,5.1327467264911846,0.23350957124885247,0.024287818284348228
1,0.57072139158455992,1.4604032287984225,5.2794046431698822,0.14354160814513692,0.38459626157031468
1,0.1301098901098901,5.104395604395604,1.0370914320198592,-0.17978021978021977,0.025403659849300323
1,0.18514093303644164,7.6033101612990821,3.1194532005437496,0.29131591810134144,0.027435763278148711
1,0.040075547423714809,2.9805819512483027,-1.0078579253996456,-0.22209762143658146,0.0067326732673267334
1,0.096225490196078428,4.0082843137254898,5.6293390616330967,0.18689215686274507,0.11942667759175238
1,0.14670512257821805,2.955351432691705,4.0544422835224481,0.10507241833343782,0.039766712138988303
1,0.23425624321389793,2.8444625407166124,2.6845085925191761,-0.038436482084690547,0.081095524382097522
1,0.080780292609728646,2.0371389270976614,2.4159137783010487,0.12354632987370263,0.07537904364372966
1,0.35584508405894755,1.3498318073264075,6.3469635498988657,0.11569420458463278,0.4393496372315227
1,0.61863932898415652,13.437931034482757,0.42002525943949409,-1.8421248835041937,0.051432494850508714
1,0.41071316170453831,2.534320513627494,3.3610001919107422,0.10757222886636873,0.15942775890866867
1,0.066886504577222158,2.4448026380549268,3.7965223631292928,0.21975588148439804,0.081814247033126314
1,0.066232053639419766,3.4049701900039002,0.51102560376865691,-0.21585780353262382,0.028620988725065046
1,0.051698269579755075,0.99553820213480404,4.032522348578758,0.053027163739765369,0.51208003358654819
1,0.090665199147004188,2.6889875834078558,3.2895206644375325,-0.14349590699594136,0.091044235244852112
1,0.29013077518090924,1.2720805109557649,6.1921538787601147,-0.065452652733700087,0.83589053259692059
1,0.027136017942119412,1.118083011055681,5.8377304471659404,0.093807956064810155,0.61897506123787294
1,0.30594758064516131,3.5685483870967745,-1.1301029557594804,-0.8911290322580645,0.12358757062146893
1,0.56987316378696695,2.8490503462110919,3.9410379704966707,0.15451692228046335,0.052934178659950988
1,0.22188049209138841,2.1799780316344464,6.5423278579055033,0.23879613356766258,0.22502685609366277
1,0.17670484623899127,1.0166784975215362,4.6551120676286475,0.1767168776168247,0.60935967272371716
1,0.23297491039426524,5.4148056244830443,1.5847352997937285,-0.79266611524676045,0.084625372336362928
1,0.34751905594638971,1.8555285605585297,4.7149120893335876,0.14836272376553511,0.33032492922636414
1,0.50829045168667808,0.96628805746140656,7.5543872058006132,0.094911377930245844,0.74289755656147416
1,0.070843863311723987,1.8904928029886825,5.0683065393786411,0.18500714207229974,0.19570918971542323
1,0.01981833195706028,3.2462391842889455,-1.5141277326297755,-0.15822353067892148,0.0083999225813586962
1,0.02472553070124605,3.567570523440394,5.4107527958778245,0.15453911201710788,0.22631200137784599
1,0.30393524979067815,3.5897990510745181,-0.98082925301172619,-0.10898688250069774,0.030593403175960661
1,0.043091376406983961,1.0495435611096338,5.0436186465782704,0.26547903926260746,0.18512075662894784
1,0.22987703236954871,1.4570660569194385,5.6006491066923747,0.1147377883281115,0.37120182084992959
1,0.053337056688075951,1.6299567160011168,1.7188302892052971,-0.072046914269757054,0.4146054181389871
1,0.26225029114037446,3.3880677237301797,4.0176614824511327,0.21333870823255396,0.083842309827873399
1,0.11133970712816167,1.7761910524829561,3.5296785433106956,0.23482189680906851,0.14721780604133544
1,0.009027647169456459,2.5509655820951669,2.2448500423428075,0.018995674252397968,0.17171104415355226
1,0.020843503389728742,1.7670119482390898,5.6479490649633659,0.15694953128548642,0.35177706782884899
1,0.1164848484848485,1.9097359307359307,3.5758227318216393,0.048588744588744591,0.16696399629150244
1,0.38442419221209612,5.3940347970173983,-1.0642108619507773,-2.1052195526097761,0.14084723374189784
1,0.27457878170709127,1.7096665600646344,4.0470258149876219,0.13850970359024423,0.089364299567798539
1,0.0026933435936898806,3.9692189303578291,0.20375683751401963,-0.85109657560600227,0.17555253974408686
1,0.053451973242006207,0.91274845565406648,4.7838434291049525,-0.44918861825048817,0.90682750639969145
1,0.12711412035736358,1.3895635500365231,4.8922570813571262,0.17712254874417035,0.35528620277445722
1,0.047060977842885918,4.5308826222303606,2.7268065295846537,0.14433253982787034,0.031677454164081777
1,0.030174952874646561,2.7244841982799248,2.9878513001031153,-0.013209825636192272,0.10361432595486433
1,0.13519973355798051,2.4663421037164746,1.3262789287099039,-0.1431146288423486,0.057137410189094399
1,0.44709296701170548,1.4420431459804586,4.7081869572214492,0.13570023540034182,0.23086280613248894
1,0.65145252372358387,1.8012410005627681,4.2545341141586048,0.29510391802992375,0.28308630436949034
1,0.10835841061229501,4.5582186943437932,4.4432510765622837,0.18949824970828472,0.075937590838770067
1,0.22110600388570345,2.9403876226128984,3.5505652133129786,0.14874662370279104,0.076227619216450992
1,0.035460225582213088,2.6521598009250495,-0.81193071654991233,-0.22496010386519166,0.016103535842860495
1,0.2622908972409298,2.4649684988051273,6.639968639977428,0.15893982185531175,0.15489197050307757
1,0.078165829963025998,12.138858468778125,4.4439445374888695,0.1979030002060134,0.014214887401459807
1,0.062104348545657655,1.3487628780669452,3.6252471888690807,0.059332202408043357,0.61371392636107769
1,0.25110132158590309,2.2081118287891419,6.8570933641799092,0.1307298487915228,0.24059185488461249
1,0.15067338149169382,3.7172025613563342,1.3034560828108861,-0.21689492514185449,0.047381714299726582
1,0.016534249516856347,1.3616956552859494,3.5704899846137144,0.20320664233054184,0.21719647292271707
1,0.10302307080350041,2.3065831344470964,1.5627655042356698,-0.13961813842482101,0.025824531148954513
1,0.061269895601574531,1.3728820811227112,1.8271266130653463,-0.32620229334246104,0.25331130987627387
1,0.25065037110971888,2.4443600879195557,5.9788351307078402,0.22435414166940973,0.26369174965519487
1,0.55742217160212604,1.9176790685902305,2.9763965372472487,0.094248291571753989,0.2807403486718052
1,0.63790388828039435,2.4190512048192776,3.4057868339959629,0.12968921139101863,0.10365758754863813
1,0.070047938049290145,1.7553296509126666,1.6540287957619755,-0.07179952061950709,0.017261319261098241
1,0.21969391864679824,3.6974426097462749,1.1429481024881614,-0.29339508658880387,0.052479372600277747
1,0.19673119644557283,1.1452237384957156,3.3087530912708756,0.16318629006664551,0.27550850745441446
1,0.52640742890307601,1.5529392256031838,3.6657643466078849,-0.018986817013514633,0.50347036839295245
1,0.0055584883395956887,3.5328540819178333,3.6139403674494428,0.27217961059528617,0.061923994778871123
1,0.031043283504349182,1.3902807437887388,5.3572134364555071,0.15943538725975309,0.47549827663719468
1,0.064678565433894705,1.4401378242787073,4.2059157516566392,0.088625300732949136,0.34846458923512752
1,0.45126459143968878,1.3813005836575878,3.2882153029468135,0.019357976653696499,0.28930046050041652
1,0.37076306562030387,1.1176114543329436,2.9905187065011036,0.028969777926198027,0.74797841148897237
1,0.062120521469596138,5.4725134469869632,4.0726271028044829,0.29565138116510165,0.042206970080629042
1,0.70809704764688686,1.1011180941245251,3.5334821642578418,0.18184741303712365,0.46756970207795473
1,0.13980956742419906,5.7136320052664722,5.5780605089231603,0.25209418589119775,0.076257125675936024
1,0.31757968289846883,1.0740890666260963,5.6731754899299496,0.13132871844470284,0.5388979524730938
1,0.13925921061272742,2.3033509555395026,4.5135591558853534,0.24752085111972158,0.18767931286419443
1,0.71266094420600845,1.0061619456366238,-1.1026203100656484,-0.12896995708154504,0.24605179642693834
1,0.50781738586616643,1.9966776110068793,0.58945194422118019,-0.41119449656035023,0.50271127380929082
1,0.15696926375982845,3.2436415621547865,3.9358176539938632,0.065215413607121978,0.030879630742601628
1,0.019253099599205903,1.9506873431471701,4.0338511817931382,0.13368543282016707,0.26239738850751282
1,0.11034362157908544,6.1795925504940108,1.5260563034950492,-0.16306723791203989,0.016879846058067804
1,0.33382862803368002,2.1144130757800892,0.7598708126028535,-0.61367013372956913,0.18130709768095574
1,0.5207939508506616,15.596644612476368,-2.5770219386958062,-1.0219754253308129,0.043648208469055372
1,0.22814924957018726,1.9080491148180845,4.5009201646142918,-0.06623762836299428,0.44571558754621837
1,0.23643023643023642,4.1282051282051277,0.8441500540964727,-0.2354312354312354,0.039283697668790835
1,0.15745007680491552,1.8385016641065028,2.5126839307874467,-0.03968253968253968,0.39095205354267665
1,0.28382459646017028,3.0541891594139035,5.3852562409094142,0.23938487955537491,0.18951009011592201
1,0.35654963552924124,1.2220546613239858,5.8164889426166102,0.16055293032012732,0.68829296351385927
1,0.15614617940199335,1.3131529892815803,4.5934315570827016,0.15984425970746077,0.15588608192691089
1,0.057683906626906492,1.7126061273718398,1.437937594271729,-0.24672833292180288,0.098284294697616653
1,0.086807836795202237,3.0321507387004933,2.8651679035328743,-0.16662455147318947,0.084842895358947526
1,0.051898901680561077,4.1820497551938605,4.2624967616851723,0.32986634908032292,0.023408614484040656
1,0.087995579499930934,10.00635446884929,1.4036429994545037,-0.65091863517060367,0.05141090065713181
1,0.25525580691697153,1.1638931062615827,5.730187441469119,0.13894457021520309,0.4801115988013806
1,0.10555127876144042,4.0334160180195591,-2.9565115604007097,-0.18700995067430787,0.035797093253407228
1,0.012990137118114024,1.6409670435410153,1.3121094629305141,0.086360356025980273,0.13325514916074177
1,0.075542406311637084,5.0029783037475344,3.4856917046385969,0.23589743589743589,0.063772664014728891
1,0.074809757574992738,3.6381797301901795,4.2936734487702708,0.26366401231685616,0.022158012854977406
1,0.033411618735321488,0.90483338503124033,5.9828147452003115,0.10106202271753741,0.64591431748849648
1,0.092707918694384869,1.8593780094762387,4.940470307379127,0.17098319187457467,0.23463035153808703
1,0.27079378607678306,2.6774880873978226,3.4935030524461816,0.21729361174601947,0.037532193188066096
1,0.49344163183765738,1.2388350024971742,3.8096579987501182,0.17172673027889496,0.75412166606547981
1,0.23335915311128327,1.6678027368964627,3.392896356622769,0.14691453653498582,0.27079914543146422
1,0.18848167539267016,1.7955269747325293,0.70012279429637048,-0.22171636694741634,0.052266023912974524
1,0.31564401655616253,4.8981588405496232,4.2663772586460134,0.27167157556019772,0.03436766567948589
1,0.44794447410571275,3.043713294180459,0.49408629976169266,-0.96903363587827007,0.11138640998092399
1,0.07802263251935676,3.3998178187296362,3.7229426593896369,0.25407280243842623,0.1004729959501654
1,0.32876389674015449,1.1993240060297718,1.8156387430179981,0.18051629922743545,0.57181574476860086
1,0.1259916005599627,2.6135090993933741,0.38253760346445975,-0.49603359776014933,0.044279783957505689
1,0.63100733444353896,1.1310973319632924,7.4075767788500535,0.18167168621337204,0.48375714532737563
1,0.16613429562995322,3.8590828254225875,1.9585442868728806,0.067752128045306212,0.015565542836561799
1,0.097772240863601922,1.9835231913780846,4.5786721946818627,0.0826932908662463,0.28573068597806539
1,0.25,0.97465437788018428,2.9738955789448167,0.10798771121351766,0.53136327817178874
1,0.090745842762963685,0.91418995375381273,3.8958732980884507,0.0045262225720751744,0.64210592877717887
1,0.20019414699986371,1.3127694870064461,4.9639139883626004,0.10321040681110229,0.39927674962773879
1,0.11568715586020903,1.3110461849646029,2.916472592568359,0.04927519946061356,0.28140140829905896
1,0.0063735551474559792,0.89786107810305726,3.346987557631997,0.12498649670519607,0.18185646393551103
1,0.10258747427227287,1.9732064098794473,3.7988990991524858,0.14657453690091152,0.15093411812915603
1,0.0043875727443522892,0.85895901113504103,5.4842449139359752,-0.014275840474117523,0.84065248293161643
1,0.069551556698086256,2.4215938303341904,3.3101779832749867,0.076263924592973445,0.071125265392781314
1,0.16388992886559342,2.8178451088409906,4.7223752768887959,0.26218109857196342,0.070414099931553731
1,0.38022813688212925,1.6313145029875065,1.5290951597515618,-0.049429657794676805,0.26954133022558896
1,0.54428424304840373,0.80760813594232761,1.3602070263565722,-0.80406797116374884,0.34047979596716349
1,0.78516696998584512,1.4436476297772767,6.2088797225611394,0.1278544501256608,0.33352926536742888
1,0.41858320598290849,3.0197209503289844,5.9646507488932281,0.22214070506221564,0.11614782044449598
1,0.052884615384615384,0.97922390109890101,1.3925249108705269,0.21514423076923075,0.07066456251095915
1,0.099004424778761063,7.1933075221238933,-0.49429632181478012,-0.75092182890855463,0.10874886266066922
1,0.21834924308167003,6.987537363802911,3.7159107931649666,0.63561855173078774,0.18157732232613819
1,0.47480718060720217,2.7899862876099859,6.467161314643934,0.17798895200190246,0.26572285644430232
1,0.3300513250235676,2.9705579414126606,5.8909312505469487,0.1932456967284662,0.15902432717538542
1,0.084616888193901479,3.4934079358874128,3.8285544361864186,0.16477716966379985,0.099724293633574906
1,0.0094833085264724639,5.7941739315330638,2.6235084992256286,0.12974697001913674,0.010759633027522936
1,0.36639275747368505,0.99066874872083255,10.115059894883693,0.1003373654602803,0.60662969410017464
1,0.24929311969839776,1.6915645617342132,1.0260415958332743,-0.55325164938737037,0.44713748432929373
1,0.031687835537514732,1.0360932303260442,2.981886866731938,-0.24355113264370828,0.71189857650615895
1,0.58997838698669092,2.0779774769650778,3.305200299327629,0.25463542259128658,0.16195429040645956
1,0.19965440589072972,4.4683842172901249,6.1337298751360096,0.69498280712722726,0.06480216557811258
1,0.030978809283551966,2.8918516649848636,1.8597295956673221,0.0078708375378405658,0.15988415203300968
1,0.26105846254107046,4.1332717842887012,3.5711651660943797,0.30488500285116898,0.095265937877752671
1,0.53974239703094917,1.7098334883859767,5.7034257443688503,0.12094106175406825,0.40977804028938997
1,0.22448317928540812,2.3380669641385219,5.4516391314916861,0.17290551605139082,0.14252660587286275
1,0.10364804924413869,1.0794507709483721,2.6402708786809206,-0.2381340333725597,0.14057664882376564
1,0.24327046328511262,1.6136772874320944,3.7751718226789488,0.26097173899774156,0.25744343837915784
1,0.13500842815002106,1.7835545722713864,3.5973396574734218,0.11272650653181626,0.16968900440060253
1,0.56471774193548385,5.6817288306451612,2.7152905927577038,0.28991935483870968,0.090077222988587322
1,0.057128957153282131,2.0829221253084063,1.9531694507369035,-0.29919727560204329,0.032740937850609567
1,0.088226896354811082,2.9826306272009142,-0.35810453674832687,-0.51270581517083846,0.06471273353861863
1,0.28050345322111936,2.1771945880665737,3.9427267830031516,0.24144242744461636,0.16657385599105551
1,0.29731136617995368,1.781890112178236,4.0034346868622581,0.25808802477811615,0.1018667289883439
1,0.040620502158963699,1.2907304493842955,4.34768101889909,0.10418998880537342,0.56021992488481043
1,0.080321014297275437,2.0091886970596167,1.3233545613460165,-0.16037226868087404,0.047310961743406425
1,0.60463016351352816,6.8782841414723839,4.4838722302313059,0.19246292931820408,0.019951882338220595
1,0.8485938981146649,2.9569918898992382,4.5805290720716405,0.20048801039216374,0.22837908434650453
1,0.43402132002721699,1.7388523474710817,2.9056981508500099,0.22957586754366066,0.15407090496439099
1,0.49826967444245068,2.3880335170469111,1.1387940783009416,-0.75724173288900287,0.56721334572278703
1,0.032753623188405794,2.8254710144927535,2.9209009629309874,0.047681159420289852,0.093661439031583804
1,0.073559883961873185,2.6603191048487362,0.75565238591134243,-0.25259013675922093,0.23335695981680385
1,0.0072855464159811987,2.1101057579318452,0.52295180356383131,-0.16427732079905993,0.19446455421284178
1,0.57907143589218002,1.8773444706364664,2.4064945563845574,0.23219227221482011,0.31764199297153889
1,0.23823350532655826,2.7065193933805496,4.6067788913275072,0.16625139785368151,0.14664308392652625
1,0.12396803819502006,1.2617801133914659,5.0522185987463981,0.090554026723251885,0.2602863370431634
1,0.15301418439716311,4.2684988179669032,-0.2206466711156225,-0.29494680851063826,0.042465696523268204
1,0.40136635354397948,3.8889634419096413,0.76080582903376015,-0.34890813712333779,0.062164408915285962
1,0.45804859529233105,0.95111996962794232,8.1031917522857864,0.11256643887623387,0.61645746164574622
1,0.042622066360938765,3.8019962233612081,4.1032217101597039,0.12297198350610812,0.037761762857548294
1,0.001960085531004989,2.9743406985032075,2.107907513990507,0.17337847469707768,0.019410496046010067
1,0.38174037089871615,2.4191754636233953,0.0059820716775474689,-0.58002853067047078,0.30403775823455248
1,0.17790677821410278,5.5721359057537994,1.4969408812069542,0.2434693529110466,0.031651981702637152
1,0.048295913422710383,8.3887901792925224,-0.41855034765681981,-0.19318365369084153,0.005583902955617598
1,0.31350383421955519,3.5644948535341796,3.9536638645872206,0.17694820728023294,0.053511218315915224
1,0.15035799522673032,4.0620525059665873,-0.098715972939157695,-1.5600636435958632,0.25636506071288678
1,0.23113946803532565,2.5882250265536682,5.6667622719362898,0.13385277012322386,0.20819289417308415
1,0.086081172411339946,7.2297246825312138,4.3186208051322437,0.2710134101661153,0.029658166020292812
1,0.091569932532200526,2.9645311328684034,2.2600950413730936,-0.37541173530814836,0.067324832162051623
1,0.081679900507031472,1.0983784559456615,3.8711385089546844,0.088261743040275523,0.28169161292008343
1,0.26771475853768617,3.3776327666616521,2.7468862248874082,-0.025801113284188357,0.13754321888101376
1,0.16448668106551476,2.0041353491720661,5.4444070724199314,0.17600575953923686,0.21835915946293916
1,0.26155594847183633,0.86322303612023221,2.3039841139077528,-0.074387471583733267,0.44038039502560355
1,0.027807872878295413,2.1896894185626579,0.49103099643781112,-0.59516070783676411,0.23716653609862701
1,0.026091507177033492,2.1344292015550237,3.0556036705913812,0.14668062200956938,0.26766958113143113
1,0.095609722556468532,1.8265118437790075,4.323470185213858,-0.1037233128201602,0.098686656220148619
1,0.22590969402114913,1.6618069237264284,5.254224403237413,0.14561537533673757,0.44488855768579366
1,0.76244648318042807,1.1806727828746177,1.7884205679625405,0.064220183486238536,0.3934935764608371
1,0.039841565703634674,3.1286841798695244,2.60202279645668,0.057898415657036351,0.10019874053422573
1,0.333261105092091,0.62727518959913331,4.0079330053044382,0.11200794510653665,0.22816183773047194
1,0.11400117320819113,3.8695672461604094,4.2604379291334622,0.1809007039249147,0.053337054282795608
1,0.31882842201081618,1.3169275527870492,2.0082140323914683,-0.11846074214218144,0.23793937668991036
1,0.13559654631083201,4.1388343799058083,-0.9390477189967712,-0.4453819989534275,0.017337157938822116
1,0.095037356912742482,1.3031093632188635,4.4512844710545352,0.10857495373226404,0.56897135549367639
1,0.10949920348042665,2.5615018235042006,1.8861601446495393,-0.11745631272086235,0.02676133260513381
1,0.11535408257035222,2.6134608630386778,6.7102538892938872,0.081064436821315672,0.23015463917525772
1,0.091541972384308737,3.7686174822346752,1.7609565600730099,-0.28167427349933555,0.060967944688874925
1,0.36961501328301977,5.6122115439223084,6.0156326319138014,0.20419566740075593,0.074887787502361178
1,0.067358202008112239,2.2584530221424295,3.7736570881563356,0.19456080856439925,0.11915250681770505
1,0.55210132412204949,0.92296344271732866,0.010939940038334263,-0.42487046632124348,0.22767143581146934
1,0.20101989363422734,3.0418422780161549,5.1639399018197176,0.20479692509680428,0.088228946751114229
1,0.53236616264814063,3.4576624438087458,3.1543159701697374,0.25124642419288923,0.042158635606141186
1,0.0954463707646932,3.999802172505575,4.1862550301555226,0.1881591252427883,0.069073986645983687
1,0.42085842964892295,1.3310136198382982,2.9453333159701391,0.11150903467361226,0.14884270819531784
1,0.039947418388957864,3.9681589133133719,1.0574430116300388,-0.051376615789089315,0.0098277385159010605
1,0.028902287300220115,1.0188056273327593,2.2441081632350697,0.0045937410278495553,0.031280822882908274
1,0.1756768705678462,1.4700824093232179,4.0582682336394109,0.057651157444249916,0.40489000496218219
1,0.1875144252518072,5.0407184467812076,4.6674029258540122,0.033651227415825775,0.072363233762915632
1,0.2557611844222723,1.2853757644029611,3.6192613872330663,0.085918892822658521,0.24309765785165874
1,0.075562794485486598,1.9467744750159968,2.9542329663759621,0.12715956023500669,0.14482923476857801
1,0.33139651372470447,1.8339010218393106,1.943048916774281,0.1318373071528752,0.14618157980989843
1,0.8524158936729892,0.62679755641700119,5.4035778772055298,0.13969264848400942,0.78476746233367711
1,0.022837892526277794,2.9740858827261087,4.4716159359594831,0.11542542137442988,0.10720389979469441
1,0.57161043921069388,0.88099745385105033,-0.099820335282210904,-0.30171865054105662,0.73642730340804896
1,0.10262919310970081,3.0927470534904806,2.7070497007686267,0.06817769718948323,0.094861196611262577
1,0.21365869817258323,2.6661030751394028,4.0707858898118205,0.29948103572020096,0.08853593698635101
1,0.34519038076152309,1.3143429716576007,3.0334614903639978,0.046736329802462069,0.5070790677412329
1,0.030593362502810299,3.4352809435691678,-0.40496523306651327,-0.29144112204486106,0.019920634620975566
1,0.055522260273972598,2.3009417808219181,-2.0174061507603831,-0.28818493150684932,0.025581395348837205
1,0.17164887067799689,1.1757564136204914,4.2566334652658195,-0.012474012474012475,0.39371335868361645
1,0.1539251822679632,1.1392581310887415,4.5458234972672118,0.092481277542964785,0.46080583472754527
1,0.035942308094869271,0.81345638567331635,3.3470579355615073,0.091122228967365132,0.34727561061127066
1,0.067628494138863848,2.0195371205290056,-1.7203694731413821,-0.45626690712353474,0.024185146599196308
1,0.081534848292497145,2.3979782912276248,1.3648153294427665,-0.48206804621048627,0.048494153304524494
1,0.21470284639640275,1.3346672134161,4.9116691058970776,0.095897965243704128,0.46384112555488455
1,0.071016799292661359,7.8683790156203948,2.2490788254709044,-0.089242558208075445,0.0068665836873314677
1,0.29131078464867322,1.1866814713586153,2.3761143262821611,0.11297118779182325,0.082915477075885882
1,0.39160796941034415,2.067035620849266,4.3232050738655392,0.22950291809217147,0.15005254834939249
1,0.077018499541556554,2.7499752800100676,1.8158014637082929,-0.044801610844434861,0.013663535439795047
1,0.14096301465457084,2.3718597348220518,-0.81193071654991233,-0.083391486392184216,0.037365304696406899
1,0.045934489402697502,1.9121066152858059,-0.1210383283770561,-0.27437379576107901,0.017909745897922512
1,0.15310108494818203,3.7731007013483535,6.1523496426256195,0.40739580469654058,0.16554852501517581
1,0.089649268575169319,0.95597854822871819,4.1425313698053747,-0.028637611098522045,0.33463734571969356
1,0.040728612361850186,1.3511563651248468,-0.056570351488394351,-0.16827670896438804,0.041413261635172491
1,0.065258688121577826,1.4026148172980222,1.4386495914538187,-0.12023689797742766,0.10363239220127821
1,0.040155755658311032,1.2636536727126968,0.86752056750472561,-0.17691437733526122,0.048612212529738311
1,0.36550745209368346,2.483396778286771,4.7866747424614884,0.14351463535281847,0.077439692388965156
1,0.031060134554399692,1.2308763818499751,-1.9173226922034008,-0.1566047242227557,0.023018949700223924
1,0.24401313248358442,1.6355796156817306,2.8750324883162062,0.28181730397837002,0.34675982034647462
1,0.18382110372779112,2.967040152693341,-0.027371196796132015,-0.31771054243838071,0.029202181626133448
1,0.12120557416009507,1.9856324943286163,2.2481289071979869,-0.1995246840229016,0.14656438713889341
1,0.17870837920953719,2.3643076806256884,2.2576923241033091,-0.24837693154637611,0.12893124683854287
1,0.38368580060422958,15.090067975830815,-0.89894209353954213,-3.0891238670694863,0.038139569803671308
1,0.072867420349434733,1.6314170092497429,2.7753349479078064,0.080113052415210675,0.18725011753056836
1,0.1821026282853567,4.2298706716729244,1.2658202076520162,-0.26658322903629539,0.038366702830653916
1,0.059321688856316931,1.8277553845527459,3.5206087205426413,0.21900574080859897,0.069434079948319849
1,0.64206596398589133,1.0541346094346238,3.3162565868097551,0.10298879973597905,0.71769183355998856
1,0.19824658887448293,2.1210718034203864,4.2427789350532494,0.17605729456072111,0.23567457429777322
1,0.24337189684261268,1.8816341287057119,4.3914817934446368,0.16360568811761869,0.26360014858650688
1,0.04169761273209549,1.8159681697612735,0.20782684720231653,-0.39336870026525195,0.050422131985627061
1,0.20575414123801219,2.4315605928509152,0.59056059178484421,-3.209677419354839,0.47364646826819651
1,0.54357680616428672,1.4746041283755125,5.860720694253347,0.15053283613742399,0.38664473447668357
1,0.19536887903445102,5.4240906143451788,3.8819142519911609,0.33549480201644111,0.032004226609514887
1,0.26319326225248635,4.138518053937819,1.7832231382057686,-0.20889705223546279,0.012123836328209571
1,0.03613433470313164,1.2991356100325919,2.1582527221041259,0.1152047612299844,0.23920157068062825
1,0.07404382087257351,1.7921271381895056,2.5176158241977049,0.13732462041130117,0.13735412994081414
1,0.090506856931060045,2.5821644505189028,4.3384012351165175,0.12852112676056338,0.092731585056098492
1,0.6033846931043193,1.4355064410204599,3.7122541254303867,0.11569588279868655,0.48867344249886363
1,0.0012419788863589319,2.3283740426412747,-1.0133524447172864,-0.10805216311322707,0.038761154388967295
1,0.080241869586533746,2.3773492400719074,1.9689288876323141,0.20264749142016669,0.17536261772186706
1,0.6690153462378633,0.69966130777234925,5.4946938550871645,0.24555703329037953,0.4555869904045739
1,0.2033947111984464,2.3098088632002343,6.2025274199891482,0.1674088373989546,0.23253990892208509
1,0.079567965286293743,3.1819168003018583,-0.18272163681529441,-0.35758419017073861,0.087610986763114587
1,0.031412761647025028,2.8801157710130245,5.2637983829211619,0.14155963926916479,0.23439517193977066
1,0.10800019596315892,6.033707194297472,4.1431347263915326,0.17770184205369391,0.047714343203367773
1,0.34546408084041158,1.5808647415345185,5.516138780380218,0.19934363122239224,0.49210502508716136
1,0.18505301942353164,3.8361474969900051,4.8832412200205155,0.49301536185212591,0.072553672209565059
1,0.022393093214622961,7.2472008633481719,-1.4312917270506265,-0.28476999865101849,0.0048582091635876292
1,0.01919006303644949,2.9438894187155453,1.62767068069516,-0.11074410923216488,0.015628993685395172
1,0.037945288189122663,1.5656901676652271,3.813020015586138,0.2553527472017092,0.15532079781376187
1,0.12295428149086686,1.6992397846056382,0.52532006991644331,-0.22452750501530991,0.039146239164880234
1,0.15772607280987172,2.0068850144269135,4.0743629189035087,0.040911044262999574,0.26836788876969997
1,0.0047422680412371136,3.4673711340206186,-3.7722610630529871,-0.15711340206185567,0.009157536384854387
1,0.32522534464475084,1.1197640509013786,3.2386000177159304,0.080593849416755042,0.17013909440662917
1,0.037192003719200374,1.4478730822873083,-2.2827824656978661,-0.11297071129707113,0.018141681717840658
1,0.072147651006711416,5.3070469798657713,0.74050775191978291,-0.51222435282837975,0.056953163813739216
1,0.054812657222295773,2.3140887726731103,1.516005967641548,-0.14113597246127368,0.014975702030730939
1,0.036989514348785869,3.6818329194260482,1.6637366858414793,-0.084850993377483447,0.010218870059778704
1,0.065824272700558337,14.904606229797237,0.88830269533398631,-0.45459888333823095,0.014057467043569768
1,0.18474009743283115,1.2947490173399072,5.0966600734473397,0.17613385741871612,0.47552786378880907
1,0.079905437352245867,1.6431998331247393,4.2660684953807753,0.22875816993464052,0.17381148841637575
1,0.19455926864764039,5.6829200800770705,6.5062204372486683,0.66330393074563232,0.40782738490633869
1,0.30740291080234422,8.7012811577259175,3.5221753082150578,0.11784103002233315,0.0076603289230170969
1,0.67317690037937328,1.6192918364479416,4.1650825767274426,0.21525923844316425,0.1479109722764545
1,0.11078388370198634,1.0954947051820287,0.9895411936137477,-0.61231906761075261,0.22267345421266371
1,0.70609871265967494,2.0938664943585668,3.3025549895331556,0.23460410557184749,0.1163400709767011
1,0.2075284267291079,1.1892750075390703,3.9680062846233195,0.075089138417327436,0.36097728323613198
1,0.54248113957916566,2.3299850562799778,4.2833520516066281,0.18585649208223867,0.15697937544449475
1,0.064618232852578464,1.1783887993072351,3.9880391558511694,0.072411836722505896,0.1677307750295586
1,0.32328001184921867,3.8305654299044658,4.7656124607301988,0.39590276234910765,0.061840098793358028
1,0.11202680673790981,2.5041659119724686,2.5441970485912986,0.14318058322767616,0.1484937253625547
1,0.40365583066248722,5.4717403937590241,1.3268097142849984,-0.67572993343429721,0.062217137229628461
1,0.05303107661935396,2.3676435549201811,3.3682608814158903,0.16297355253752679,0.044782127402636616
1,0.038408521303258142,1.812453007518797,3.3704288479905191,0.10382205513784461,0.077022133492355691
1,0.40774446823697358,4.9363103735427067,-0.60880603212619433,-0.14323102545800617,0.048476158056615766
1,0.019819069158433521,4.0995789191762881,3.0153878312124323,0.038209736936079042,0.028193500033572332
1,0.10135735126220982,2.5473883673728275,2.5224432533167263,-0.016110617785107192,0.031123851140844767
1,0.010273046769397134,3.1160448769937821,-5.2983173665480363,-0.20437956204379562,0.050319921917362544
1,0.075524168887965745,3.5082447698503367,4.1408304863667942,0.14117076885796379,0.099385582906837522
1,0.17625358267828262,1.8935341525014902,-1.1239300966523995,-0.28386163057975539,0.090459152132781315
1,0.12232042248740818,1.3649418265249325,5.5995953443864757,0.091054725152391422,0.43890879523374965
1,0.044258950102021896,1.9937673900946022,2.949845390781515,0.17625672416991284,0.072401473707714645
1,0.078288902665840043,5.4626627402355856,2.3091634083541681,-0.49175449473031613,0.039926117389367605
1,0.05985024256485974,3.5576882514237509,2.3177692283190856,0.25437671377346555,0.021269342503112586
1,0.53299631632573086,4.9432165530213972,3.9093795144827284,0.22603652323849829,0.028277879515779956
1,0.27114777114777111,1.9732362232362233,2.689818339507406,0.082309582309582296,0.35695420564931291
1,0.30227280744041668,1.9825776905078247,4.9529567450094198,0.25821585203823677,0.27107114527810933
1,0.054765703066108028,2.4845905720246129,4.0789432349792705,0.18410672650456675,0.052734629943871562
1,0.32399334778007355,1.4967809806984831,5.8650846642260799,0.12045269652486304,0.45243375153763388
1,0.28517432020760464,8.4428099966151446,-4.3428059215206005,-1.0750310278686677,0.013417325254874051
1,0.71246843139088945,1.0898419231128986,2.1403014299365983,0.16663548779347115,0.67642093415869442
1,0.69228468899521534,1.4937963516746411,7.8648040033284596,0.20185406698564592,0.52217388891125982
1,0.04922530664945126,5.0615114590058097,3.9229233798964342,0.22970464816010328,0.058248867028845436
1,0.26960540556351831,1.9584929944130811,4.3695491131627691,0.18498259572352063,0.19348816369203198
1,0.049450752672263933,1.210230424973185,4.1172306660088021,0.083478196545474725,0.56297179181565349
1,0.085557207700735646,2.6776588668023162,4.622784145387314,0.25718030990765378,0.23623324480036242
1,0.28659035159443985,2.3931929681112019,1.6867692553704239,0.38511856091578084,0.55895793294896434
1,0.07217202062733595,2.2825672990490609,3.2606701465251788,0.037446184415953064,0.041122047397097725
1,0.43958532049985066,1.1923673536241102,3.8218794555751803,0.11890240965016234,0.48460289114959149
1,0.044961240310077519,2.007387140902873,-0.5923972774598022,-0.20638394892840856,0.017218663395574939
1,0.0055026455026455029,1.5258597883597884,1.2122385487429688,-0.1366137566137566,0.2779593428980105
1,0.15472263868065969,3.5224566288284431,4.1660293627702139,0.23476119083315486,0.11825116211195796
1,0.058460126417252525,1.7628357487416884,7.0945003708358705,0.092708879469978148,0.45221877292079637
1,0.26763348714568225,1.1827311305207646,7.4910875935348757,0.10909690177982861,0.44474783605930701
1,0.41872605098017435,1.4784110068306771,2.93561065021261,0.15949353029377461,0.40474428669162849
1,0.11329797682184246,4.7589471616578276,2.0102254309911536,-0.041681398546454529,0.035760572565400078
1,0.034088485003626434,2.0408827168394561,3.7255970370490989,0.16581338794317163,0.056081577043518661
1,0.077351362099821047,4.2728176575860015,0.32353172534547808,-0.085504076357128658,0.073948250186150408
1,0.43925362819626812,3.7471319972356603,1.2728456686123115,-0.11319972356599861,0.13758506851588867
1,0.094285473115556684,3.6480965645311052,2.6414829568300968,0.11192707014434035,0.10648094588028412
1,0.035907493615787323,0.99983162516019009,5.7511176125341299,0.049299529485864302,0.70804499483875394
1,0.26702743591981615,2.2004160484129058,4.7843200516164108,0.2570917343109016,0.24633580367708796
1,0.53231344422401949,1.2891185334961086,4.3368200418358027,0.15311689302609491,0.30277852790920495
1,0.18644923048693779,5.2842037661414256,5.6285343656138727,0.2461065620771119,0.080347764187059981
1,0.012771392081736908,1.8867337164750957,-1.579879110192556,-0.46615581098339715,0.033506790201802257
1,0.056682027649769588,3.7187897739741058,3.1356246422058818,0.16515251261795041,0.035508913380621496
1,0.31504868965836286,1.7036204982305185,5.8658021128621547,0.20987440149885503,0.43355209675147355
1,0.30495708530390614,2.7942503065335438,3.1505969841149062,0.1091259414958837,0.11443437105760114
1,0.10390139553835184,1.9595599470306613,2.3135250330323798,0.21309972496689417,0.064303165774289128
1,0.074658661760433814,5.1830153965333592,2.9751213196498667,0.17798005229011329,0.019149929939280708
1,0.22800647274736552,3.7225302916683112,4.069197679800145,0.24178079488495088,0.069700560074853354
1,0.14218397198861218,1.2372132595961909,3.3101779832749867,0.14712523315553519,0.49254126110876006
1,0.56753889674681757,1.698651242675288,4.4708384731927993,0.19228632046878158,0.32249862459667228
1,0.2257088244663906,1.762822554953807,2.0953148908361259,0.060927046830200705,0.15360983102918585
1,0.043352957115057759,3.0121191221026185,3.5072376662247389,0.30874202527280342,0.067736316577120287
1,0.050079914757591895,2.4049569348250754,2.7600732291693619,0.0013319126265316993,0.16241686934930794
1,0.38171784038204815,1.2938663794883087,5.0205658227731638,0.22841689489547351,0.47664899635558144
1,0.75079943481817513,1.328400386703354,1.7606127402312182,0.28497062541830892,0.35341208083748532
1,0.86031319434281084,1.8807626295552216,3.0799815059988909,0.15364351192772849,0.35696095076400675
1,0.054831704668838223,2.9995928338762212,1.437937594271729,0.019001085776330078,0.057282475906067602
1,0.039795918367346937,5.5569845179451098,0.94078820347454239,-0.19465165376495425,0.011011242358140815
1,0.24300155520995331,2.616866390802044,4.8483124238089905,0.24770884247944897,0.084475839883262044
1,0.063597658328898354,4.7699574241617881,1.0035687399812157,-0.34353379457158062,0.059022063540765952
1,0.095608216696373774,2.2793004704438538,4.8284977203763777,0.17723460830435672,0.2076098173823305
1,0.066601233875490745,2.3375514114787812,2.9338568698359033,0.21821835857169561,0.064221696816407325
1,0.23405858528774603,2.3647216727889235,-0.51583816558953499,-0.58199114627484216,0.14398805078416729
1,0.6788570501839708,2.6329403894300456,5.44727601967287,0.23378979697335214,0.2387414439593776
1,0,1.5177126458411743,-0.18874212459687742,0.033120060218291301,0.0092063049239782396
1,0.11673894189071987,1.6212272333044233,1.8846424633747687,0.031396357328707721,0.2254349948509449
1,0.17336172716514112,7.2729606420037047,5.7530963112091218,0.32489653189625778,0.023010467613864268
1,0.068310986039838872,3.0578960437013736,1.8069764350329154,-0.23781934558296083,0.041917599346785579
1,0.46399362029635949,9.9060106452031658,3.8741342048853324,0.08395615808312161,0.021073047990983675
1,0.20220791847685624,1.0907104968431935,4.8470491286380586,0.055185654683519381,0.6444453220646893
1,0.10749864413552936,3.954100419604373,3.8967875327853685,0.25458853081380411,0.050489445872195428
1,0.86834326816640217,0.57551933137593492,6.4207308136687544,0.092672807128745455,0.74814890655070099
1,0.21592148309705561,3.3342202835332611,-0.54645280140914188,-0.37568157033805882,0.039738608265630512
1,0.08591111711468323,9.0009343059120184,1.6110366337977975,-0.14066369489846459,0.01456715611544171
1,0.15313095104738433,2.5724767559090398,0.78845736036427028,-0.12792651506665173,0.033459278834603715
1,0.10734304932735426,1.0798241311659191,2.7640523912174948,0.05374159192825112,0.099407900072998628
1,0.14597809613679907,1.3637776062070479,5.0969108448766134,0.21119403696396064,0.37906596401962561
1,0.19957942527319761,3.7524504196948638,4.7940783368018538,0.26840234395621798,0.073173248046220107
1,0.26132000289792073,2.7332645077157141,4.5333518981976191,0.18416286314569297,0.11538079239806771
1,0.11219406247030557,1.6759335930606649,4.7859906166557789,0.22812113972334966,0.28677072111840984
1,0.01582418003718826,1.8260011118139821,5.207276062115894,0.13951348553683363,0.25403907324396108
1,0.1356236758119452,3.0805240432322258,4.0630086819122475,0.19725373454555209,0.11333452315139274
1,0.054334587827384546,2.7047696375865438,4.7903626178737291,0.18287451036329128,0.1055129609346477
1,0.074610800861073856,2.7600536611237638,3.7674595542367935,0.07481358999157646,0.10679567753311933
1,0.83371086133730932,0.78570148526207129,3.4481445787693223,0.17937836907902285,0.29503186340475424
1,0.05306340854365469,4.083550343351467,3.664868484152433,0.087880139124230802,0.024752750942642149
1,0.52216977547349841,5.0587344946676014,4.8929997475628166,0.29776149020071435,0.057799256623474835
1,0.057308096740273394,2.7780406589554851,1.1817271953786161,-0.3068699614440939,0.05034223890483551
1,0.18373863915499877,2.2149963154016215,1.6972656227996206,-0.060918693195774996,0.18664226898444647
1,0.58142137660884174,1.5731617235590374,3.8733653337372678,0.37609401231113598,0.3296908125951537
1,0.43486426498207276,2.420970633430084,1.9381659543218823,0.19719993170565137,0.10994649012227051
1,0.073815015998214148,4.214376069648039,2.3062782648316635,0.11689857876330084,0.042587001430160497
1,0.19487025348161507,2.0825568580302578,0.76918186683594292,0.10800520989880774,0.19416915231405751
1,0.68627848484195964,1.1974714015836863,7.0370627634534371,0.1156079260981524,0.62579421848090078
1,0.18263975453063572,1.7877301275290058,5.5303374050248726,0.19404545018697858,0.1277982003822897
1,0.20299792696539626,1.4439284005740709,2.3827816349883224,0.12725243182905438,0.31485801847071332
1,0.17551221920513452,3.2551221920513451,0.057325066619269352,-0.24882745001234263,0.0775793425093846
1,0.07675747508305647,5.629102990033223,3.3784403945395391,0.10583388704318937,0.020798413560282347
1,0.25324689890312013,0.88643143940243596,4.5649417652680473,0.1747381171351024,0.4995698162862493
1,0.32244764397905756,2.5971858638743459,2.8344478758258362,0.11839005235602094,0.22061232203603379
1,0.26365603028664142,0.76781554218496484,6.876470988942371,-0.017171444023796646,0.91727710982870181
1,0.20138139434491692,1.6575383121087848,1.3110318766193438,-0.41441830347507014,0.39104744852282902
1,0.038599640933572717,3.0034870874188648,0.33932530560361929,-0.076301615798922806,0.026990677410826159
1,0.50634832965120169,1.1152772198790475,7.8615302171538914,0.1027956305371449,0.63973477633946829
1,0.40732318544644514,3.2161685539261189,2.8340365345536926,0.06325413031371821,0.15130876453781997
1,0.025687042670693716,1.6897383146206764,4.6200292413947892,0.14505409526310797,0.38558830831003704
1,0.38203628252111166,5.6595042451004938,4.5334378513102491,0.11895386156192383,0.025293698896794149
1,0.49647554683525896,1.4568090981760047,4.399952501957201,0.1150788460140978,0.38103171772546224
1,0.061514801999231067,2.3646193771626294,3.4163158527938564,0.18762014609765473,0.10143690425380567
1,0.20305017313784718,4.9384808074854494,0.94468380637537297,-0.18809401016724378,0.023407429509174994
1,0.14920516376827059,2.5550650805505177,3.0036508387982863,0.23477008428464741,0.10532963792284526
1,0.22433480141671805,1.1502192701399077,6.2437959580866362,0.13654532487564516,0.77029271818554668
1,0.054936450453725576,3.8111341042240525,3.8456053865584305,0.17177253596946265,0.015900590126885532
1,0.74490485849512222,0.94112817540809435,1.515346989034505,0.093789239833864585,0.24211012469851695
1,0.080716388616290491,5.3145240431795884,-2.3968957724652871,-0.73307163886162907,0.013479826424152892
1,0.099530156294946784,5.722960015341835,-5.1159958097540823,-0.44194074216128104,0.019954846087149567
1,0.091849298202413193,2.3475898793400645,3.2582888272250359,0.26861200032832638,0.16489114116574993
1,0.83805469133780908,1.3719092844277061,1.9334036969631281,0.15498608154576715,0.48960105033867451
1,0.012464574015124043,0.97973163557238985,5.8986966330059722,-0.029415320143450056,0.88097392448794931
1,0.26157769248443441,1.0538365054672698,6.0979259565597994,-0.0055124694431784374,0.80404386272169048
1,0.095779220779220769,4.3576848726930955,4.0177514533905798,0.1424085782638414,0.059418837982323121
1,0.080929779724960446,2.1297918948521359,-2.0557250150625199,-0.070889619082390165,0.36203752356813895
1,0.31933688757442502,2.4037825427092656,4.1452911298402046,0.28151146048176828,0.14044034320867738
1,0.1123371924746744,7.3476166787264843,3.0587540199701473,0.12395984081041969,0.025223040490427489
1,0.38968474116857293,2.287577104786513,5.6797322390308942,0.080290306645894302,0.1461409196236016
1,0.033042145593869733,6.0592056194125163,3.8343425055436291,0.1483831417624521,0.020640938141683236
1,0.21434019832189169,9.2669717772692586,2.0596214142305294,0.17976099669463513,0.12791176228496173
1,0,1.6345424025689683,-2.5639498571284531,-0.0054006714348270321,0.0018752930145335208
1,0.62631456207176095,1.6421004119979123,4.0337449400931709,0.55192173150173796,0.3224600069656014
1,0.084458328684592215,6.0537208523931723,2.6832109110885645,0.22771393506638404,0.034048791281739231
1,0.034890721109802382,3.5963355581730139,4.2235729602298866,0.30550975003271824,0.077191807741015153
1,0.014861085213499907,1.650727204922618,4.4078283880377134,0.13926906582136864,0.33894169674172719
1,0.39280658522518741,0.67112868977088025,2.9255780136307843,-0.030881350600325066,0.099840337488464742
1,0.11631978839265157,0.87869857732610135,6.2480022547279441,0.063187710496302757,0.65297485704797109
1,0.010447361371551032,2.8258773104741493,-3.5404594489956631,-0.26868470399142774,0.054412740544127404
1,0.10850081636968038,4.3757297405236519,4.7317411610107269,0.20318795296770933,0.070748069225999202
1,0.037189202997275204,1.1744294959128065,4.7094671362607121,0.046555688010899182,0.57177814029363783
1,0.26535626535626533,18.273253773253771,0.76546784213957142,-0.91505791505791512,0.0069048480640018775
1,0.010246401561356429,3.2733288606977311,-0.71743987312898994,-0.29202244449865822,0.026458230466093403
1,0.13946449359720606,2.2559953434225841,-0.17912666589743548,-0.27823050058207222,0.035811961401517108
1,0.20645952575633686,2.455667416189697,1.1343011310766167,-0.034955028618152084,0.36210394880599345
1,0.19767522027494727,3.0249162334707607,5.8405631659209316,0.16328612991740554,0.25458117569834443
1,0.18498168498168499,0.84749796499796493,6.3256126564651032,0.043142043142043146,0.33248165026544324
1,0.069195751138088013,3.3453717754172989,2.6776597197781418,-0.086798179059180566,0.23115304363603376
1,0.19179606762414544,2.5738214796756584,3.8961781358663083,0.21919550585616621,0.26701087579001009
1,0.16714364069038121,1.2510427816948133,6.971273592384728,0.18162647404877963,0.75603999883323469
1,0.16668788997835221,2.3399337832675409,3.5931666932847439,0.32942824398319115,0.2109602459797012
1,0.0047675804529201437,5.7872467222884394,-1.3509272172825992,-0.58939213349225272,0.23540315106580167
1,0.23330241187384043,1.4181740878169451,2.1235780371679209,0.2136672850958565,0.20551898024933465
1,0.08766451037251842,3.2158431853669418,2.6715245197527602,0.27894267231764447,0.059514622874632578
1,0.0048048492016558248,3.2582976049674746,-3.1700856606987688,-0.15065050266114724,0.0041063336225916408
1,0.02398615232443126,19.465968100890212,-2.7030626595911711,-1.0959446092977252,0.025838291547772729
1,0.47200274819649607,6.7756784610099636,-5.2983173665480363,-1.1916867055994502,0.035286960048671663
1,0.12431714475460057,2.9779344030506225,3.8350555642715376,0.2783478652070524,0.171264756451114
1,0.033620015637216574,2.270768178264269,1.3107622985074538,0.16673182173573103,0.059050119434461687
1,0.40817325339532606,1.4794649047677313,3.0611454121022232,0.22007422814959829,0.43873190902825637
1,0.25291406885334777,2.3216318785578745,0.66165651346857446,-1.0328002168609378,0.31046762799929944
1,0.23984806766634312,1.6851159466222954,6.6603869118935615,0.14998613394608085,0.46266170221272945
1,0.36895426094917838,1.6311976178558134,5.6072568898797304,0.19966287183567996,0.32508337169152407
1,0.14653438798766591,1.4243196138892611,2.3035845933271291,0.15384099745274166,0.4140625
1,0.31453617689388985,5.4010859610100752,0.83247424578104445,-0.30760172707052202,0.053729969355991322
1,0.38294278165201195,17.908444146056222,4.1783333201422348,0.4398146142850955,0.014927963265407311
1,0.3580813043636496,5.552607635476944,3.9506089017432338,0.20693671070349748,0.028478917735581935
1,0.29494991169766893,1.6195251296861872,5.0095146664275525,0.16763857931360659,0.40194917966067989
1,0.10482596626094384,3.7265641682682045,3.4466167918530153,0.082746102925475129,0.052803483941208484
1,0.10728259497665026,6.2240313012747697,3.4862123226545516,0.40035340148933485,0.020075842070042382
1,0.65095287321374273,2.4425849802371542,5.5436254595237022,0.19473639404074189,0.1879243886997807
1,0.30130800373715355,1.7556446589847401,1.0616024630342089,0.13189037682964808,0.19934385252304326
1,0.60048167613804881,0.85525987969960493,5.1093638669560342,-0.007213278126445918,0.79192387188059199
1,0.13837316479030878,12.359997366515241,4.452065625453856,0.37135426953716505,0.064822955798896964
1,0.055865921787709494,3.4248244579980516,3.9832267644344781,0.15787675328447201,0.055480937469212253
1,0.54206274023018541,3.2562487069763386,5.7323278185384465,0.3359738237567918,0.22758688432769539
1,0.092903143531212151,2.8991264426449019,3.4802549888989294,0.34770133265319136,0.09274858688719291
1,0.0078563411896745237,7.2349887766554426,2.6161541863976732,0.36879208754208753,0.088126078610071545
1,0.16094142078394047,2.7709180583196331,3.2485511251779506,0.18097257073635026,0.083766608896591571
1,0.065112926477654973,3.7405494153451868,3.0782334950657346,0.31074803780233862,0.13857337087432689
1,0.21829855537720708,3.7662233432698922,2.6251032802812837,-0.047924787892685165,0.11260616761545253
1,0.30668471243446738,2.542264627183771,5.3260492582859262,0.1205721752928548,0.17567857690538261
1,0.43120509470934026,1.1998897779229263,4.1190371748124726,0.14443174395819727,0.62815611133659155
1,0.11089581675374555,5.0178454032732427,-3.7722610630529871,-0.23040725234420953,0.018969699163740361
1,0.43237010542168669,3.4370293674698793,4.0816813882687031,0.17029838102409639,0.04856908119950705
1,0.31400230922640915,10.119423743046079,1.3190856114264407,-0.10926839508764565,0.11374085589592123
1,0.018938980460648399,3.2280250518502345,2.5148699009733795,0.10872175526689226,0.045752835775471255
1,0.13843496745051148,6.5948252956024982,0.55790003115191955,-0.60821044240733357,0.065754418126784744
1,0.3361755069879318,1.3527837680919006,4.2489808384140719,0.18470534566416455,0.38974117596388935
1,0.15329099307159355,14.586857678983833,2.7665077706737788,0.11965935334872979,0.038303950961436101
1,0.69629444166249377,1.6177838185850204,4.0056408449412046,0.22446169253880824,0.44887242980322795
1,0.81231135692493439,3.747181570489289,3.3009718077441055,0.16954627771523664,0.158314321043557
1,0.08684780796799467,2.9954159026504419,1.602614687085975,0.15735955992665443,0.12387656863017892
1,0.68970732768343379,1.3448143911320207,5.9764676537520707,0.12920922888538008,0.18437540781229608
1,0.071289632367243727,3.0777450885041824,3.1572131644760937,0.10231472476171952,0.11255989224333729
1,0.05278915046059366,3.0159672466734904,3.2766540465875549,0.14219549641760493,0.031315753750084843
1,0,32.519348951048954,-2.9957322735539909,-1.0198019801980198,0.018481279325864217
1,0.014324693042291952,2.3200886766712143,2.7723386909845718,0.18451568894952253,0.10400588019110621
1,0.18969325153374234,1.8961963190184048,2.5844502801242619,0.23092024539877298,0.31804897057868414
1,0.57077905326970202,7.8382722816974075,4.5285051010526063,0.23181349155165742,0.097521191539428301
1,0.66622807017543861,1.4976608187134504,2.2639482093791274,0.084795321637426896,0.58512299882858254
1,0.76640711902113456,1.4349894945000619,1.3069805544001651,0.16512174020516626,0.35123379699410012
1,0.10412469112336058,2.4327618323512641,4.8396413371068023,0.13107013875689033,0.19514505475074834
1,0.36375566481776345,0.97375811446868821,5.1150013154084686,0.10650732270651431,0.75778172098560226
1,0.013711292558927746,3.2341703897704512,-2.8824035882469876,-0.21352642119858264,0.014957366741294718
1,0.049842145822457558,3.7663758172371793,4.2328593504120864,0.073271683197852183,0.079506303214309293
1,0.10522331566994703,15.654239212717641,0.90259740474215266,0.10900832702498107,0.048260937896683863
1,0.34663258870780361,1.3386663126099512,3.8974574407488309,0.11839877850433167,0.29704934292090257
1,0.032678244972577694,2.2717664533820838,-2.364460496712133,-0.076096892138939665,0.070816044260027661
1,0.038001317036346988,2.4512937472896357,1.7720668358823188,-0.18679430140858644,0.032833180448171927
1,0.042681883911495341,4.8085223827219998,3.4520489118195892,0.13906986145880304,0.053797811159561587
1,0.12844465203176086,2.6102288650163472,1.64113035916659,-0.57449789817842134,0.20551131788494229
1,0.10661870965670062,1.6176531038247857,6.4252336251774294,0.14123125341211987,0.40298498573615155
1,0.16615666199559584,1.9494666399748335,4.0069149159518886,0.13283953441816568,0.48429592031334806
1,0.87580945106764518,1.4775034868661376,3.3094475230525879,0.16746919934911833,0.23443507479564471
1,0.09777736271946208,12.029300522973479,2.8372639527821959,0.18920433320881583,0.013826593095631346
1,0.0746343923348462,3.2059169608337537,2.2293690306627867,0.19465456379223398,0.49302642617449671
1,0.25699636393348857,3.1926247089104054,4.6524830690387091,0.2804469501981452,0.1740782862819055
1,0.10431121106273027,1.8877258880010206,3.5923685537330927,0.065473627127294765,0.32669580223860889
1,0.033561351004702866,2.5346836254809748,1.9845812606558757,0.15583582727661394,0.22399797592190432
1,0.03067772734387228,3.7564564094537487,1.4865920824352545,0.15229300359993739,0.059875000000000005
1,0.42026078234704112,12.319959879638919,-2.4534079827286295,-0.5877632898696088,0.025970854025889438
1,0.50120558825615202,3.6790653145167007,3.6146676304139831,0.14672718246932839,0.061538016712125443
1,0.078045108879026187,3.80911780736588,5.5970654838462508,0.2008357341223494,0.058639357052087906
1,0.039025543992431411,2.6661246452223275,0.63816287222718582,-0.070955534531693468,0.022710387118952305
1,0.080723591208507597,1.4822298997554006,5.9475231088449991,0.15303578655936367,0.30649597340667606
1,0.1716014376996805,2.7860563099041533,5.7287352160117777,0.18013178913738018,0.21315929610100504
1,0.074996330903576144,3.7944144122107528,1.5841201044498106,-0.081869771537596017,0.0052023149334480814
1,0.27859259532001529,1.4879345636737293,6.6527585077621234,0.16969069662467801,0.49064790136853714
1,0.18512511584800742,3.4970583873957368,0.77564840207168906,-0.050046339202965709,0.087124727627562529
1,0.19820504518940038,1.0097512525173815,6.0352134540379963,0.084186179232082006,0.56032824303027007
1,0.081556415088102088,2.9366838573175977,4.4650686859697606,0.18112995470924659,0.13908315439018143
1,0.0046619943418530208,5.3671243065670815,5.4464528484347934,0.16816827453081212,0.11140697552601861
1,0.65327795368710184,0.80319919187680411,6.3470406375282664,0.055544958608324119,0.45872742502136099
1,0.013490364025695931,2.9066381156316914,1.2050721997692371,-0.0010706638115631692,0.093855900987181384
1,0.056404330893995804,2.5771707964223047,3.9094396714925423,0.21654469979030253,0.29518064786639159
1,0.6192421207968799,1.5195991883630231,3.9250971649154178,0.42307895014229996,0.12601934423813094
1,0.42845674903081798,1.6911735912597408,5.1632991548699483,0.20118520839044002,0.15761119150988906
1,0.058701502579053599,2.500455539358601,4.210452120976564,0.51687598116169542,0.12719144582872038
1,0.42236894109719514,1.3883925968160995,5.1644201927480218,0.14468799201757171,0.46112823863288349
1,0.011276200583709208,3.0616874502520561,2.9799585194379503,0.25577076147519234,0.15074309978768577
1,0.23163056804250104,1.4541070698814875,1.5096175771518896,-0.45443400081732732,0.14383677140127032
1,0.014125136775092013,1.9036771776252528,4.4757332567391774,0.10464537948870985,0.30137773674951668
1,0.10329100633264429,3.1218295764018764,3.6441697037216514,0.20205400794041409,0.32939544269738502
1,0.069157147267675204,2.6923947720489863,3.2967623635252719,0.44818359576000827,0.68419845577555227
1,0.2479652740097667,4.5749457406402607,0.41871033485818504,-0.25908844275637549,0.078158124916608604
1,0.063443145589798092,4.3150962333215253,4.2255336304120119,0.17914747904120912,0.061768444268707652
1,0.061351373558653555,3.052230834543014,3.3308106821051564,0.2449672701377667,0.073265579850390228
1,0.040141188840073595,4.1432165521384849,2.8499547739406497,0.14002478314745972,0.046380213525711901
1,0.010685103708359523,4.4860543683218106,1.1749558552554433,0.10708673790069138,0.031541984465441299
1,0.072082566932352349,6.1268955650929895,3.6317269226096278,0.11618638871857755,0.044608040988828812
1,0.023403381732671421,4.116004441790154,2.0272267702310969,0.13732223507894442,0.012651124827832474
1,0.36795217442269368,3.191570937365686,3.2789544152836783,0.10186379088031884,0.18559066625804849
1,0.33090041030106621,0.85239134957522156,6.4572216727062868,0.059282391371023264,0.79289620717550513
1,0.30685708925472538,1.4329358379062895,4.5266571411169805,0.23338492566014726,0.36263210222042197
1,0.31943752488540206,1.6375911380957242,7.9338800254801631,0.16894862052337875,0.33696546374476311
1,0.6641873278236915,1.2743731519742882,9.3798299499547593,0.12295684113865932,0.60398084227099214
1,0.24086421947865297,0.99366882562489611,9.4355879482766127,0.044942726228611653,0.65082212987657806
1,0.69266564236026784,0.99366830368213444,6.1993482570315201,0.17269038933017009,0.56969612457269081
1,0.89899955834629497,0.14824778693089075,5.6734504068552232,0.048604950361964022,0.43006657858604697
1,0.93314590221152227,0.31280385415550205,6.0399737194219476,0.079853353010852862,0.18838975332179456
1,0.70725370213135941,0.96428311600972738,7.949333969549901,0.18984008815380068,0.57448000424084777
1,0.60640192668877335,1.4674369313681315,6.702138482816931,0.093582539639747206,0.4427295609941137
1,0.71417069622249729,1.3699697253624246,5.3074901674803714,0.20615239018969908,0.53810912837877956
1,0.12461827312416586,1.1742562603207636,10.283703226390841,0.079308706765896797,0.67301373516144403
1,0.35718509757539918,1.8335470875221764,6.7345916599729483,0.17267888823181549,0.30994719649575825
1,0.54307636598518283,1.1319547069358675,5.107356599007181,0.080691727262940521,0.48864363403710809
1,0.4994552245386597,0.71213623720823882,6.1899833835267195,0.04285417504255825,0.65195420777338731
1,0.95506870737463978,0.78262594743133684,4.339353970386929,0.050737753580168264,0.93939365127740471
1,0.2712657043909098,1.4070131006850526,4.5467992726617616,0.020185040066735764,0.19348394219631612
1,0.55291384156134238,1.2432456796677771,7.7006337608608879,0.093806080163283206,0.45197044292425764
