"entropy","lumpiness","stability","hurst","trend","spikiness","linearity","curvature","e_acf1","y_acf1","diff1y_acf1","diff2y_acf1","y_pacf5","diff1y_pacf5","diff2y_pacf5","nonlinearity","lmres_acf1","ur_pp","ur_kpss","N","y_acf5","diff1y_acf5","diff2y_acf5","alpha","beta"
0.772934968339754,0,0,0.971050906298592,0.995039356286257,2.37342333243145e-07,3.58302626116642,0.423829972797285,0.412423608405893,0.762318201695,0.597423602135833,-0.00481332162413752,0.615234718099862,0.548342598333017,0.230194450074765,2.12440536223769,0.481900135317504,1.32929917889086,0.149592540206057,14,1.02301519257141,0.421377366092947,0.147315371023652,0.999886889395569,0.999886874123215
0.837497364594809,0,0,0.947306461822683,0.86879337090215,0.000178744493502277,2.05311086302288,-2.08446992529352,0.324031557647841,0.750787212798334,0.239969120575725,-0.398246929053984,0.809324139585194,0.156580533043603,0.307415890942185,1.99871020021108,0.72278359143643,-3.73539831721723,0.14614045893933,14,0.985560079175075,0.133851671986297,0.239467385622652,0.999899923430898,0.217101341547506
0.825035151414191,0,0,0.948633865846916,0.864829738339362,0.000193307853949301,1.75175115021029,-2.25678244114624,0.457118312874995,0.768730971061001,0.446125137055438,-0.211798893145149,0.917306166808617,0.370830534935293,0.171704776632694,1.4496639178228,0.764583365869853,-3.97859043684357,0.144999800360374,14,1.07989803288617,0.360998833437927,0.168306266463244,0.999899940796276,0.505412227061645
0.854425040496056,0,0,0.948668976540319,0.853444741847274,0.000368053336845533,2.87416793282261,-1.25333642816022,0.280747059063167,0.692148231820685,0.111127330830965,-0.329776366542713,0.579982809734127,0.310747744013553,0.387214657422599,5.93940010301807,0.632263825145848,-2.51691098762009,0.125359161427788,14,0.725913674738844,0.270995283990488,0.412803643048984,0.983832020902645,0.000100000920841529
0.898830735619766,0,0,0.854557395788951,0.585833930814502,0.00127111354330448,-0.765102461240602,-1.76857133288213,0.192166265915802,0.608520269928759,-0.0160068777279752,-0.445592094722204,0.501917500193839,0.0353396409120145,0.325953729885182,8.10433255848137,0.50306970295271,-5.72199637109373,0.114946890459122,14,0.647623032182802,0.0319289304841563,0.203543959847464,0.937385989838144,0.000100008113367638
0.797752926856074,0,0,0.964261694980422,0.963776983987924,2.16835052683273e-05,3.55646978915592,-0.573905338914715,0.181024439105587,0.701152846945595,0.0966636453704245,-0.296063241485059,0.510005714375081,0.0947598217114763,0.398418681111087,0.0855712728358343,0.379104801411598,-1.92850601957151,0.131594692097634,14,0.832044047285571,0.115241059876472,0.201818540784988,0.671457983491845,0.000100004646840481
0.881408804669077,0,0,0.938779062125319,0.808091232692599,0.000766637258749802,3.27868881552462,-0.320495384398114,0.145666720141599,0.636282238577237,-0.11082080338149,-0.349346415087994,0.457409539414799,0.414326827278047,0.585244450688897,9.96051028626696,0.181594667011015,-2.61420031420291,0.0902057630012486,14,0.690571463019772,0.251270947087293,0.254100238884076,0.0348167278778519,0.034816720880904
0.829562400859509,0,0,0.956334126519047,0.951277819279327,4.62053863667326e-05,3.20295279923948,1.33365201644722,0.0149325439978596,0.660056236218761,0.131113052864351,-0.457390100517605,0.557441675537857,0.188471756193787,0.720352586783537,1.93106190631101,0.504722716947266,3.66883932348208,0.159288643218401,14,0.615257838091687,0.142037434528518,0.558764899363056,0.477923992276637,0.470511800488547
0.872614213419508,0,0,0.937466778758172,0.804396751089485,0.000807723497895149,2.25664653925532,-1.75951008409211,0.355981808658398,0.699615000615037,0.184738621007395,-0.322939495256324,0.662122412270931,0.292406477562947,0.415905861727225,2.65465960800392,0.694199936829222,-3.90271418433243,0.132569600935904,14,0.799139181740324,0.260219030594037,0.507353973347851,0.991051649442954,0.000100003182123302
0.768108587679918,0,0,0.973835052722605,0.994612895140024,2.69806687889847e-07,3.51184518573037,0.0436425415634067,0.282719722693179,0.822236785181542,0.124054895691259,-0.28962386942448,0.771504352997344,0.282063954219469,0.477187968246174,5.32600263383085,0.428446387849522,-0.0687401551784871,0.0970839712226868,14,1.27141566883145,0.279175843147297,0.49317801524674,0.0179243474652946,0.00010000066510405
0.787816022446702,0,0,0.959228956430727,0.957173009691742,2.6943346713695e-05,3.54861298818681,0.529519051150996,0.327488404601343,0.629237830861595,0.243237023387775,-0.476320623851142,0.413081729448331,0.426353399984889,0.591483815634108,6.71607571193368,0.39173143856379,2.36959959201461,0.108012701735291,14,0.586411199138603,0.312328874308254,0.471191682570156,0.780143125948652,0.78014311380054
0.769718347852681,0,0,0.970424772181982,0.990267487218126,2.43387846212701e-06,3.48263617396745,0.436605138661868,-0.087461826479513,0.758089278406511,0.169360329647647,-0.38636709409454,0.630281580764358,0.183901646970774,0.303321649734394,5.97136731239432,0.340091159345171,1.68346289832964,0.169937161436768,14,1.06021792534804,0.137361404204816,0.360610420682783,0.359042276680903,0.359042183768195
0.771677701634136,0,0,0.97306061971691,0.99379097146372,4.14633450040266e-07,3.55932782620081,0.320545300816067,0.481636980555694,0.80373103488083,0.408386238903529,-0.00555634788507388,0.734429555959464,0.238720690392495,0.293670146668254,3.67793872540357,0.619066786623366,0.533193569223541,0.122992421966712,14,1.23348295640665,0.227354689367771,0.242867499673687,0.950080553052581,0.0315542393624273
0.936264183015381,0,0,0.712407542759934,0.410319872743193,0.00955725173340979,-0.450686882528439,-1.55675379587091,0.00649691720855702,0.414741944423766,0.182407063395639,0.246631468697977,0.329966302511484,0.143832669167765,0.243645303788167,0.943496048956095,0.371214232844092,-6.61347972033288,0.108169261251732,14,0.429964287154054,0.115142881469348,0.103214549545895,0.999899986797055,0.00890769568248766
0.771465497497856,0,0,0.969839860055875,0.990778162525674,5.89318877041268e-07,3.59442667979619,0.103678188945463,0.306336786565215,0.742038175734067,0.230144545963351,-0.280372261637417,0.578743752844191,0.146229115457176,0.100322610501491,7.50393686566654,0.378719407885934,0.600307459497003,0.0881132584448072,14,0.94185139374637,0.141354472462192,0.0977678373243342,0.999899996448164,0.000108268453841812
0.829839534751178,0,0,0.961596602884635,0.940130828059672,2.83883621710475e-05,3.43294961001966,-0.607392654194696,0.00106827724531033,0.722432553372791,-0.315177425071714,-0.684391430257643,0.565599525815778,0.315445924025915,0.797207982271092,1.41891385994191,0.303858732609191,-1.71378802617109,0.112337851044495,14,0.809160868539111,0.461491941819829,1.11635844522218,0.000225455577576647,0.000225439529518705
0.782069348868904,0,0,0.971170259173136,0.962182048408723,1.67747215676268e-05,3.4689500975198,0.563735778822527,0.342377250037041,0.828206095673233,0.382430526266615,-0.0102674719812704,0.821341059000762,0.348539709003911,0.20749792367636,15.8031144850593,0.631198887660174,-0.178670974684312,0.121011542593833,14,1.18042343215514,0.367886231764989,0.151379443869172,0.99989741309007,0.000514028456734739
0.855543482379564,0,0,0.931569545218183,0.833196383591455,0.000534932361031244,3.26697222088865,-0.450454690614404,-0.163147046321213,0.492564311347039,-0.133135185275548,-0.213021775730454,0.301943097827555,0.118341638487836,0.131264460732457,1.16919586366297,0.00430871337328391,-0.474068285869375,0.10238675605879,14,0.443258225076243,0.117373265177118,0.110928407446949,0.00116930808777633,0.00010000476228951
0.775823960469248,0,0,0.973828518766501,0.992579504536898,2.12894497670849e-07,3.4924361928847,-0.170371477324364,0.169907019124503,0.829873910924944,0.0509704610514177,-0.376633522567708,0.814059964765568,0.282350281532192,0.339129339447307,7.18870106534249,0.37657868403693,-0.452055496561795,0.115559424514122,14,1.2821327146741,0.278245088448183,0.348736076764893,0.965608392239085,0.000100003249378633
0.807127582040524,0,0,0.965633432144792,0.968071265109191,2.90292759098718e-05,3.35734160916561,0.973007068186399,0.223715359991924,0.744269778183475,0.290120120965712,-0.106760474020419,0.663532821839444,0.17378594754043,0.284198954748871,8.1347213116293,0.62486322624425,1.76984918341713,0.147767664637296,14,0.796066802157296,0.11157141602467,0.209906246139544,0.999899992324232,0.173131116174093
0.779905386883476,0,0,0.969408424004646,0.970296825626443,7.31762677132289e-06,3.42579199591333,-0.601722223768416,0.308408096281733,0.78522041021025,0.171788975463111,-0.161106334840904,0.710269735269977,0.311998512312942,0.462533329465159,2.94802873701435,0.634151883705792,-0.993638560672498,0.131278165039713,14,1.09766755966793,0.239439281743341,0.483116190284017,0.999899950009463,0.000993545845553789
0.822692321930392,0,0,0.942780227919036,0.89958728474059,0.000162712443361178,3.37263038400195,0.672002530635637,0.146331894417142,0.511248181934592,0.28801371821538,0.154103380651722,0.273255371170845,0.190980590315826,0.124152960220053,11.2756208638561,0.247529121137918,4.27084362627921,0.123412661580255,14,0.3717801289306,0.13683326577267,0.147207973404818,0.999426862251304,0.996853971324946
0.888853495318345,0,0,0.89219002375967,0.686313221939691,0.00187997963650487,1.75075463712818,-1.68039887288078,0.253416363375586,0.620365224889941,0.20651062200268,-0.0559881285548615,0.608825955694606,0.427667807530078,0.724313866074475,1.3021836728508,0.464511102328021,-4.89504681768646,0.119876167331293,14,0.403377122294256,0.367904671654985,0.527635770816582,0.984369524080682,0.000100000975577867
0.780628812697161,0,0,0.969054100429432,0.982869160515085,1.89555725413466e-06,3.52701323765638,0.498432176832841,0.182916871671669,0.749983852909681,-0.096492144824533,-0.543292338117784,0.602818717287465,0.0653461186967615,0.559579639906118,0.395850814734856,0.562988694076862,0.875358307094346,0.137106578249012,14,0.984266006417437,0.0582931320752636,0.464294977494332,0.923859609526767,0.000168386006558902
0.769382797524666,0,0,0.96936293991228,0.988395088714449,1.11168073002112e-06,3.62739754843601,-0.000776832042423667,0.333585032056868,0.734561350927937,0.238617132940408,-0.110254535634335,0.564394712798069,0.180887850457381,0.0726399173634855,9.94370332390253,0.408895239370423,0.401697536707792,0.0822921793188391,14,0.934241983147404,0.212976193537032,0.0719178462271364,0.000100009879817292,0.000100000159705654
0.804699015212613,0,0,0.959180338568654,0.947871643101803,2.82327519211266e-05,3.5763456615045,0.0856195065482642,0.23481704788664,0.637552325329035,0.247621486307964,0.0100473096428823,0.413713957098889,0.137792272057652,0.1618771036447,12.0784680104167,0.335442025134747,0.912326697736445,0.0916953746062696,14,0.616630718179874,0.112652291441038,0.156181860438862,0.0021750714173503,0.00217506700175743
0.815425230024847,0,0,0.961367637432433,0.947126182777846,3.06730563709198e-05,3.37589215812431,0.647177718126393,-0.0796724923592389,0.688760802966021,-0.0456818322264454,-0.26157433141205,0.532048425769808,0.194128035611688,0.268370342681384,4.36568233391866,0.207190632505625,2.03566733924376,0.14382740432693,14,0.945438315325927,0.205429331356277,0.278216472595599,0.469341192998389,0.000100007714407645
0.773599563522908,0,0,0.966888844215915,0.982024286782812,8.626431666092e-06,3.38434068981533,0.711750067802505,-0.415756384087571,0.720468951408867,-0.223834702324159,-0.739569243916987,0.591955715603015,0.307611325532167,0.672389279898786,0.692800107517914,0.368959303089638,2.499971113269,0.166368178169229,14,0.96455571335872,0.332427578659073,0.846968841233961,0.362697633658533,0.362697629457739
0.861880815353073,0,0,0.948977508052201,0.84085602311072,0.0005903928426591,3.05932460239787,0.227199620864038,-0.111199061467771,0.796858863890568,-0.0741456363653687,-0.118527090878157,0.75019946003481,0.0992616370737813,0.0738741702091193,18.6697484736275,0.0831849921420901,-2.62617720749116,0.0937144025212896,14,1.09322211021563,0.0863485517569096,0.0855433554656828,0.000100006606506816,0.000100001475631973
0.785699948431376,0,0,0.969560854158893,0.977870632892002,5.29579467703852e-06,3.50718370906706,-0.500482571718855,0.260971443962259,0.768253195795987,0.071318625533097,-0.334709964776461,0.628820723739865,0.225830884703079,0.330988819224949,1.67714567464432,0.650088783625933,-0.688753520454726,0.128223079357106,14,1.04921065770565,0.209890225298849,0.386852553298613,0.999899950229581,0.000325043308847525
0.780648040164408,0,0,0.969019197577455,0.977097431479307,2.72107696765239e-06,3.45696352447854,0.359303186762924,-0.118236867776299,0.76396656060499,-0.241297581888962,-0.623454651936674,0.662691897883986,0.103485659803926,0.481641836162703,1.2341939700189,0.109028480725074,1.31964693373785,0.123177200620971,14,1.10427755112325,0.14077568394915,0.445320396433218,0.000100005213640449,0.000100001452796778
0.799183966221179,0,0,0.961871362804716,0.971188690422657,4.67354029639578e-06,3.49320581039467,0.875006905481247,0.541694807861626,0.664884324630349,0.527568834564395,-0.357947201758365,0.465462451438414,0.36898097955571,0.193962549632337,6.08223458039288,0.603532113647395,2.58172825359901,0.134117172763719,14,0.610826805782874,0.408418718829301,0.18322891389487,0.774224908312903,0.774224630036601
0.92449500210673,0,0,0.729076918847923,0.49485620163145,0.00203863839594808,1.44337487169205,-0.486995428134848,0.272520807848902,0.373088846423509,0.261081406422208,0.033501916620537,0.315107838053379,0.292739476220423,0.260262844677305,0.513164870812197,0.427392558604461,-5.67744853131639,0.0959888745566226,14,0.344202395564863,0.225095404444136,0.346177105226996,0.999899998579958,0.000100020743617513
0.816990175910806,0,0,0.954525339627428,0.893024540975548,0.000120325254913891,2.46279989997787,-1.87963945128049,0.405787325202311,0.750393764454816,0.448613244571561,0.0079659215500135,0.756397255631984,0.501417081635997,0.233099528794719,3.33786976767404,0.752934254883557,-3.33941344646413,0.144486798653616,14,0.91482865696621,0.289384450700338,0.298009968368502,0.999026781882318,0.000100002209865516
0.825035151414191,0,0,0.948633865846916,0.864829738339362,0.000193307853949301,1.75175115021029,-2.25678244114624,0.457118312874995,0.768730971061001,0.446125137055438,-0.211798893145149,0.917306166808617,0.370830534935293,0.171704776632694,1.4496639178228,0.764583365869853,-3.97859043684357,0.144999800360374,14,1.07989803288617,0.360998833437927,0.168306266463244,0.999899940796276,0.505412227061645
0.791545759847213,0,0,0.966717744483939,0.98398957036633,2.29855503564771e-06,3.43022855368484,1.01026298319094,-0.0663003074164587,0.734770805678985,0.0827490017256787,-0.549312915860865,0.577813158200814,0.247737584634036,0.908373501251805,0.0315097299986546,0.600184998133146,2.30034102104623,0.158053490146112,14,0.883398250271423,0.202959335401891,0.551362974758175,0.468466768457978,0.468299006415559
0.846566314800854,0,0,0.934377359813881,0.844268810094068,0.000775376268578854,3.12252031600909,0.625306313245752,-0.168070305455171,0.499126991850097,0.048871476108044,0.162152546016696,0.344840305309324,0.126028273144821,0.303051382022622,0.118116597697526,-0.0240072646491859,4.48925238365956,0.157031455187114,14,0.53069411472166,0.149529527602624,0.242795355644222,0.14754333964544,0.147543334412873
0.770315128530877,0,0,0.971814990621276,0.998582685396175,1.6142104343156e-08,3.54256243488811,0.611103327062408,0.399405236277501,0.778612898588755,0.731188511105317,-0.428343761205919,0.652836051160801,0.607565680637101,0.520066244776808,3.64957950179568,0.646720723967632,1.48423179006588,0.163781735415309,14,1.06669453521248,0.871755273784899,0.417549282096916,0.923283381116376,0.923283205511904
0.792443203224812,0,0,0.96709814721374,0.98373165987319,5.10861409415222e-06,3.54512310198328,0.730065217179278,0.274469556352392,0.725480599840055,0.334538125443221,-0.2108461510127,0.576992543078447,0.254861920732269,0.377470926367696,5.30456684738008,0.59124566017274,1.78048158273269,0.146368183273903,14,0.817079699682584,0.147588229653468,0.311251028438472,0.9998999923253,0.328866089395085
0.774466212203698,0,0,0.965026601022445,0.98542936316209,3.37489166439422e-06,3.35883530674667,1.13270971167941,-0.450330299145597,0.707150494912668,-0.0169996948137188,-0.782662274658312,0.565503447090339,0.485464378464747,0.709193703825411,0.611522560347018,0.507718793797433,3.42221507524129,0.163962552873559,14,0.869191364112969,0.398348427942771,0.967096467273769,0.514062860852714,0.514062827544811
0.790482128892699,0,0,0.965291258427873,0.958289053568699,1.47234373040638e-05,3.53354019860378,0.0941747000242152,0.232422189554741,0.721449417819524,0.182566162478231,-0.100049838935783,0.566547681584033,0.527898354846448,0.472099403230784,6.29752308230759,0.26783046707641,0.963848028223701,0.0764987845737934,14,0.867910150320884,0.34723977661606,0.547869221434674,0.000101237433373273,0.000100000437938066
0.777424373039293,0,0,0.968807386981215,0.98944961492647,1.02224769491908e-06,3.52604979686194,0.689684902375636,0.238239156368406,0.737764810629977,0.380585815326315,-0.536986628645171,0.567333045325927,0.340895688525415,0.462344802457931,1.79343661638788,0.482526863855075,2.16013847791141,0.154216512502326,14,0.942095780572204,0.253392130775434,0.499434858391118,0.824033599022825,0.824033564001814
0.773501682663216,0,0,0.971427985217196,0.996982686880049,5.54139143759724e-08,3.42148954539168,0.9095900349058,0.369656697131127,0.789294936279866,0.684220852951649,-0.570574689751984,0.694990770257617,0.621873802718745,0.516966380568846,10.0805799946595,0.690402518109669,1.84522170053704,0.162902241967484,14,1.08692336326985,0.900793356422881,0.481934257697775,0.839004851437348,0.839003212511745
0.823966837006631,0,0,0.963994728072566,0.953123170816146,3.04888120981506e-05,3.49418045268835,0.269577699500556,-0.0388752066698829,0.72470317590963,-0.289071891876533,-0.50209275738557,0.561977915877441,0.343744448050172,0.453640719055245,1.96104664810431,0.253990209712168,-1.0435425413942,0.100542013382199,14,0.909560500352899,0.217697879373114,0.390401258202975,0.000115871325448537,0.000115869023177325
0.787982918046934,0,0,0.967634650705618,0.972829733930867,8.59870033455156e-06,3.60784562217358,0.117327407531328,0.551381697538919,0.733815025526433,0.492961576635146,0.0781154975071154,0.577653660758939,0.628887878580106,0.336221980306343,0.380907869702672,0.554297872429149,0.468628999469886,0.0762538511994936,14,0.828258013816108,0.743221393453418,0.218287584100712,0.000100006719373522,0.000100001949339922
0.801950467512245,0,0,0.95703509618066,0.9544867677227,9.3173953496317e-06,3.46308186862342,0.881543833496019,0.0806772984699285,0.611873358079492,0.0553848012701947,-0.483909599730794,0.401898228009832,0.0781169131650867,0.449848265925488,5.3058794834887,0.428810110861219,2.6369372292318,0.141632680459065,14,0.593217562147477,0.0654514140660178,0.4580192145119,0.488676014551939,0.488675996843079
0.881110301270067,0,0,0.93337155276657,0.804341704941712,0.000694063258201939,2.72344494491326,-1.31894720588776,0.10888549187255,0.688429365059994,-0.0625615587951335,-0.401854705932184,0.586224716953659,0.0839009835976655,0.440519292640711,10.5316409556144,0.521401500843758,-3.20292918846641,0.138002660666502,14,0.755492802307871,0.0934681156010296,0.207728802002743,0.869935692067412,0.000100000475787954
0.775476793818555,0,0,0.966970965605701,0.988709302744327,2.76067605300811e-06,3.47458400286739,0.894051240865573,0.232379334433716,0.714101210847798,0.588956102661771,0.158277884453514,0.533322851604586,0.4174343434376,0.225490737927445,5.43250455837495,0.510086240250991,3.16562178718492,0.16239319753621,14,0.856428040296618,0.430613558665358,0.161003629039613,0.999899980658765,0.999899944622965
0.813640287614675,0,0,0.947614310854625,0.924935614807772,0.000208435802978591,3.22827761973088,0.955692247499345,-0.190629154155141,0.541763672385168,0.0756053339655609,-0.0327834660907542,0.327170425108019,0.0227708258308168,0.0146241443868966,11.9867764159632,0.192654711991679,6.37419442993123,0.156299109652447,14,0.516819013722628,0.0236590948458156,0.0162363046864406,0.520372750450509,0.520372732950892
0.818257849504847,0,0,0.956966648419673,0.882343531874597,0.00014651736897919,3.0335933084178,-1.05068893586885,0.302613607837295,0.748691603224027,0.167302145400126,-0.23384844768243,0.682485118091588,0.447800592563055,0.422027820620455,7.7617348390529,0.647322645950057,-1.67150433810412,0.120054232780166,14,0.865209259164548,0.371007196444853,0.499863457092752,0.999899999133602,0.00325908465998806
0.951148862147296,0,0,0.808640727447628,0.590566566927678,0.00172666998753428,1.05554515969095,-2.13802132008269,0.0228228624609768,0.464477240458866,-0.156531663030823,-0.506540672390423,0.335256543117634,0.128488559297385,0.786318567351334,2.0416639829905,0.435550598438493,-6.38599165592215,0.138480869324414,14,0.322859844446664,0.1221997177986,0.325342464667475,0.732335610840406,0.000100011956057986
0.780113971723202,0,0,0.968819882415763,0.986840780134431,1.64671597983986e-06,3.37891160099109,1.00698835643755,0.471093434523405,0.761592015074453,0.621148666932564,-0.085227865822886,0.643668738647645,0.469148781486511,0.179510440440889,13.9747084160645,0.724521884100714,1.94086574260099,0.15264661768498,14,0.898926897538321,0.519961865153786,0.135407004006217,0.999899949241388,0.707333439688453
0.782374675962859,0,0,0.968306354392293,0.971331195280635,6.62225844091166e-06,3.55440393502344,0.0627846709663784,0.231075325035072,0.750242097210857,0.160763795139826,-0.128566738459562,0.605144926612565,0.415813680146453,0.320623771970332,8.02185058398414,0.261307488897054,0.79779738864469,0.0719533974570167,14,0.972951883511273,0.292403243124129,0.338348683443533,0.000100016535808538,0.000100013002803437
0.932856427317968,0,0,0.831329166042083,0.613772771264371,0.00429619608194499,2.44622259647903,1.23119913553658,-0.0351253527583015,0.419776688633787,-0.329976687798593,-0.619047108472487,0.234844646822093,0.222889588307377,0.67464190324008,3.85118338008282,0.241186549536725,-5.59716337911647,0.117458575417288,14,0.233393337671316,0.148607815533411,0.443372988632311,0.000100023566096389,0.000100001740241189
0.813217814169188,0,0,0.956797690360447,0.893003019016737,0.000114959673556219,2.00818627303525,-2.06569076030553,0.678666025165145,0.803269729137392,0.734125728742087,0.294026702432564,0.95539547860347,0.764193684840729,0.315311363444712,0.401741090529497,0.783439611852607,-3.91122230181844,0.145041207078373,14,1.11855965451572,0.924625086270843,0.452652828468328,0.999899863283269,0.999899656021727
0.817746326056006,0,0,0.951670571022972,0.897315975876717,0.000122441284429661,3.4103948900846,0.409144083979605,0.487245996923581,0.628703359195224,0.335093178986908,-0.107440188794337,0.439539638182347,0.2935069628969,0.246599439519147,2.92743647888768,0.57629967382309,-0.96035293877466,0.0951960315312996,14,0.498752887697701,0.28290361834443,0.172265409557831,0.999899994468941,0.000100000771259913
0.776512620545286,0,0,0.968259477302909,0.978619109046719,3.21344078801638e-06,3.56478708296824,0.269800371830258,-0.0178980385996697,0.73335261493746,-0.181982049537508,-0.500285979996314,0.607606248101337,0.0915619148749903,0.444586730400501,0.395856633259813,0.212536333223666,0.835197262130639,0.136976655106062,14,1.01400077810095,0.0616756457198093,0.342373874870938,0.000100059736934619,0.00010000063390571
0.793071397307878,0,0,0.967678960126461,0.97598137165327,6.76740270519316e-06,3.63293947274791,-0.0773922249935051,0.243442036598724,0.739573636172083,-0.0267259600017499,-0.363469667907496,0.591015191986213,0.277730160775306,0.443030724868323,0.0136974519039443,0.486656988207355,-0.310870266898885,0.0861440515969749,14,0.836973403557128,0.239783070812663,0.380276549966719,0.965784670933084,0.000100006836052345
0.812791158249216,0,0,0.964482460719301,0.925064467416313,3.23586855377572e-05,3.24032373984509,-0.691156144498537,0.291441219217313,0.779732774669312,0.0357407793977058,-0.23933375010552,0.732573519916186,0.332835878973533,0.418983120491465,4.08378624471813,0.512063674940651,-1.45384090603525,0.115935524627399,14,0.88789349241295,0.260303577567114,0.363416075823245,0.999899989413843,0.000134936567297939
0.898351625219104,0,0,0.824377892727858,0.461626389275944,0.00327972910303465,0.277287040704353,-0.197449033448252,0.464946278110873,0.616153031743603,0.304144141539531,-0.207868086038439,0.9119761364918,0.432238478594712,0.406897341989238,3.87388944842877,0.603352264732828,-6.61115189824733,0.0785792792283278,14,1.19126745836179,0.53016711365441,0.255139801690498,0.99989996094178,0.00010000183216153
0.835811419094457,0,0,0.961874896266322,0.918095956823105,5.83313640829741e-05,3.18199178643804,-0.25893847043818,0.0181704710389468,0.781037735348355,-0.200301241976753,-0.32732541124771,0.960427204200578,0.362623596302475,0.800709997391574,2.87998807530585,0.151541791645118,-0.963775445057623,0.11272297058049,14,1.16077972858417,0.513013080380278,0.737121250870078,0.00176919063956255,0.000100000963794432
0.831467608826313,0,0,0.95043323501471,0.904823946575246,5.84214318685505e-05,3.55735504315667,0.175924297812863,0.0955396115987711,0.591174009739027,-0.172841684348187,-0.503708032326268,0.37422109636514,0.138023526582067,0.66607283249181,2.74640467659242,0.225402029568142,0.332809108310326,0.108941537078854,14,0.517675649854944,0.168791103106554,0.587521733744669,0.000340257830816446,0.000340251657801258
0.809221623427451,0,0,0.959271282586704,0.935411600369851,4.7388305771482e-05,3.51499430096091,0.0638469513824509,0.13705320108554,0.645315180926563,0.0546961505474725,-0.215761847230603,0.426131648352083,0.127893500115421,0.222892952950823,5.12149926564099,0.242052257066441,0.68074350103025,0.104064644865964,14,0.671854646119073,0.165080860514864,0.162588898716777,0.000100017068103542,0.00010000500907187
0.815586906518794,0,0,0.947575590731337,0.922453637795014,0.000173283236840243,3.082754264725,1.4408938644268,0.278275460102361,0.571280161294462,0.46685804057331,-0.309566362805082,0.368715406242559,0.354511906385734,0.139648194483821,2.53464768215747,0.451072884290489,6.88178187510309,0.15261374475675,14,0.41682374816207,0.218178151551369,0.0997086067096627,0.999899735970762,0.753211804035057
0.770915206991356,0,0,0.971942418086216,0.997882402438124,1.88152575706833e-08,3.5873266169768,0.382553901319297,0.372798623155239,0.775269576663809,0.622544002997777,-0.141993770145581,0.644884088732611,0.619968611019088,0.49975809622188,0.347738412479797,0.547088926604082,1.07424029096855,0.15886497818029,14,1.06469826521794,0.427269424238266,0.412342414148369,0.935656132964865,0.935656105987534
0.784924536006223,0,0,0.96607822076701,0.953555399698999,1.87749562278785e-05,3.36401772994988,-0.770272921769683,0.291214950445125,0.744752283621319,0.364290226186557,0.26386446263923,0.620404731652225,0.298256251920393,0.166245333690193,2.88574129496769,0.715134964331198,-1.08052006506849,0.127631937545832,14,0.991405387383269,0.364989603288922,0.1682826624324,0.999728118958481,0.000100010828939845
0.793598700615574,0,0,0.968490589562262,0.966444732018957,1.1540554721571e-05,3.19640117253603,-1.07715507239045,0.428343093285434,0.801702346867127,0.402386054610999,-0.0417578489786731,0.770236164705333,0.327828780509731,0.414981863950291,10.5911273228618,0.674037260100808,-2.0674172091,0.146377258607326,14,1.10410927269436,0.214475963236742,0.243365480406316,0.999899962565594,0.430554490565246
0.842488262117798,0,0,0.954851825745551,0.89397731146629,0.000324285062248389,3.06248468057884,-1.12182743584808,0.170901929439603,0.733805213800478,-0.155728638983538,-0.56900110981965,0.613356198741601,0.211263729262728,0.780004238293556,5.04791061797916,0.571609160707724,-2.41422752477307,0.132143550968974,14,0.876443988447375,0.213710145293124,0.62042726195647,0.870167110011014,0.000100009062376297
0.910586469842444,0,0,0.818972985041821,0.538265627609912,0.00136128081409661,-1.58123852855778,-1.24453871439525,0.238901655911173,0.507493026230143,-0.0367381543042773,-0.455813424693641,0.428685450471157,0.234655041677896,0.512014232034032,3.78519579397258,0.372637079674484,-6.79197041939403,0.0928387918721653,14,0.379610257925037,0.234054790164005,0.651667925079283,0.000104784199988583,0.000104782993380295
0.780496965520266,0,0,0.967933200685175,0.962137345916025,1.26008868271881e-05,3.47626998871221,-0.229446718005468,-0.0304692358143397,0.77414911384482,-0.326359579564328,-0.579088775337493,0.699771814844869,0.427301972984789,0.890285898044086,1.95344972088914,0.133000345941558,-0.764735964786921,0.115650292445907,14,1.10734135302562,0.314460952846645,0.504283276824575,0.0463920066778061,0.0132834513860834
0.825626044077458,0,0,0.953273197310536,0.880715721338908,0.000440514609306906,3.35220284247241,0.4084383300123,0.0113657976068737,0.719288534897182,-0.309401875341604,-0.554780769854233,0.662704517394137,0.344252837161307,0.820204149482038,2.12703749542338,0.1253266256751,-0.889035328747066,0.0933211881646741,14,0.957489577567182,0.147151865581812,0.326560728266963,0.00010000476199277,0.000100002005923037
0.784153942710045,0,0,0.970564244052301,0.976328472812777,7.36024996069645e-06,3.47051015053386,-0.562439103302958,0.344302677380501,0.791972268019273,0.110383688023984,-0.448044416940694,0.701374530365093,0.380597364893628,0.663350136101345,3.32914883197162,0.612486445310633,-1.07786475763281,0.12894994200502,14,1.07139088809041,0.305250406894729,0.739562911619073,0.998357041024939,0.000100015358463085
0.836250234249036,0,0,0.95919887597855,0.959758965305422,3.88351229252611e-05,3.18769578499085,1.4233342035943,-0.0997865330516181,0.700929984993788,0.052545547273755,-0.470960783443405,0.649910554424816,0.0619983177587595,0.426081363991078,9.33910885187537,0.586797093301737,2.60839439261003,0.157332003803759,14,0.67942152374169,0.057842084612095,0.276215850218892,0.459810976666256,0.459810961994363
0.836522631828652,0,0,0.937221928846908,0.801445417643503,0.000428525972330741,1.64418256701502,-1.91053058249679,0.404240066114708,0.754093919764667,0.257600958741542,-0.334335950773749,0.782126521414331,0.136022134123774,0.289181383487621,2.14725200908845,0.687044549435442,-4.00482147063187,0.132184363375045,14,0.944107161698189,0.152994385093787,0.202589784081389,0.999899999027982,0.172895713646986
0.79741041713162,0,0,0.965300956887951,0.977632988060249,6.48666042707215e-06,3.47639987270566,0.861361624907286,-0.218549671911733,0.714496509039499,-0.116571255194107,-0.544599377507979,0.591222799785552,0.233229875016904,0.705413982439864,0.4992216018185,0.436876778426095,2.3177748622558,0.159037809038648,14,0.884263356453251,0.261803320911539,0.547429957857999,0.387948081940318,0.387947924616692
0.801400823736212,0,0,0.971450127211567,0.984630543614128,9.82650010331682e-06,3.48271047780661,0.520546463003418,-0.420980592952474,0.813128028516768,-0.303323128820092,-0.37818849290696,0.794864782483015,0.132182210987258,0.21819677465063,9.22524942747772,0.397394371951122,0.425284636186007,0.153899386339478,14,1.15331284752133,0.131745599575586,0.190942709423418,0.617745899599635,0.000100011361203144
0.776860623015662,0,0,0.973642658066761,0.992739372001763,3.47997475569694e-07,3.4568353406939,0.499291459090075,0.539239466669732,0.827581689609564,0.586516841133926,-0.0767931940766745,0.796723127088909,0.426018729509244,0.0389395272224956,15.9577497410569,0.690387494462668,0.581269700997278,0.14093682568914,14,1.25800489399517,0.554875073282183,0.0351990839476298,0.998830788504359,0.0221091125955187
0.768608831788808,0,0,0.971434111238707,0.991728325392924,3.64620011806773e-07,3.61308381389673,0.0170467904799798,0.27887999210954,0.768192160437944,0.19349290827061,-0.185397678940638,0.634557048966325,0.266507550624916,0.128093657260009,7.56508058725584,0.290722505716707,0.464763264502614,0.0715808324136309,14,1.06041107392442,0.21460939925646,0.0994197851101613,0.00125869785253318,0.00125868436605968
0.807341143099385,0,0,0.961770237494016,0.891083419908041,0.000140661288438805,3.13352310390599,-0.579215673697025,0.511041178547283,0.782080044407287,0.430157294681691,0.0938913669302777,0.688252129748763,0.667751228894259,0.484360824035357,5.92148330405582,0.670111657666762,-1.42277918612925,0.0977515680565444,14,0.96321482878117,0.701829724160023,0.273142092483015,0.999899983353756,0.000100005220486691
0.845833020784688,0,0,0.931481926786837,0.858602317177569,0.000199554453189094,0.821480680743673,-2.69997027536096,0.206226499215732,0.676203068705972,0.27405404816797,-0.416167480200175,0.672604760746267,0.276633363688895,0.53762903234472,0.788427333734673,0.679929212126453,-4.91337379062978,0.15326769773516,14,0.776228936220624,0.17154895620144,0.583221818915516,0.999899978760795,0.125461442765804
0.778921206593947,0,0,0.970186314435097,0.951972289293197,3.30986854659688e-05,3.2717907631084,0.716386774962577,0.401705412822736,0.840777545639093,0.45159484194541,0.101952422691806,0.886928919572288,0.6897873382159,0.375689120897174,14.3655894993657,0.637849469311916,-0.189017863606466,0.125649253126466,14,1.24038980475406,0.392728141889009,0.321136007998448,0.999899988388728,0.000100000388481842
0.900046891364825,0,0,0.90041334126991,0.753365015704573,0.00169681177063867,3.09914201838934,-0.00486272097879437,-0.203548025140491,0.372019872143084,-0.133117862319947,-0.163583369357747,0.203307401360443,0.0980817555874069,0.114074755302595,1.09438321176081,-0.174951295328519,1.04400944576214,0.101551972520045,14,0.300839057142242,0.0980044608451112,0.109888952838242,0.000100004005424862,0.000100000259372517
0.776900617102393,0,0,0.97259269330941,0.988957861038068,7.73551831411279e-07,3.35198854999957,-0.88703876264723,0.305616068662764,0.833396039498811,0.449562031606162,-0.358795710345855,0.829017398342003,0.545678054662958,0.249226624869894,14.4418590086007,0.657201966143469,-1.49135658164058,0.151242060964852,14,1.2456135639935,0.491891625041335,0.338214934915009,0.756822508616696,0.756822170754322
0.792318751342059,0,0,0.967326602123082,0.960465249942443,2.69443532512275e-05,3.31380149066462,0.742191576964836,0.0734924219336089,0.783989734870052,-0.0337778457360275,-0.417606197817862,0.792244296895285,0.0646302690144765,0.373855040888551,4.32289380630743,0.510707252426517,0.729637058248052,0.14641945150703,14,0.976704996611986,0.0684070421610693,0.278367311867533,0.893091167396794,0.000100000957002042
0.778662600652421,0,0,0.969255178343241,0.969691258625341,9.49858060853869e-06,3.42801399318626,-0.57917685906187,0.202336868776567,0.786761431369498,-0.0272343131218561,-0.426587738509397,0.706140743736357,0.0525765487706186,0.49099674502733,2.91300798341703,0.563541515168103,-1.02318755834791,0.132200516108348,14,1.10841305819848,0.0472010463850036,0.210873226241156,0.975268682640991,0.000100014233923674
0.803922464010182,0,0,0.952696795297829,0.919514683810952,0.000121605392318383,3.51259873204682,0.508056299554364,0.130492973128964,0.573791341471939,0.243771730214058,0.125114381669366,0.345098158937805,0.142022511801074,0.0905873305101885,12.7255224673065,0.18805273186463,3.36003231459813,0.128089309677621,14,0.537159067344238,0.118922583750269,0.103968935075034,0.99989999246972,0.999899976720178
0.89249686545676,0,0,0.889595481168293,0.687748688365542,0.00188880683188977,1.75023396053321,-1.67219002162293,0.220325773353143,0.609198595898404,0.155083345660485,-0.129552162929179,0.532134004727971,0.319012262639911,0.690492274731991,1.26721635613004,0.456012653597964,-4.94827803646213,0.120399456660459,14,0.394024560826166,0.284412118100358,0.420740206312805,0.986987213444791,0.000100007862063008
0.78233380414637,0,0,0.969318153782239,0.985298305640754,1.93964921818747e-06,3.55161906148962,0.40663864786621,0.0331700831282433,0.751184879396244,-0.220880314051516,-0.597838929613376,0.599022255150304,0.0801440672356519,0.70652548962781,0.190551391747073,0.468541905072263,0.83100571731794,0.138823692578596,14,0.986461856584182,0.0822468191415819,0.52910893237443,0.796786804178574,0.0014123382587035
0.774662040779035,0,0,0.972457726180087,0.9900150366117,3.28247083505157e-07,3.52528279361088,-0.281706498650173,0.208085493109902,0.79975425759851,0.0361655184593752,-0.264395722386695,0.715583828911514,0.150319905283003,0.43601174250164,2.59493361799165,0.532739313617439,-0.481379579227241,0.133670626313556,14,1.18213012468312,0.112250825370139,0.28576526154182,0.99394261287266,0.000100001002604439
0.779356128118655,0,0,0.970013717535102,0.972667008501761,4.57948961938152e-06,3.49891329139053,-0.341864007618096,0.484075169431964,0.777214590258091,0.48794750253248,0.376350941353652,0.656508601115487,0.769543831254924,0.654780115751819,13.8318624880938,0.699041309729882,-0.216317723517491,0.102756689393517,14,1.04956564959563,0.974515767347401,0.405203826221563,0.996455519769749,0.000100002964685791
0.783434593309752,0,0,0.968971050952347,0.978809095835623,3.49325241073218e-06,3.53407975089495,0.243626646110239,-0.101629937869092,0.750606108414915,-0.164242646598117,-0.315294028573468,0.625114903779371,0.230805494926554,0.224803012579711,0.889159195876721,0.055366719724601,0.943686358911642,0.126070824461623,14,1.10227592066088,0.211277794105401,0.148716195991312,0.000223682148467565,0.000223659346326842
0.781173117171865,0,0,0.971904979102239,0.985779624433217,2.32563940340871e-06,3.54403893880133,0.123669811755963,0.10659708313155,0.799152249004831,-0.0862885648234447,-0.324825706319891,0.70643649414674,0.338704407384621,0.329403683221564,1.65020732056164,0.201467805972214,0.104736311304772,0.104148000089197,14,1.09160257868958,0.18123112962761,0.234182615595429,0.000100269590322312,0.000100000737076747
0.776612490013269,0,0,0.970140893373243,0.986704460036842,1.01100128345228e-06,3.53712626811351,0.362853222769243,0.215925129978898,0.759068428937702,0.100095533580036,-0.550507924351374,0.612777161749176,0.269533166940037,0.478463713820117,3.50571349000068,0.334787344709757,1.1502219238333,0.117224535741581,14,1.0621750281857,0.215146165734611,0.465300732166833,0.999899908329817,0.000100001471036247
0.795155235954244,0,0,0.952642359670527,0.951520443459352,2.64969255678699e-05,3.22792424617787,1.32647258938089,0.461632154935858,0.58391642840892,0.601562018406005,0.30353922942228,0.350730138401165,0.415242353174003,0.421165080454398,7.87563894719787,0.525182974109173,6.49722263537769,0.1422459717142,14,0.444805871865024,0.534890636452355,0.369270684600004,0.999899151321471,0.999898649596398
0.896969174483,0,0,0.886912495024995,0.602096551902873,0.0013126527417386,2.21406805005833,-1.06176133263505,0.396343879424795,0.600760291227329,0.173156076460228,-0.244866482862165,0.573402208060691,0.424021964179363,0.482773197225607,1.312520577013,0.566586052921243,-4.89622376621428,0.0993768472943869,14,0.475310562483811,0.300406186171956,0.355900895014981,0.999899991487777,0.000100005484624496
0.800905883045939,0,0,0.966099133086742,0.979947923087382,3.80562974392857e-06,3.32448230667208,-1.22934313815804,0.307069602705894,0.738382852969327,0.43793288055174,-0.311312869262898,0.61676248502785,0.319627191391075,0.160260204325409,2.1726967128674,0.733153440394434,-2.17976351496144,0.152059040344322,14,0.825091867461327,0.361982065708888,0.138866746411717,0.964336049210456,0.473926289393689
0.801256709283487,0,0,0.967244717937359,0.959086656744907,2.74409993349858e-05,3.29785387372382,-0.96841813010493,0.384780698431811,0.782397638594025,0.265842766555146,-0.253072088357239,0.699591089833833,0.146753208117087,0.428986134967213,7.49929891924581,0.676219860037014,-1.88774722608589,0.141867104941802,14,1.01560885230123,0.117443029991247,0.181336458244027,0.99983214334868,0.000100007539677722
0.942808836547539,0,0,0.857070229913323,0.571526853417887,0.0024621968121338,2.53858412279043,0.322145041722,0.109567826149067,0.525041626457318,-0.150432702240605,-0.42897679384594,0.349739523145009,0.536177476490114,0.711634540828885,1.43709939695259,0.148713709826832,-5.1636900857555,0.0743492019016367,14,0.305257417166604,0.287112252119643,0.238503627457901,0.000100003617025271,0.000100003273445582
0.945850669933506,0,0,0.878423978974516,0.729682218820387,0.00167489934370527,2.62112297653547,-1.16468400333304,-0.356514420469383,0.526977852149177,-0.637241261114521,-0.810882551261299,0.457778491314743,0.534061660943397,0.968616702142736,4.55270994474956,0.114263715617639,-4.6997373424742,0.133705613549076,14,0.546795822467628,0.814696218267574,1.26704989210309,0.413741644014206,0.132017409258817
0.883943456355621,0,0,0.910962504607485,0.756184017613326,0.000638628703256033,2.66484354501224,-1.39946154642728,-0.0373116148037199,0.543161129626857,-0.263984108838963,-0.541012203139614,0.356325176700419,0.169560222806548,0.653626717015209,12.8215318226963,0.419692355983845,-3.32573159323524,0.132847460199842,14,0.460650157939489,0.2042026290451,0.668636669114416,0.615750699517585,0.000100033804568576
0.876776637594973,0,0,0.918052385482074,0.695607783793019,0.00076414171075024,2.0301591423526,-1.22599930816971,0.364381997801392,0.632822678631964,0.12763649127914,-0.261101909789541,0.651486591797343,0.201571900461835,0.410145864407702,4.32636407504941,0.557957747666138,-4.13538162813413,0.112963638730634,14,0.607684296132507,0.202084842813999,0.143256531976221,0.977602988389078,0.000100006792738742
0.906071073031066,0,0,0.858430385127655,0.60752397395691,0.00158625566110966,1.26920521660393,1.77797702394197,0.3977134902666,0.53929070583921,0.235411987739259,-0.184839363261205,0.629620229793728,0.209970756392648,0.386245730074212,2.12144741894082,0.548345152252781,-4.8174545910934,0.103961379722587,14,0.890845889495738,0.22689264846234,0.1587302579375,0.999899947504417,0.000100009396181918
0.85500422472601,0,0,0.953820252716471,0.882258830412219,8.78389673199351e-05,2.58265691950009,-1.02070879558312,0.238066265791935,0.807182819444846,0.097082541690348,-0.308360762077421,0.900532507980373,0.162592863580157,0.510717046888406,3.05647600847741,0.423192319426991,-2.6381700100606,0.122136800924097,14,1.16744683336581,0.16375185754653,0.513738790749857,0.996314426196574,0.249963942347755
0.902375624986565,0,0,0.903218784572578,0.797073607699584,0.000615728909435893,3.07728126985774,0.0873457048355934,0.09508123689038,0.464941518432714,-0.18960734083215,-0.552720847226681,0.267103057981176,0.320162721734706,0.733525491701321,0.716685393905485,0.362517142744624,-3.49967041367799,0.0922603851639945,14,0.318153386663912,0.337588208889706,0.816758539316075,0.000100001788275426,0.000100000904632889
0.799773659816089,0,0,0.962960558551132,0.95635700007286,2.92402025932379e-05,3.40265772204832,-1.01917559185111,0.339817354948586,0.712694106821712,0.344255800353166,-0.0806943454659831,0.55281203869613,0.228010060295586,0.531906194488439,1.11181768788262,0.564118066438237,-2.60651603703814,0.135313795021056,14,0.74074423852341,0.184530639055765,0.386929378820294,0.919692548155887,0.000100005139854415
0.976950305188901,0,0,0.707425666264953,0.486327708052651,0.00193563757173152,2.56178058906475,0.0668317224930346,-0.200020086068318,0.212280303657284,-0.339168845132219,-0.376251132650101,0.117848929533382,0.557991849522955,0.533977750702112,0.804019098925152,-0.197800936288961,-7.356776738357,0.105061472299873,14,0.115546596095595,0.377800453887797,0.279512826772186,0.000138204012506461,0.00013820114180008
0.879938636739299,0,0,0.894042192841581,0.658994341206772,0.00157104744643102,-1.37688332375903,-0.700962599604307,0.428071064978535,0.694340659951047,0.243445505990287,-0.240565564814646,0.708677988165945,0.212106084684391,0.297119216024688,3.85062504185945,0.521771062169473,-5.00404939392161,0.0867770276017477,14,0.682024481893347,0.220969988304186,0.142620387345508,0.000100011825393929,0.000100000577049464
0.875356512231863,0,0,0.9553457402494,0.881903429460972,0.00013551604736509,3.23128349611687,-0.402189839159185,0.055969663123972,0.756501684970145,-0.264448848840604,-0.548135330476286,0.723124073733415,0.173814554272282,0.53508652877572,3.17975656345885,0.319089835150924,-1.48240130735187,0.105943093397711,14,1.11576058661298,0.146955849973724,0.396303779017804,0.000561505043902917,0.000561487919911301
0.8536333991081,0,0,0.908058065529537,0.776643852656931,0.00133009321201173,1.25137777177434,-2.2863508589083,0.0838416697753294,0.613430048961581,-0.0620588472305352,-0.544174605420356,0.506525051550002,0.0131033544772669,0.606820025407944,1.30620340079227,0.537257397126622,-4.72325243935882,0.150359060023627,14,0.670585430775476,0.0143399634486084,0.33345988741226,0.937231985749612,0.000118599576149149
0.779968324117658,0,0,0.973791775719395,0.993248989254445,7.55511524862135e-07,3.56224375603909,0.10550147375234,-0.0259552144566317,0.824196736388266,-0.0246504642925735,-0.257957208190215,0.782602888642685,0.0362980091440418,0.0855693718631486,6.67694037424017,0.240409638382077,-0.210138032288839,0.0968336000471703,14,1.25179452729067,0.0347234066523052,0.0907120032500651,0.000106405569699092,0.000100000957605636
0.870464691966933,0,0,0.924304652297443,0.763931145379989,0.00056780706379925,2.42904782447012,-0.333337654181752,0.237461796462012,0.721230982661324,-0.141340476226241,-0.592533835017904,0.752913608130886,0.277354863759872,0.583771277626497,4.66869857402387,0.473218823174584,-3.7195750434568,0.0840817573348219,14,0.940402393321349,0.249282066576,0.562972826278371,0.908440312142659,0.000100009558813055
0.811659394076935,0,0,0.965325089605078,0.966199647697332,2.07073577106195e-05,3.58825087687876,0.367720165370714,0.0683535514682404,0.720260660939779,-0.182816912573062,-0.478262750060482,0.562598970125827,0.159480123803401,0.670871992110892,0.254832886881694,0.375019377431971,0.554804209885061,0.125018120741719,14,0.829443503627682,0.181438196656664,0.396782520527782,0.685900192999068,0.000794662457992346
0.832828439031654,0,0,0.935876812663231,0.896827658819709,0.000219237130099302,2.82261240605589,1.63193681587142,0.269725087370685,0.505200482496826,0.47427589930491,-0.175651750228896,0.292452152045343,0.365232599808756,0.0948530768589862,2.34910156127579,0.444006269716319,9.78862551923344,0.149289145471162,14,0.296991196724863,0.250597522306583,0.105043520986848,0.99989997942306,0.901316594439988
0.863413297671907,0,0,0.936779179295077,0.871121121101915,0.000207674168661462,3.16689454758366,1.20272651713301,0.122878414810993,0.547357424402797,-0.0018536965770537,-0.529393508830873,0.342050400329814,0.162644016618652,0.45908954255501,3.26794040468541,0.311469515584164,2.98784901456591,0.129496348432456,14,0.414334596725082,0.152262737283579,0.348938146499652,0.962924106748484,0.000100007603521543
0.768070337161618,0,0,0.96984168007488,0.993568449844024,1.06780367181683e-06,3.50384346936915,0.691136202189737,-0.170618185429953,0.751307692993465,0.310346951528932,-0.335187642254638,0.605647940824572,0.161075534740255,0.149965951295022,8.4687989058059,0.453823242979031,2.23012730342247,0.168582899485665,14,1.02864088316083,0.221190921209414,0.152191289577681,0.58986986979629,0.589868069178112
0.918731705316195,0,0,0.864568080270035,0.640995661688058,0.00155862997985935,2.67167011808133,-1.00420814894658,0.00298569088472421,0.503342201446746,-0.169227068235362,-0.367120273483177,0.37256969985324,0.345968491656689,1.00912837131131,4.42685097555127,0.21519836240874,-4.4306788865637,0.129602926960173,14,0.320410915433397,0.298611056548535,0.373924361475146,0.186147403876176,0.186147399250137
0.820238343000358,0,0,0.953739100877286,0.924313551745771,3.83087979418897e-05,3.4796074467673,0.555356370662321,0.20382956890594,0.612016033488526,0.131254110300424,-0.298491564061272,0.42976579739869,0.275377660451803,0.637902944437259,1.15728748989549,0.360403104486405,2.11376293406221,0.124289980090888,14,0.526497567118977,0.231535802554233,0.589578581285635,0.999899993290265,0.000100007792145083
0.934190635090266,0,0,0.642998215308496,0.297672824637285,0.00687627565174539,-0.352587545846802,-0.771892471376818,0.124696344776203,0.361670286940454,-0.0196628388427447,-0.323548341902439,0.539942586405589,0.307410618397395,0.504182656583593,2.56751175806952,0.266215430622569,-7.47365832375871,0.100134225060465,14,0.33940316715188,0.39712756412516,0.524616734773365,0.000277714720635406,0.000100000455301662
0.945501396950074,0,0,0.780930790427051,0.533950959813599,0.00153684348534327,2.15297376765114,1.13535032861648,0.123896720903961,0.366447748931925,-0.0607718127350647,-0.368099348241571,0.255987253132595,0.185883737016549,0.402144873828259,0.406344493798159,0.31156269727858,-6.22770931214393,0.112881072603314,14,0.157083807085719,0.124852476816276,0.184636145895182,0.000130546094264394,0.000130529729493106
0.785971413074128,0,0,0.961808283265589,0.971845778597041,1.47898280064446e-05,3.45144157755855,0.94780667315825,0.358120186936278,0.656622892707264,0.560956408030165,0.0387625047219926,0.443383527526446,0.418841440108785,0.0139761107068014,6.83482956443863,0.480531170704483,3.99585479745807,0.147893690182727,14,0.651643591808163,0.352590280982538,0.0126258282478585,0.9823956846524,0.982395664868812
0.874444841036568,0,0,0.949837580781977,0.902045945094151,0.000447103652126963,3.37807196580457,0.638398012678794,-0.22803306680088,0.662792433698924,-0.455649357227457,-0.670346008719314,0.476777291617126,0.272600968037082,0.980767299029371,0.592849317204705,0.10240745190458,0.25794480683637,0.131091825647802,14,0.704108974593693,0.222502600047773,0.485203165095872,0.000111809012585223,0.000111803986192048
0.789108599779436,0,0,0.972913793702661,0.978225719837312,8.97796890325713e-06,3.49442589367482,0.517767722957876,0.0337872575275898,0.846715663527317,0.169574664059446,-0.0491655805356937,0.894702175880505,0.135619994969108,0.0273216975792161,12.4449837466351,0.535308925939948,-0.187754043929733,0.125016866004194,14,1.290083239773,0.14757694261289,0.0290671653950851,0.985788258802171,0.00309068473845376
0.975558720124248,0,0,0.67738610594576,0.446888851267902,0.0160754731990943,2.30745692085817,-0.604966883757541,-0.204630933295733,0.214172659476858,-0.469144227770189,-0.652223986288199,0.0850609675471263,0.493738292436202,1.03746506989141,4.67104208181515,-0.0984104874844734,-8.36931115435322,0.102462535847904,14,0.0951127099514603,0.246943953588244,0.487728983534131,0.0345610417849547,0.000100000106025987
0.924812125152072,0,0,0.931575643776258,0.843126772706708,0.00078497072050677,3.1523290057182,0.595001921051186,-0.391496479360063,0.628188665081932,-0.579561112183478,-0.587727281025753,0.461362031379522,0.517338217412545,0.485122308100575,3.23885364527746,-0.00485595348596235,-2.03252604097833,0.140305569849202,14,0.611878201779332,0.598586445104446,0.653263119036671,0.119508517811593,0.000100000931715905
0.946345248791916,0,0,0.500047483801647,0.171963237267015,0.0090363635240977,0.396940245375363,0.73011756193334,0.319218318491382,0.36627420542471,0.0558057695428545,-0.278751556582146,0.636648029684206,0.513850570152602,0.671227789834033,1.17181886804992,0.367078305783128,-8.47690311223403,0.0727466785586166,14,0.706718017136561,0.39789517123807,0.229952840356377,0.0001022542907559,0.000102249183447778
0.803216937681695,0,0,0.965870248647344,0.937498544236211,4.93580606675724e-05,3.51605446079386,0.297481736458835,0.486713379723575,0.764601514208784,0.420105948237315,0.114157187349018,0.677280628417131,0.613897780700073,0.250689923291702,0.38407517935159,0.637162521672311,-1.01918817397316,0.0869850987526618,14,0.846656847898191,0.791633913805358,0.258604870743656,0.999899979511901,0.000100007853362202
0.992504364414882,0,0,0.500048084792793,0.568320506422173,0.00632550641381535,1.73763592250722,1.16461257022867,-0.192672198933817,0.130977956731092,-0.410648184169099,-0.773109162385185,0.219881826142042,0.21645733426625,0.825711310277599,5.86479688034517,0.129942915753236,-9.49685449421544,0.112430706997572,14,0.19165851267837,0.351983320169984,0.807810954858399,0.000124505776532267,0.00012450076438995
0.927865722722146,0,0,0.870693522920331,0.705954365665606,0.00182628429841293,2.38984550664971,0.6335421663255,-0.111162975912797,0.327714957630267,-0.100045225276724,-0.0931699114722159,0.156695765168368,0.0589545997836802,0.123088846140145,1.09005350671406,0.0880938573152189,1.79617932310093,0.118095787698607,14,0.18879997489773,0.0705059556812903,0.134660856325327,0.102469005381019,0.000100000911881511
0.991816736279132,0,0,0.521329252600863,0.304363947356032,0.015016770606128,0.0576362559980146,-0.284868054600423,-0.03820892378693,0.173255082244571,-0.415493793417602,-0.74269416589062,0.207606433457354,0.25363097228554,0.777786824747171,0.920786356560136,0.125355529556353,-10.8126528165291,0.0887576759006739,14,0.265143668078257,0.275293503418712,0.721062265036326,0.0315592087025183,0.000100005299129985
0.930960076457742,0,0,0.883232439035509,0.750541011317324,0.00203707438206824,2.84410003691923,1.16865613221241,-0.0151620517798994,0.42696129452549,-0.191913886689736,-0.557243210552376,0.324785414744486,0.0755842007317922,0.818005184594125,2.36879900987302,0.237483428911326,-1.32276658236345,0.134712018105227,14,0.212194884639414,0.0584240084529116,0.327085850187873,0.0568848063607154,0.000100001382943148
0.774825706405917,0,0,0.969220748672942,0.992603229983394,1.29749391148786e-06,3.48336241364848,0.781886200568073,0.145474983063489,0.742360694019982,0.569635677605637,0.0525184167202694,0.59330979250162,0.497882388562768,0.29212769353366,2.7511864407502,0.547066924228655,2.37445083693857,0.16698948961223,14,0.978196959085175,0.409752584132469,0.29767676664548,0.999899955957491,0.968199944769927
0.792590044234321,0,0,0.970297278378514,0.967991260382135,6.33478723927779e-06,3.46645174842474,0.255709690529558,0.431091016649243,0.799944813508682,0.221684684826857,-0.147878684203152,0.779012918937104,0.28383376727241,0.20926539391314,1.56654494800969,0.628415852067439,-0.143951752498902,0.103058967153882,14,1.24406553027822,0.2588054062193,0.152503498326732,0.999899997467999,0.000679926191453573
0.791778491095477,0,0,0.966895016980613,0.938689277360844,5.20850103562752e-05,3.41286885603925,0.447758484011325,0.258018070273677,0.809558635345816,0.0561212748332486,-0.325738506506367,0.807627225388957,0.180655660325061,0.385590744637259,4.4336554909897,0.407031721589959,0.0633351905616371,0.0991746968177796,14,1.23623626985128,0.194111429847678,0.213204771523176,0.00017807118086405,0.000100000263268304
0.773945878884437,0,0,0.970810242100614,0.989161571178755,1.1887546458805e-06,3.45576364226735,0.815117064163928,0.427068238001743,0.782459995167578,0.503505171208329,0.0205088282037748,0.682245232394566,0.33984610086931,0.604807910551201,4.26808768130577,0.687415166871948,1.52252313599191,0.154531174099854,14,1.06852086560856,0.302861260603786,0.32951353118611,0.997198201772806,0.486628741887078
0.993775376203934,0,0,0.596036726381652,0.439944877314728,0.00618332319297864,1.02061743275199,-1.68233166606202,-0.0618121576645352,0.268866205199556,-0.182773336595458,-0.399042938350014,0.455020873573535,0.448838166476515,0.84580931438975,0.84869577199275,0.249716528514222,-7.2566374184707,0.142483495718845,14,0.24054625499334,0.516690936061333,0.632596806110727,0.000204283139430942,0.000204282519673169
0.998921302605556,0,0,0.500045830129239,0.284607364181641,0.00931478466394473,-1.26130946274948,-0.904148743392737,-0.0186923912860354,0.125014990600184,-0.216696159378601,-0.457576754040985,0.119258507809625,0.341544851125443,0.46637543894707,1.35273375177128,0.0751375344153925,-10.4650120660238,0.0824614451784835,14,0.123132739672366,0.287259637842541,0.485926745465746,0.000100005696539815,0.000100004431043405
0.970281976913361,0,0,0.529321664796752,0.210984294384961,0.0119741863241649,-0.886469709142135,-1.23378294234041,0.0557590172134304,0.263297337336015,-0.0872056774385688,-0.242574562285685,0.472646526068325,0.497663504757024,0.783736570293403,6.23301303136091,0.189556382916279,-8.60487068224992,0.101036877586744,14,0.24257738976032,0.550544241945388,0.602922190364844,0.000100033939404403,0.000100028279749611
0.894790348435585,0,0,0.88368044827438,0.529535505619488,0.00260174527394951,-0.143885750145347,1.17288116607618,0.499148393104251,0.687947697479867,0.385665284042401,0.273571668682684,1.04356179709219,0.390006665383576,0.308825579445413,0.614181904554475,0.688011221872948,-5.65912526660282,0.106413966478004,14,1.11345024770045,0.501082413512963,0.365035187503821,0.999899949439395,0.00010001021695203
0.895170256478729,0,0,0.913739761225129,0.638562681128168,0.00106590340766845,1.88426721619396,0.41145477767328,0.50495860060792,0.739060746084048,0.373264145768074,-0.00389765450303249,0.898505558539601,0.492438904672587,0.437496510825469,0.419122113131129,0.594279131791242,-4.36805719995703,0.0840451193281976,14,0.708809299487488,0.585296661543514,0.289242722792138,0.99989999157124,0.000187149474751032
0.824468567846856,0,0,0.95845545400012,0.926463445184301,9.030786659611e-05,3.28833476780564,0.942814160355924,0.197976236172296,0.698927774888318,0.0981991342065315,-0.278516835317448,0.536688832614349,0.107506524326585,0.572651189933382,0.376051475922636,0.446936615162702,1.60457772096261,0.133407933707896,14,0.711915278205196,0.123917666005711,0.207801860068691,0.996905960045039,0.00224894088925541
0.772084131256266,0,0,0.972345817679312,0.99792906698435,4.93137294030714e-08,3.5816238369112,0.306062061650099,0.195366935528314,0.781601803560027,0.474601845049127,-0.347285540995336,0.658660507009257,0.350499638700958,0.391100855095401,2.56396821118916,0.459758247651415,0.921761283010551,0.163861952002802,14,1.10619483631266,0.254181033299647,0.383717106397799,0.999899896950273,0.748454321549687
0.974001110653243,0,0,0.673509297416308,0.339900432772449,0.00898428844380446,1.35683017963638,0.841224670581071,0.144616211090201,0.34784003934681,-0.163884858012754,-0.476233865133716,0.329998125970172,0.400271151425203,0.77806595587466,7.07996887155344,0.261786050521475,-7.95369435214435,0.105303377322406,14,0.350139274180579,0.348971046544761,0.436703050482482,0.241396675831767,0.000100000520147537
0.788580150769382,0,0,0.971120175971828,0.972738077568807,1.04761158042796e-05,3.38591418218013,0.318694120849927,0.146663711047673,0.823547288093856,-0.116993615599149,-0.493601044805961,0.797736975727085,0.0810264144315584,0.395912639733401,2.69897384229815,0.458465137751841,-0.214982422956565,0.106489971392869,14,1.25792175800193,0.0773772408760733,0.376742321198376,0.83500231789323,0.000100000333371535
0.963589054571602,0,0,0.79192977751067,0.630363579311784,0.00311941368242528,2.88691441589365,-0.661876909516233,-0.296574798025434,0.302513313063312,-0.465616515261816,-0.616074022993657,0.117806458546411,0.546788444800425,1.06852718381533,5.25703982904256,-0.155670490078435,-5.98750923347377,0.117888578802385,14,0.163499573326698,0.386090093954243,0.647193808745289,0.0899233150912642,0.0899233138589471
0.797281953102735,0,0,0.956440941861139,0.955610737602086,1.9448398077724e-05,3.32675852787925,1.22695454394382,0.431980457059318,0.6222009286802,0.564942049551999,-0.0245748703374841,0.398500195834585,0.529281813344598,0.463201657004215,5.76414705972625,0.539872377861035,4.92246510142941,0.146093544672919,14,0.516417336365946,0.341882107561187,0.401831827352611,0.999455319267284,0.960467153570819
0.894045006523399,0,0,0.893417827146489,0.695931680550862,0.000732357141353189,2.79224229730227,-0.749483963199462,0.277966135955786,0.446593517689842,0.22906555347055,-0.0775855799082916,0.271871439041529,0.201531381368145,0.211654883030568,1.02936179123403,0.427516693530744,-3.93383600201214,0.0893061507900998,14,0.247764795890676,0.229477319256887,0.193671411608383,0.000100012678229762,0.000100006045708753
0.671729652610077,0.00891065699046021,0.848610789628164,0.98826310788926,0.985327417806285,1.35768195909824e-06,-4.79293646649422,-0.711227376035279,-0.0579290387320027,0.88456409105435,-0.217713892830807,-0.683615871594902,0.804262507939342,0.207381958134188,0.652097177884992,0.598743592298614,0.534922263842196,1.19815692444155,0.122399244280475,26,2.3116646739588,0.293529714563751,1.0073833849165,0.739610014402398,0.000100000095030876
0.672483526206633,0.005550292801985,1.0548793050753,0.987739203632676,0.984382869462323,1.36893215747152e-06,-4.70833340658284,-0.380680291938554,-0.0839372992362756,0.881256354212813,-0.331993582892128,-0.735616039238993,0.813869699520771,0.266459916051689,0.746937260593422,0.211617163240871,0.472531643116889,0.860759863210355,0.101094337097293,25,2.35580026238321,0.41182573776266,1.11302079228415,0.413360486810168,0.413360478348697
0.737652720911104,0.00215376735248156,0.143542516565156,0.977859941182818,0.884804285507626,5.6519725225342e-05,-3.1554419904355,-2.55523464148562,0.292472410623017,0.848898284660071,0.0798831951584697,-0.277608590884499,0.864526607109545,0.24962881706762,0.693556917123547,0.0862032743761056,0.715217482412796,-1.83332351301886,0.184286967581623,26,1.72523281214429,0.186928363599913,0.689296936823614,0.999892479751439,0.157973457936291
0.79905933258669,0.595282187832118,0.504856171610986,0.965578857367007,0.828813818854669,9.44665038305436e-05,2.93253697158591,-0.619809689007824,0.299482293537596,0.814100607765284,0.269673541680084,-0.0380911465135916,0.844304054805859,0.332451016061466,0.473396014968318,1.31664241807273,0.643218452726296,-5.50458190947441,0.0963292298264876,26,1.42396382999785,0.329774843675503,0.562385997518501,0.998488201953253,0.00010002335614143
0.927720282140174,1.40697087629914,0.611943075793651,0.859014200806144,0.508516701615154,0.00173712472337519,-1.62821468412502,1.89436596849828,0.119077235083527,0.506503525734171,-0.266222566049099,-0.607851646337749,0.349481775359096,0.25178818015113,0.648490200267965,6.53756289788837,0.46339184931771,-11.7776544177892,0.144856103486151,26,0.34422813610208,0.139606731889484,0.418828122047586,0.528660263668577,0.00010000168739622
0.871915731729532,0.0721880883696785,0.454687772603825,0.944289024903926,0.706605013864626,0.000185636137053627,3.40429783616393,2.55052656242,0.0492249881640301,0.669036585783374,-0.269958211015726,-0.57245674875024,0.535983143681895,0.174471338743658,0.61379936308686,0.284794071945343,0.571500852964914,-9.3306034755583,0.174106286435445,38,1.32328256826494,0.128346394882831,0.370237631162838,0.530769594240024,0.000100003836314901
0.657020415679757,0.0020287850898877,1.30580698928151,0.99080824106543,0.955485859850659,4.06288354063584e-06,5.27481135230823,-2.08980183977675,0.0942746092537549,0.91061971095803,-0.133936455542013,-0.508075037359805,0.838074521650888,0.134392127870428,0.583101187954604,1.96161183303121,0.771147009947343,-2.0586906012816,0.222552871016787,38,3.01287060545403,0.129535247949723,0.320773680608151,0.136055565621688,0.136055498265784
0.788461232539204,0.286837299263003,0.207955651764608,0.970479925307081,0.761088891960792,0.000342588648058492,4.02450025153454,2.19829371453599,0.238896131645209,0.809432495824424,-0.00715230065288412,-0.36534858681095,0.699650330879495,0.211459916018915,0.58441832282514,4.17211506858262,0.577831603222049,-5.9242844387014,0.196985927192661,37,1.62559096731369,0.13369079932465,0.242352394247814,0.972400730514037,0.000113508160184939
0.787647984029337,0.597760236370426,0.205129900682374,0.973126640406777,0.798092285753055,0.000128985841749554,3.80675397738076,1.74408704209184,0.3275568761413,0.831166221168692,0.202585149257692,-0.160330495977846,0.876013004509112,0.279078305201734,0.641241179620297,0.659507411403825,0.655518076568696,-5.89069739220345,0.155178930314315,37,1.66153893117429,0.388123855036227,0.214696434651761,0.999899985432299,0.000100035532954007
0.580967938435412,0.00818157057107231,1.04485202669871,0.99412862713461,0.996035856545747,6.3200322965084e-08,6.08226944102203,1.82572846440852,0.503136271140419,0.902394648156671,0.574544612531094,-0.0155752342319522,0.814531000501596,0.378455367412854,0.263550693934995,1.32833203049884,0.804555089253679,2.71665450999537,0.27554334455047,41,2.79761800645227,0.378711869047332,0.157227801290891,0.999899993423421,0.960495254636371
0.580657761075038,0.00966094967404011,1.04119641915414,0.994131366839912,0.996357224047769,5.31255417376438e-08,6.06622929907568,1.88939070152122,0.485893569073899,0.903169044651159,0.575131360902515,-0.115583142350381,0.817786611471481,0.412826227624899,0.295491067125921,0.575410272153352,0.816451260058231,2.71777483904625,0.276969414109386,41,2.77823875913713,0.391037295977266,0.17574636659479,0.999899991676651,0.409153864709209
0.595111547596668,0.00544788818273408,1.12349587129877,0.994106661747813,0.991361988044912,7.55774722186481e-07,6.06566923974219,1.15254937607864,0.473974738552642,0.924980268888783,0.331990308686289,-0.35836192200475,0.865156353625302,0.130034122924139,0.220948590590251,1.94209516955812,0.836504912419569,0.984719806048309,0.167759294181991,41,3.00340998660205,0.15395938251598,0.138154952337433,0.999899989972527,0.102302374724821
0.591949328802677,0.00528335673227456,1.04578337221899,0.993588432577585,0.983686913550861,7.24940050887241e-07,6.02668113486535,1.48761840884922,0.224469148546418,0.892416530339913,0.0977380642484717,-0.195776044047346,0.813848726339577,0.0337943141576912,0.201185652248124,0.308299009234156,0.677198755341287,2.55289782011197,0.256772614745859,41,2.8171356348226,0.0364448417975076,0.138347552167201,0.99989997956442,0.104521132922487
0.661971366936162,0.0256454656862053,1.13671838202917,0.990469098860917,0.959842572709002,7.5031566395668e-06,4.77131907737377,-2.07450072276694,0.137871195445035,0.922160331232058,-0.105054619608754,-0.660047666496448,0.927718438495719,0.100313992935154,0.587149456141549,2.50814138100067,0.870967123831401,-3.01865008577735,0.173095727800578,41,2.87101493349478,0.0845667681459839,0.497752992973867,0.930328934117391,0.000485041655518167
0.633285539911724,0.000664108530166439,1.22894807652169,0.992624943536582,0.974450586008941,2.54264408927066e-06,6.0021376282733,0.826277131923609,0.173156724002692,0.902483532691837,-0.179048714603213,-0.547247083540864,0.821620752466552,0.149254562379357,0.526212186013227,0.318070938600504,0.5981283158964,0.0818155329613234,0.143867146514028,40,2.80252683069039,0.114072042430511,0.349902558933379,0.787721400511674,0.000100007018971549
0.992258205729428,0,0,0.633061107457137,0.387089044637327,0.00294004654651168,2.09856993185356,-0.447239107003194,-0.139866793738225,0.179898086412017,-0.400985114646581,-0.64807044444038,0.295518989089789,0.689476055238226,0.811977950851602,2.50509054910184,-0.0783586467911458,-10.1719307278501,0.0714609693425978,15,0.168677560991198,0.699281128544155,1.04028412411495,0.000103803619844409,0.000103803423448246
0.972964375314015,0,0,0.758629501459403,0.490301459328487,0.00894380802512282,-1.24969740046921,-0.655946448468588,0.0112141253534494,0.421835861878235,-0.34022006600785,-0.625432499868498,0.253320855044739,0.205549773414794,0.653339667399325,1.36363816470029,0.242805230009609,-8.36044070492761,0.0964264089030626,15,0.322955806588066,0.161858365876167,0.459201565889494,0.00155089220681385,0.00155089205015928
0.602886487424129,0.0099785637782958,1.14033534815803,0.993503615968178,0.984323943044552,1.15924188529353e-06,5.46363525592581,2.38129065801273,0.243429368549071,0.940403142425955,0.15086855563242,-0.348106561412594,0.953748067445882,0.113272213714432,0.477133321201806,7.6201965925276,0.91143781645286,-0.0192284471870684,0.244224905475494,41,3.19221335227118,0.10407063907593,0.283697955889296,0.999899950350257,0.0402068082660311
0.598309989212788,0.00946629127186862,1.13702339348081,0.993777728308567,0.987684198347641,6.50800334612714e-07,5.56336482250408,2.32238293102585,0.188941866808073,0.940195662929396,0.123800814887617,-0.368194703340621,0.951944117238647,0.11847537992325,0.512769024969112,8.35947418607996,0.913327896629287,0.23210033529629,0.251432454603072,41,3.20802843273207,0.116754451618353,0.287387947767427,0.999776855216515,0.000100005288398699
0.664713565238852,0.0259870611217216,1.03866511967775,0.992071004813948,0.962052227441144,5.41395987939887e-06,-5.95720610621414,0.565117570608323,0.390621435645644,0.894852600530436,0.254343399132448,-0.076475145694825,0.860478343465335,0.293988026367191,0.428229233749166,0.101428355586877,0.726043961965587,-1.42606071224216,0.0949170114004501,41,2.44619984214235,0.239025889980392,0.318040257904067,0.999899996186183,0.000100005116925877
0.601702830811415,0.00653430334795508,1.17474791277968,0.993828106034114,0.990344178787835,4.57039165164209e-07,5.39493693179732,2.39076346302256,0.398037080230462,0.951354254253852,0.369496228503715,-0.430973853757025,0.98918288406337,0.189989528597076,0.377373044918591,5.47006401923335,0.934531639187407,-0.247911492993301,0.23461602834626,41,3.26326436875832,0.342426303334088,0.290692608526706,0.957025981915864,0.409757702346106
0.609080417538645,0.0282450221550737,0.976700541177199,0.99364592676984,0.989838098501602,3.14732736588278e-07,6.04677459473126,1.48338933375097,0.504148091660348,0.899083522076328,0.52600264013857,0.097252784972833,0.82168862703669,0.368900596141018,0.425103098730596,0.142890923948338,0.78984905413911,2.17208222098054,0.172749038608128,41,2.58360818675839,0.296112556422181,0.401051842692508,0.999899967546272,0.999899941718723
0.594383973584943,0.0122254391983204,1.03285936589733,0.994041276690545,0.993259960825501,1.05425762704163e-07,6.08986606460552,1.4447684113484,0.305675726549513,0.90685144523218,0.260409115773821,-0.146807661671717,0.836208273273936,0.110172829752802,0.35241059176316,0.129681212458949,0.781385289846946,2.12965725481423,0.222862677676441,41,2.8253187413945,0.114785629765687,0.224290165217899,0.999899950203778,0.155775487279111
0.60149148472403,0.00762707843236262,1.11154164427404,0.993521045844917,0.97455657760373,1.74395862132755e-06,5.85716335002742,1.48010456042709,0.511659277662658,0.92464824262859,0.52206626994414,0.0193284217412284,0.865334995195214,0.741123718673294,0.343977052727817,3.19633418873068,0.840291162589538,0.560835403797627,0.217089801073476,41,3.15898828044787,0.806461099276594,0.301362938989102,0.999899999884672,0.064026618187924
0.597598466373675,0.00647133409198454,1.09887657176621,0.993609153293439,0.976445738943384,1.5898522115767e-06,5.90753427809186,1.48627806998039,0.4769298290259,0.919404528650152,0.496009120623381,0.0462747428983182,0.852045216478749,0.771218800203145,0.307832106086671,2.59870311649964,0.822170040433402,0.944991531377341,0.230120909391942,41,3.13977327630871,0.746051418554348,0.286596405617317,0.999303059874725,0.00010000128577258
0.619345956799161,0.0127306603631319,0.335861834621152,0.991916316136528,0.998477840353547,1.55496620115113e-08,5.28670749741154,2.42860545843073,0.200863678688655,0.852123994402839,0.719462963568776,0.0827679162660485,0.728793796581493,0.575272471016691,0.12818237273854,4.65348930103235,0.799314191498608,4.74230740514093,0.236164035113419,35,2.10293986198793,1.56157321794211,0.122617633099509,0.999899699003441,0.999898898383759
0.616940248054862,0.0144064491896067,0.396912855678511,0.9921842533772,0.998553247395986,1.29562738230076e-08,5.40695251146967,2.18159471067164,0.274238753911702,0.860347478970535,0.720057600274079,0.179194081663988,0.742363447735983,0.556038721459226,0.0751349822666452,6.30956342668414,0.801356044715158,4.12501922952178,0.237915597675318,35,2.20732059840033,1.47269621294632,0.0922128365378899,0.999899124554221,0.999898226033133
0.621460530865275,0.0133160330906039,0.328683223583476,0.992037841314579,0.998996323231416,4.32164861665321e-09,5.24555859792029,2.5191390779777,0.235249100732371,0.858522564350939,0.754355249955712,-0.27332477427383,0.739832387121389,0.668720039946813,0.280950238116698,0.618433452645228,0.816814326386306,4.57746767691458,0.238250507355111,35,2.12962273921596,1.83494190209653,0.309835283160411,0.711380589106545,0.711372807512172
0.620056511069341,0.0132111431095802,0.301220516136662,0.991692185144356,0.998284185242684,1.56074865599402e-08,5.20171447498598,2.60449675566528,0.379695373967373,0.845036613245954,0.760170831551953,0.253929695617893,0.715282337620273,0.601647943503542,0.14805169238275,8.66688828158957,0.797480124736064,5.20279604647779,0.236883190534857,35,2.0189066935109,1.59440782277414,0.234032558613151,0.999899749708862,0.999899472728865
0.61906951784927,0.0151755138763863,0.347836386690965,0.992000617963662,0.998345761997039,1.19115811363693e-08,5.31762353289712,2.36042639711057,0.248399320586407,0.855755853418304,0.702667261380138,-0.225838057224972,0.734479414230065,0.582201596173894,0.222472156814071,2.50112323126036,0.801349795830779,4.52249659150265,0.23471188760474,35,2.13935727992112,1.49226320365762,0.292820036801174,0.843603786650919,0.843603150907103
0.82349779392442,0.0019607989330162,0.0833041177814402,0.972193191344822,0.860322142818866,0.000159042242653207,4.29978615078241,1.8122343372692,-0.11953272480525,0.726189087599811,-0.314988250732252,-0.43199827442349,0.627936696538158,0.250282480320117,0.438638124367932,5.17597820273879,0.421933747267106,-0.98231875597629,0.211098507585583,28,1.12635710564051,0.16934362660681,0.226078614060466,0.124509055514128,0.123136013107247
0.96634253661165,0.100791414555838,0.0830325682173866,0.798061086159278,0.483765046870685,0.000514785603081847,0.88686532145924,-1.24747588586644,-0.0889516347893418,0.365548975042529,-0.345576185433573,-0.544896789795789,0.194893092684719,0.287255075996591,1.0099059594051,0.346375770406111,0.365587459068465,-21.3628042970699,0.0965068993900524,37,0.230149125438633,0.21491357393407,0.352093279726999,0.48375468345253,0.000100011369121052
0.811942717583579,0.148965881256239,0.575486307610722,0.975954189111776,0.78780635988811,5.45492968145157e-05,3.3389219900228,-2.69329667037867,0.324768504597141,0.72296077584265,0.0982431637273465,-0.378065178065486,0.552160149234454,0.0677209978604457,0.477797817152415,0.287330264727868,0.724232726869616,-8.25514666492581,0.188099356445339,41,0.857412937348464,0.0747229413193454,0.192939732096549,0.99989999789079,0.00846753371402147
0.76478911948613,0.0504181261916211,0.940284925601498,0.967019495516015,0.793809294094028,9.10725356545638e-05,-4.28443569528829,-1.43099966472806,-0.0515817634748458,0.776454616758075,-0.218275598641411,-0.442463306931677,0.737843659098193,0.2527325525429,0.479222489754929,0.11573108550685,0.52583157022796,-7.55383997519224,0.181531350985266,41,2.37966045573417,0.178196267482067,0.261525896501222,0.26915756199941,0.118389757291864
0.623154739534346,0.000219065271750758,0.10375582764149,0.99308036206761,0.990991526331643,9.44737827223482e-08,5.45933459306152,2.46019995488167,0.209264291171779,0.893948369366467,0.242984091632002,-0.462814406384581,0.827080792408872,0.243570173681901,0.470097547806407,2.04215287817056,0.884758276588869,2.50504518069466,0.22940451359283,39,2.33287004886213,0.316234192210754,0.435835237636826,0.935768648556648,0.207091173896187
0.653327239306255,0.000814925690528804,0.108531788985673,0.992298083798887,0.981234057890417,1.00259191866168e-06,5.28559701978901,2.41616683182778,0.320626924954044,0.885430270727386,0.245602279397855,-0.491746297716611,0.840557882875553,0.14237664059479,0.326243735900743,4.7141371813472,0.867010062040223,2.1008670140862,0.196104633283548,39,2.01613031848981,0.153523559238254,0.476680393364463,0.999899939837569,0.149829814495884
0.667189649832681,0.0325769276674397,0.15038439760666,0.988596464238545,0.98967342692041,2.15440630044755e-07,4.44085855404877,1.81757732578036,0.27981549579931,0.882992632280625,0.268839410251796,-0.493567942744839,0.829042394021297,0.244908138524173,0.413912280532831,3.37147763811185,0.880243006557922,1.44106507067435,0.235354258379194,26,2.01804865628516,0.321309360215632,0.366217946622517,0.877939388173986,0.326621312869347
0.612921019463557,1.99427422669293e-06,0.128781489755134,0.993061859290895,0.995690978352264,2.97909127863852e-08,5.45534572728464,2.4394720903301,0.505556423479865,0.877596938773003,0.716517323446083,-0.262652659721995,0.785619698744507,0.618687666664494,0.285961404560069,2.79984009051751,0.868634411186485,3.55689021785463,0.219672051455237,39,2.16252978043695,1.26435111257293,0.248071186245747,0.999899928320664,0.562653699297355
0.638561242515503,0.000433016762778712,0.13337692147865,0.992289162882205,0.988596724972614,1.89345399063687e-07,5.34946459505702,2.3332426524631,0.466894002680721,0.856695656898461,0.606809935011427,-0.210096296181662,0.758631490514654,0.373279451396121,0.128165378467799,5.47657607087963,0.838926239054625,3.93751949437938,0.187973401029737,39,1.78477671641745,0.642282864995698,0.0746774608349108,0.999899939266266,0.430134805564291
0.617474995693579,7.7200704763599e-06,0.0635012073973183,0.993004829053709,0.993644494904478,4.00035069783912e-08,5.22784895486182,2.84875130260692,0.474140937649578,0.883587611830549,0.642931182691247,-0.20524386657966,0.800681225462034,0.487463538581356,0.247895949192765,2.04485891594554,0.889068560860222,3.29101873836619,0.236077097305706,39,2.19803660781838,0.959661233279321,0.197372431546241,0.999712495034231,0.449928206378044
0.647216621068613,7.52899243520323e-05,0.0339378490601016,0.992168922396113,0.988050953922779,1.95453745858376e-07,4.91810902790604,3.13436029841891,0.498372471666443,0.860076703456151,0.680621562232185,-0.189673351509007,0.775438360924027,0.564933980150691,0.162508330605139,6.63168067170747,0.86996789521588,3.98772251755169,0.217243761182614,39,1.74595964998837,0.830212164791753,0.202718804648606,0.999899024635904,0.769584468902268
0.692030839738411,0.0140586599776793,0.112394804880013,0.98829490195825,0.976752533599135,2.14714464527574e-06,4.57026976242756,1.67285858780944,0.436400988277507,0.877916685532807,0.361237296375469,-0.180792785882278,0.829341065765129,0.271711519269599,0.327566520265963,1.12010572293053,0.830914385143796,1.17386125241444,0.217156563028746,27,1.98272467786668,0.202918004169111,0.195820049089563,0.999899985457884,0.083875221539901
0.693458017268821,0.0107549856492878,0.0562569562944606,0.988117773653781,0.975769465782668,2.05035908186835e-06,4.44278695742539,1.70610482977512,0.453181192797562,0.88962396643175,0.281607108626872,-0.465916036426997,0.843954763871194,0.176137936322834,0.358925979841119,2.42476587237246,0.857278999443373,0.557307171160084,0.207627191260249,27,2.10899385362698,0.164116071321341,0.28512228226102,0.999899971489681,0.000100014853551885
0.691268207324494,0.000297947968615714,0.0341379680474891,0.986398052434872,0.990650418237473,2.26828047214812e-07,4.29863052659256,2.58451802914023,0.298558757411147,0.794117040773749,0.559057920959123,-0.51143402909115,0.645318110615337,0.384726808471395,0.408761886551656,1.18947192009924,0.75892855726296,5.61461388067429,0.225853908282742,27,1.32930473506117,0.799371279780544,0.291926496871861,0.610762168926678,0.610759089812022
0.68621679032371,0.0202039823849979,0.130685144423957,0.989159782260046,0.985793515983644,9.73920777421352e-07,4.52897562087554,1.92220079820596,0.290817140300867,0.896186495941268,0.386824356870516,-0.197459990162521,0.867212744537593,0.271008526258377,0.308980907396075,4.32138539797231,0.850854844217202,1.39284307338186,0.242813550970422,27,2.12600303317375,0.305942145918238,0.237075505422878,0.99989999904288,0.185900498199205
0.908204100547118,0.616157536456507,0.133934022758379,0.936570140285627,0.581933985264331,0.000198176535592956,-1.05701431052582,-1.77065564428983,0.204862864372423,0.609809431489255,-0.0780012956413435,-0.351042608174609,0.444398038695093,0.149317682071728,0.448224652100149,0.839445967533956,0.603358039716044,-13.3871500539661,0.122688739989157,41,0.462279260710685,0.134044666239,0.197793195978211,0.684105326167846,0.000100001358000524
0.93939374130687,0.529069964339648,0.0778835778620306,0.843090195607758,0.367317268482116,0.000749407199480608,-1.4524563865109,-0.554461657265692,0.223372724499445,0.459179619486777,-0.0990516318028437,-0.395424238301906,0.275240621009124,0.329947975301169,0.727537270925487,1.12018911097023,0.459741990911432,-19.4918431434637,0.1169643771632,41,0.246610515185709,0.31384676413931,0.344708152457109,0.393496472188081,0.000100004173408258
0.63963756094407,0.00870535401784909,1.31038507214334,0.991367385093594,0.981788258729009,4.59645768026911e-07,2.29560670894993,-5.17375452614428,0.225400621850725,0.898943343363352,0.314989769717867,-0.553685682879418,0.858301023792776,0.305926244072805,0.525010448770022,0.0908109306271968,0.902271987221109,-4.31440124830659,0.262320024033131,38,2.42459426372971,0.52933093824062,0.379089894877379,0.921914966452295,0.255273151197421
0.714239158472105,0.00613940016916434,0.772610731505016,0.984658038414133,0.900807571298155,1.11307421848313e-05,5.46548186708191,0.682041470941692,0.243178212513964,0.78184495335363,0.0271735570409851,-0.537260623919986,0.623072652136456,0.0614125335208077,0.317916340014206,0.284357051660394,0.576703210380504,-1.62693551551526,0.0717603154156499,41,1.70638847378567,0.0647147341991551,0.324069797611651,0.969622111071308,0.000100000740827439
0.702060678473114,0.0393481556224438,0.774829097280108,0.986986298962016,0.917146063085069,6.97191192710235e-06,0.79128743022783,-5.41630248449068,-0.0283179021655161,0.863222981656055,-0.191724860763345,-0.559696116007664,0.774522717297101,0.16006442491361,0.845962626524455,0.92980991124219,0.858035476640574,-2.7944771307155,0.265726269932768,41,2.27992436562847,0.100429529995131,0.332054278691926,0.561670379849156,0.123451417746359
0.686765219288234,0.0015272080036432,0.828014763317608,0.989903586242606,0.95613986691106,6.32152857384273e-06,5.91322351324986,-0.283213178108593,-0.0551262585745846,0.844244984191825,-0.350426935926657,-0.606049906619707,0.728358915461683,0.211800876860898,0.887041674434242,0.176437950481445,0.396533588488862,-0.440042302083353,0.106154192319861,38,2.16963506328305,0.213914441062449,0.56485858998793,0.503594276145964,0.000100004824048672
0.666827334145663,0.0432053025671786,1.02332574248139,0.989623939227609,0.936849993280599,6.18174235590457e-06,5.63902776613827,-1.73100134180699,0.284131472427977,0.868966653427874,0.00669480468313872,-0.461495415583943,0.798398453895151,0.0534552287166463,0.443437284170285,0.869744953985447,0.69577943718737,-4.11995992460661,0.166977179834953,41,2.46322738451056,0.048240619891876,0.227214498936485,0.999895772936045,0.000248791585988191
0.852791406870627,1.87741441261667,0.190589909568494,0.962481695415342,0.736686690078967,0.000529605230876201,0.226237865648054,-0.20639794395441,0.231606085474642,0.708346608972933,0.0352036721808158,-0.435365256366889,0.591573304251296,0.031676577660265,0.456772138250711,0.740290515482601,0.70856033092569,-11.7353524766958,0.0737093192077189,37,0.744462414276089,0.0302466086071374,0.24389685992792,0.953004218220284,0.000100001211458812
0.95695797841235,0.769971539881315,0.0626649890293832,0.841950241283626,0.491581946394757,0.00197804118205248,2.37135715420896,0.617367799018299,0.031949307546012,0.453015796282156,-0.340464522658689,-0.612129301695844,0.21713972230391,0.211519934136399,0.779528237000277,1.56568396920501,0.358878870824682,-18.5884849166823,0.0856942610447125,37,0.27616034260618,0.124291226018817,0.390146100075527,0.409166732222053,0.000100046888390357
0.666822893660482,0.00187519621322214,1.23579086592682,0.988959035985259,0.94218509160689,8.10505769774467e-06,-5.60950931956684,0.902471583268863,-0.165495946818261,0.904428604269637,-0.428739077729138,-0.591638589874488,0.943701910666161,0.422842136277447,0.811883488526106,1.63861887926575,0.426787820424762,-0.979257171188617,0.148678109899147,37,3.083345517382,0.383715163946568,0.480308148071797,0.427653433105784,0.000100002496162652
0.648434388010861,0.00933860272513353,0.849344786230219,0.991014097990638,0.951420054851835,4.96907684041587e-06,5.7114760614094,-0.0145032556321874,0.281051936335329,0.912955743716075,0.103909332852707,-0.141539324227581,0.9841384955723,0.35360933153075,0.599535363100311,1.72950074943206,0.59401389585824,-0.816293119060883,0.108058922439733,38,3.08820410658143,0.322182020653586,0.38450692739555,0.999764752231921,0.000104272899850431
0.703458299810589,0.00982441685451737,0.810787502883845,0.988472269778126,0.931939371497899,6.27703845021012e-05,5.63801891679137,0.35108206294916,0.0380724972126619,0.868342412364002,-0.368104798562672,-0.590216971271142,0.778220752150088,0.353244038283699,0.911233623706088,3.06569530647005,0.161101121261611,-0.444544503008941,0.076337804729259,37,2.56170115226526,0.195684187134232,0.438710626242109,0.0922471165696459,0.00010000009540009
0.620817966372647,0.00669352429278753,1.29545735581941,0.992853143819568,0.984781858409159,5.4970081827645e-07,5.41268118873873,-1.71471523592842,0.140466650902017,0.939704771762645,-0.0527158289049568,-0.573869114733556,0.926226867511019,0.0625306255161064,0.553133271773599,2.7025567413355,0.788763797270253,-1.79088548032348,0.219778931723332,37,3.2353656273288,0.0643936642844495,0.448420840387386,0.837131182049241,0.130011631157298
0.870609504722346,0.187984401066411,0.742011132642783,0.931686800968437,0.603502273288225,0.000891089417165879,3.04857261005873,0.317840383559565,0.251371861763807,0.686554013069145,-0.048200728122927,-0.324921969586702,0.592087467765093,0.20011678967533,0.648852915697532,1.76739488539149,0.461826441143564,-9.80046152495474,0.108452287851867,37,1.12300331518124,0.208490445381938,0.283594315521446,0.551895244723664,0.000100000248239325
0.585859839130104,0.00293451795378644,1.21696562308878,0.994520394330124,0.996713736470546,1.21366008066434e-08,5.92265184894066,-1.78115959056002,0.435098121866521,0.940252689559576,0.509164743010393,-0.313122582952459,0.901211908109552,0.432316132323797,0.333375162040583,4.6457548458875,0.920463160633698,-1.71229435547782,0.232322587071877,41,3.28377415391143,0.713525955343447,0.270583390899493,0.999899834125348,0.4016566217469
0.747883747417216,0.673937935842573,0.46313131037326,0.987097259070806,0.902529973647357,2.4050108334164e-05,2.43999703157689,4.40089202666627,0.334823325102181,0.841739475797527,0.166893880298104,-0.317242372810202,0.827253417938904,0.0664874150312239,0.368892739584997,0.00384741889727619,0.841070962891332,-1.66972873943094,0.216212102526867,41,1.51303924370248,0.0553605916339444,0.201798692663356,0.999899914133836,0.000100017698911363
0.608365054637646,0.00329939155448709,1.1426930492582,0.993599308880315,0.983181273743457,6.12696003024677e-07,5.93772253031455,-1.52435372513835,0.427177720693705,0.924739121177857,0.321891668826777,-0.200315459814373,0.868188906214513,0.197996979859465,0.357338627323834,1.45730067875993,0.850727052576833,-2.11586555816704,0.179251076895963,41,3.02621947166037,0.176493223704495,0.211918124128436,0.999899970872472,0.0697018395218528
0.666739112428637,0.73633733956876,0.586018123136107,0.989668185402322,0.951495484422283,4.26579684112738e-06,2.64100031000673,-2.49084502357916,0.50767075483232,0.927465787350974,0.482014699200318,-0.200343565714422,1.06435437135153,0.256725375083672,0.231710043043298,0.457938673057297,0.889966107687046,-3.98522372549491,0.143915018012789,41,2.33888547186963,0.320677535098999,0.148260164151111,0.999899986208138,0.439724355648647
0.628194247387629,0.0426463066075902,1.09033025184487,0.992427245919525,0.990194073770535,2.28968707491067e-07,5.53970635432371,-1.00582945160215,0.365022068855843,0.907925189369273,0.238583960294149,-0.430229227482643,0.831203541722642,0.0843403221147394,0.331981559937334,1.20836342928476,0.900101304334434,-0.777707024088517,0.166991751379538,35,2.7227509397755,0.0949487158943989,0.208828016486005,0.999899965887664,0.277090232342602
0.58693227411177,0.00177471853202944,1.20100368344679,0.994543899871457,0.993237706007584,1.39628006302161e-07,6.24219087753751,-0.541085450391411,0.12682821706909,0.937933217242792,-0.132229644099088,-0.446247914954547,0.892935803067536,0.120632167993506,0.605261687151871,3.01186596020952,0.801796403826578,-0.644197659108466,0.178883100227262,41,3.36376847429726,0.108890149084113,0.359594610394346,0.817966434912608,0.00135179452804289
0.670158163579999,0.0507021745402117,1.02978697630045,0.99025700211311,0.958602479094821,3.42735603211812e-06,5.13570875535534,-2.81185445854408,-0.0352432599656645,0.87920487873597,-0.260362234172537,-0.673280612261541,0.858109332600536,0.165971340828337,0.642108795268428,0.346792848418775,0.757143248961787,-4.49356264600079,0.194460514882553,41,2.61547707858922,0.160457434145143,0.576754844169696,0.737258656235949,0.0936373633053276
0.628854390673931,0.00749895844481555,1.11615868930995,0.992669452498414,0.972739299325569,1.38139597492046e-06,5.89276513313995,-1.66560657630962,0.281312306022452,0.908635995982698,0.0407481828936766,-0.446822476350729,0.849572280402154,0.0385858996252635,0.436031844518634,1.14186762828381,0.776059656361547,-2.75583313755719,0.176662119152135,41,2.79761829878851,0.0385810612649368,0.251625927771311,0.999899940944563,0.00371364106776525
0.710079945233893,0.615790743152105,0.49390598897462,0.987284668548591,0.922280295861934,1.67130320184508e-05,-0.00378317899255154,2.03055128305651,0.576619201591273,0.913528047923665,0.455469870280093,-0.403033366119262,1.20173067749211,0.313742881232339,0.174057772356281,0.132575446546724,0.913920227357698,-6.58671233218399,0.13342975389068,41,1.79702216939563,0.393344132927414,0.198478254371594,0.921485954011264,0.649159898979378
0.632191296672511,0.0271642095450875,1.03844518722483,0.991471225408345,0.968937536255518,3.2580382294398e-06,3.5204093894388,-3.9546965213064,0.28311912974475,0.931219664120081,0.241108037124153,-0.399422163311082,0.93120245941439,0.0916168998853569,0.454876273586953,0.451675375112908,0.900522366463587,-3.26567573983089,0.225110670547066,41,2.91221966686652,0.135733680474004,0.194308438988508,0.999899842745673,0.171173284853513
0.634975557369507,0.00931149945463293,1.09853217913321,0.992011403164844,0.969118023303625,5.21683786210338e-06,5.9160081727836,-1.30402321547216,0.0933801436492921,0.890300334731572,-0.147153020686599,-0.523144761150022,0.794342440645328,0.0389875425857922,0.644301253127977,0.625875619148664,0.768850153327901,-1.0922963511272,0.199854007149394,41,2.71770748244284,0.0324888566095005,0.279990240410161,0.805160455085348,0.000100001284207943
0.966883736018092,0.0312694267694862,0.443954110995365,0.702034524459452,0.337853631846223,0.000446783970117785,-2.32951061204813,1.16971775157434,-0.0775531935936502,0.277099403591058,-0.373622461303379,-0.555762145512706,0.104274877777119,0.259807382061981,0.642060261625049,0.0475387420966351,0.13707274239264,-30.3291018636576,0.0813731182773108,41,0.131162228361614,0.169046978669018,0.316172947065299,0.000100006295979559,0.00010000010476875
0.976628307874102,0.191782817229672,0.206049951344453,0.690794684899109,0.348791303783921,0.000624750560022297,-1.58369618553181,1.65629170455348,-0.0423172516253479,0.256590108446208,-0.333576966487597,-0.507503281424962,0.0892528677942778,0.220015089554584,0.634896810501073,0.0633585381222531,0.197453999791826,-24.7845384146324,0.104775181528499,35,0.0944178760227653,0.167036577034259,0.301544647457499,0.000657571357924433,0.000657569429479891
0.893552020869405,0,0,0.879745774254582,0.680970912951241,0.000359542114974318,1.90442540074549,0.361822343361958,0.0115320018696406,0.626970579383062,-0.194787282512634,-0.557007999572895,0.462001198303583,0.148692433498839,0.674986556253407,0.430436736046611,0.301680789205011,-6.07484802870791,0.0999409692790466,17,0.648171011252743,0.178949654136067,0.507657652429103,0.000117149159463942,0.000117144161132458
0.814736755403797,0,0,0.952760818356382,0.828306085898004,0.000249004852925947,1.77334115248048,-1.42220456848557,0.432650297490358,0.822932722526366,0.322677286948565,-0.235611298449928,0.872316613411858,0.233507147051939,0.354811806556916,2.22676798201881,0.679697616357331,-3.84688546399353,0.112552060333285,17,1.08859609254477,0.1585085494752,0.238817964316415,0.999899995913011,0.000100002567152038
0.637264098717917,0.00753551378466996,1.29504275202561,0.991461921699584,0.994041999867971,1.34270531574692e-07,-5.21533619971643,1.02258512845713,-0.25485744263164,0.906466468314999,-0.412644476789107,-0.703613792245929,0.842204799747618,0.534342531700503,1.11768031285387,0.490891570793083,0.763165895318418,-1.07888078444006,0.267440778703075,30,2.64848038855655,0.782424270693085,1.37382015070905,0.212787208410537,0.212787180614087
0.766204373620341,0.0480397609337367,1.07664458467573,0.97805245846319,0.857222054179139,0.000135950079306713,5.86353581305525,0.859622391172135,-0.104833177436901,0.800943472845736,-0.351744792809678,-0.511637085801388,0.735773090475701,0.495649935821035,0.715484683557664,1.17371131940361,0.0964341036440077,-4.14238043406688,0.171998561880946,41,2.38287131489271,0.270265454280967,0.361195419279707,0.0421857738305828,0.042185766786297
0.701474409639485,0.00728454629335813,0.998825412650443,0.987506676741157,0.894691058222775,1.08789749493707e-05,-5.51014955850944,1.11567769932753,0.564331988631869,0.866849806214629,0.412447851353114,0.00906395140728389,0.820879411648974,0.523082275934101,0.295545504998274,0.421591547773414,0.7423939612798,-5.54524734682354,0.102645900768958,41,2.05275078950123,0.532411199365363,0.24155312709788,0.999051641619035,0.000100001753138053
0.626655543701814,0.00218215603832225,1.13658207086402,0.993146334934174,0.972862504481,8.65650864315485e-07,5.85304173886081,-0.904733703972976,0.453732373888343,0.945113722514509,0.273208640031983,-0.187229458462298,0.999178505844385,0.232028636124297,0.31163367278351,1.39937914522534,0.764803092311124,-1.41843037236799,0.153125678909515,41,3.12914694220344,0.270149813603603,0.206295470464542,0.986621043641529,0.000100027500102526
0.757054657847592,0.00588750271799925,1.00474754977546,0.982397685857482,0.861152904959487,2.10371590787819e-05,5.57923579970712,-1.29373460316757,0.220133701746214,0.820582260334821,-0.061902439034883,-0.367092369643388,0.716703750983749,0.146850470430651,0.492488382234627,0.20467036607739,0.46330642568419,-5.29096942443848,0.0807109973499987,41,1.82515754550401,0.129758743983257,0.274092609173772,0.0214122104791346,0.0214122049051637
0.624963894727072,0.00735064460555995,1.14414915903297,0.99288682630324,0.980222865270865,5.82911663410485e-07,5.81571414189501,-1.40308093602712,0.108122138937735,0.916221417117397,-0.200906165884818,-0.523533655245334,0.847648671406344,0.0831111320351989,0.625182503523578,1.31263107128334,0.71236016872148,-1.75386221320828,0.234952419698924,38,2.92372481247692,0.078899676908101,0.306376995370078,0.624627743413542,0.064458421542011
0.642642469963433,0.00382568964969791,1.19714534905873,0.991898288406373,0.963791768551215,1.87786271347788e-06,5.64607645051264,-1.63562421717563,0.439360782358491,0.909020422630551,0.199002993487259,-0.277756131585699,0.909160219347666,0.159976022234764,0.293996635525509,0.984049980551224,0.787878164959647,-2.49644449425931,0.199806992863784,38,2.56685545135308,0.164420517443072,0.208682459747357,0.99623856691204,0.000100014137902918
0.726722596666859,0.00992018038899246,0.699748285996904,0.982905287490524,0.878003412997347,2.18187617494333e-05,5.22291212380073,-0.0509162640045153,0.198073922668239,0.852204195662395,-0.10620331007318,-0.394962838399262,0.81593028102108,0.153023165031187,0.515163246069278,0.32425392785463,0.409836495956909,-3.71551883109665,0.0436489879592711,37,2.22659589462454,0.160129857261512,0.310508276952903,0.000100035153297139,0.00010000044904948
0.915153596769618,0.163971728509939,0.385205653593102,0.952561612932898,0.680523561296666,7.08766141484362e-05,-3.86537898759871,-1.74554353033454,0.16847633441952,0.604187942628285,-0.14409229246185,-0.470779460250897,0.448307658791527,0.175981954040631,0.598361120934205,0.266501593806401,0.481748935108737,-10.7438661732119,0.0830944644745392,41,0.502900175260067,0.152059824555723,0.372126324032767,0.743638600211079,0.000100001099287253
0.876604263769239,0.111302472316314,0.716721406650535,0.943732374634112,0.705233312824426,9.24670146925474e-05,-4.3489166700534,-1.16807253342176,-0.0683287645705808,0.638277762596961,-0.442884046257076,-0.648157041075027,0.46595127594395,0.354814699730114,0.995194023346944,1.03319112202469,0.30190878828847,-10.651103419505,0.121824212108771,41,1.16386134863115,0.250510687407796,0.501135379042293,0.317859456615103,0.000100003942787022
0.83404555178969,0.312904328488177,0.125077223269238,0.958214831716814,0.730362587914793,0.000117587545471462,-0.900910363738476,1.22299475583727,0.273780922524025,0.736765012749866,0.0268814624121919,-0.397245822488905,0.591625247160491,0.0294348843274595,0.411381491533939,0.106317328354908,0.721661656967322,-8.4234501252826,0.103551387214978,32,0.831637797240688,0.0329829608948216,0.179121294602729,0.990158274450446,0.000100003924977773
0.904147381660684,0.0794582803541756,0.421649605260614,0.913023136129513,0.574650762235254,0.000417241904237263,2.5290137914407,0.0178148347095222,0.165221465587601,0.60410140545205,-0.185026496859543,-0.505893645094981,0.406972285300467,0.144213641470028,0.673398690079064,0.482938086475337,0.543485302802383,-13.2402848383158,0.0938354439500513,38,0.685617967198789,0.117618789318602,0.303703746914448,0.624900838525579,0.000100000226470552
0.917604537894448,0.0551328230117332,0.123319729737128,0.881813659595245,0.45568606851742,0.000686948041371409,-0.799470009068879,-2.83789019352443,0.222849252629596,0.553492377924895,-0.112286461700712,-0.405887479764674,0.338025929257703,0.231207880817677,0.618545923180876,2.14224324015362,0.530355810588045,-15.8560661057234,0.178255560875039,38,0.38702473460773,0.127006691075659,0.267100202645735,0.49463402925433,0.000100001500200897
0.8818628334089,0.00441320095430544,0.949413819451029,0.916548578671179,0.599761984138935,0.000227181753519588,2.53276102719222,-1.48057525058161,0.111813994947592,0.622355443150876,-0.266507063419048,-0.549106850706797,0.451171140605793,0.192198440895557,0.693232086986677,0.875834745408242,0.550789709206163,-12.9251434155075,0.147833922974799,38,1.00358154963764,0.126776259738226,0.3313522944159,0.50761842415942,0.00010000044448316
0.930628911922025,0.24281373151133,0.226182530871135,0.842645472930111,0.474066844865273,0.000342758184452349,0.507953829759522,-1.66044510035835,0.0387113895799047,0.467021785403414,-0.352270658429675,-0.613113974954904,0.233297173423249,0.228466775105904,0.847336172087839,0.00490154480592886,0.46690502746714,-21.3218078229437,0.132429375335841,41,0.375066375794781,0.155284435288621,0.425217744024705,0.439111537842431,0.000100000655696869
0.699313181369654,0.00763264795361635,1.25183644746777,0.98760161620523,0.920821217084696,1.04382353616439e-05,5.53545716367467,-1.08443086783298,0.228124737821265,0.873904756921053,-0.0292366659002877,-0.341296409385042,0.776749606454848,0.167134106681885,0.454368347219329,3.83004881720796,0.654279444317212,-2.29631212761779,0.153712312758155,38,2.61758296609489,0.11770344355948,0.215661451603711,0.914043042539563,0.000100003499616322
0.948805466681772,0.0474772090785039,0.118157467609202,0.83034267721631,0.383779139583355,0.000403327671791754,-0.560019736570257,-1.39464888502365,0.153481615388801,0.460496694642807,-0.243053457270955,-0.524486107171148,0.227913564107265,0.200647143236025,0.67269110383616,1.79935712740776,0.456497661495142,-19.1271675349265,0.112566119191286,38,0.256343332921926,0.115653742126252,0.28415198740726,0.434117826583783,0.00010000321525932
0.787451207121807,0.0102374253259463,0.185972237906113,0.977876943848889,0.854513524438555,3.24369804498966e-05,-2.19702387505919,-4.46324263280405,-0.0782081822805278,0.775107889196195,-0.270389209353645,-0.500784307611457,0.737084898750856,0.324233302034741,0.946452238372931,2.65268224817605,0.757495702949849,-4.31089658044668,0.233700638613483,38,1.53607355000185,0.389007676932492,0.740672699171496,0.475321180786791,0.0940665450644652
0.856829615949721,0.0338571758293732,1.17156381002613,0.943612292773859,0.722785172663739,0.000173616468812538,4.18616673821412,-1.81292346417635,-0.019154234711439,0.674794034500165,-0.343044237202932,-0.593356846959148,0.537825231220125,0.323833809700419,0.917300322201679,0.508922744832756,0.427305795227681,-8.96685699114426,0.174944516087147,38,1.42313103975437,0.202066073453735,0.438717660574982,0.350063915775533,0.000100000141128947
0.899377266695446,0.0435948989072445,1.0741423277826,0.925906639529878,0.662051391968845,0.000219641422896415,2.78889637139738,-3.54878938759899,-0.0404233321177293,0.599548068305816,-0.357832398228115,-0.604617045035074,0.416586344881712,0.333322743276776,0.966645305172402,0.0351593183914593,0.511911267247899,-12.0205993811618,0.222625971812367,38,0.924913415087297,0.223043320750874,0.468125681413984,0.0690704443381304,0.0690704402829058
0.630979497429932,0.00995476612512025,1.05640474396409,0.990317621630859,0.931039220938545,1.28207935254606e-05,5.80384307601715,0.855463338053756,0.295871768440775,0.906240584917403,0.0745204706694394,-0.234159658491212,0.906468133043872,0.230802317152258,0.311921051605776,2.3663867017349,0.695876032984481,-0.423674103156127,0.13619575638725,41,3.2442552301354,0.193989572420822,0.324455539862124,0.96708044605931,0.000100001518199966
0.739798176685972,0.0516663762875819,0.893801330727691,0.979419093928753,0.843559949711936,3.08289942825033e-05,4.72778445734343,-1.25712782283847,0.185538632562714,0.851574545243782,-0.124058944295257,-0.518727912344435,0.767758299149052,0.142103954689962,0.667034303876354,2.13520684703724,0.619700684133903,-4.05895667702697,0.154146526160731,40,2.47801744523111,0.118374126181325,0.347975517786215,0.775616206548746,0.000100001430185692
0.968104007897457,0.409343569155602,0.251327803316682,0.706445053523682,0.428542369180088,0.000442756823947378,0.259792311831823,2.25150308202797,-0.217277878902542,0.2305692376976,-0.489033737048995,-0.653600225910846,0.173559608564371,0.418120042568216,0.848710598868973,0.246819990572398,0.231018358813681,-32.2724256751818,0.144329597790552,40,0.183674937862706,0.398613397004177,0.733506247622197,0.287199633946418,0.000100001571590992
0.886647846899645,0.0851811427003324,0.837801849908263,0.931954435417527,0.705577150308429,9.71553030661133e-05,3.43302375928375,3.31955739154247,-0.150914404490436,0.583796932935182,-0.403502528573627,-0.582643108333466,0.443414710643418,0.365091360071408,0.889862417865239,0.352520988040203,0.468857053193802,-12.0062449154287,0.225469007664429,40,0.997884743834663,0.325872923544871,0.523416647955048,0.299584270932166,0.0375218622877089
0.721251912285613,0.0147843241535835,0.912813408036763,0.989212130122336,0.91566991374658,9.60384277856968e-06,-5.17909533928307,-1.43349921529973,0.368461461122014,0.864652750959733,0.220720411487795,-0.116234004823074,0.849319477896705,0.25675227465594,0.459102599241739,0.338596637674384,0.794473467738199,-1.42995276342322,0.16125451757265,41,1.95665143364442,0.329576495470464,0.329619052479118,0.997847768941303,0.00010001202594993
0.718458633583063,0.150918688000168,0.869862371439899,0.985262450582003,0.918485971615972,2.92641258227303e-05,4.82414287524185,0.285200616892898,0.0541582817319748,0.880550376398671,-0.144062711284113,-0.524003797590208,0.845653803533964,0.143060319265593,0.626167336335609,6.8716988707344,0.741373329680521,-4.1941619954898,0.0944240124560971,40,2.5224224977245,0.14632750469071,0.449358993262698,0.850207690851341,0.000100011322984968
0.891743231722481,0.0574950550439419,0.872863645023719,0.912805930096627,0.534815633188236,0.000543136725281538,2.4844875899267,-1.79055861781707,0.36050997355612,0.625342360231977,0.0715543727180215,-0.23624038921358,0.528808220937914,0.240298243322153,0.43484750261674,0.217046365990078,0.555984139446994,-9.63546685466331,0.096469077368721,26,0.427552249132176,0.1747620575542,0.225162408360976,0.999292879098636,0.000151132020739184
0.616823687541799,0.00425593089863198,1.10286115889869,0.99300286451814,0.981050159727645,4.89252355402129e-07,5.85480202892778,0.289179383040735,0.205494431308447,0.929767206580127,0.0622247195072497,-0.471212351785749,0.868308639030643,0.0985791183202912,0.539026022703984,0.824393710881083,0.80175271193451,0.157020917629063,0.117683251153839,41,3.20881597690091,0.075446927884029,0.444478759938078,0.999899804361823,0.000100025817604367
0.740826773320287,0,0,0.978595536115046,0.991043188616837,1.45781978944536e-06,4.04097509738096,0.155430594011022,0.0942361784310795,0.796005830437463,-0.102845365923107,-0.357433485939334,0.664991310126566,0.353779141071276,0.699588282977031,0.421950030631615,0.305414965455008,0.180997020183109,0.0930474281952822,17,1.28673895621339,0.232944317272859,0.487039189358281,0.000100000807404813,0.000100000122294251
0.740221416836004,0,0,0.978721461508984,0.992548088310044,2.32562041760382e-07,3.98192912775045,-0.529719227797731,0.0208124344460094,0.800640926108667,-0.0409916998054725,-0.451567667981828,0.657154682613792,0.203337796546868,0.84883232080438,0.112928203483666,0.534807327685908,-1.14863147793806,0.172974658085255,17,1.34157564791052,0.179335387354712,0.678235034363169,0.217600066465096,0.217599985360438
0.739428081271726,0,0,0.978527344147081,0.990654356328484,1.07288669654035e-06,4.02413594429154,-0.187651007834766,0.316478973809347,0.79384153542361,0.0408179606420234,-0.418119544240469,0.645784517932422,0.0951860429466583,0.429703907921457,0.568510573476453,0.560267269796028,-0.319723808851708,0.11094768389827,17,1.27663174932879,0.0917973284214507,0.264386164775254,0.998224974424972,0.000100003195597795
0.732894097913034,0,0,0.979450082883833,0.995541624375269,1.34074589586964e-07,3.98957617132487,-0.420879660825044,0.200158179188662,0.807017174213215,0.127158344883903,-0.379433260199136,0.671232962962609,0.0874646352806263,0.45330059796746,0.331368897052861,0.603234457037724,-0.807088500769404,0.161777777142865,17,1.40453653974618,0.0605741526975071,0.264355246235972,0.999899978192275,0.000103182865399957
0.745544118151507,0,0,0.977877980706681,0.980545295363449,2.71138094720867e-06,3.9814444271568,-0.332103733168025,0.396214088408233,0.796496319327525,0.19278596775261,-0.183590393188675,0.653325976718507,0.360325775337763,0.445631471496604,0.246544355925314,0.549515464735247,-0.758410577613469,0.107863057756543,17,1.33133271432307,0.286399529971118,0.22576784496133,0.999899960211237,0.000100586901309706
0.724369545571418,0,0,0.975789105497905,0.982505716872659,1.58689429525215e-06,3.78700264510198,-0.578915223741343,0.268240595363365,0.790474291996167,0.117464273454776,-0.384849110885855,0.686043467192751,0.0957087509276467,0.466990503710611,0.0204239912843801,0.603858891925116,-1.25945072065441,0.144985447644148,16,1.30098693590744,0.0843245394888635,0.343312302872514,0.999899848608312,0.0603700594019584
0.741934188055433,0,0,0.979530714612696,0.988650055062222,7.60467937921e-07,3.94922477006611,-0.247144236295013,0.181356930861207,0.826543274443056,-0.0636477263179935,-0.406200976348628,0.707319844520969,0.221635510989791,0.495016668654537,0.529601350678392,0.496926352638345,-0.269284354613799,0.110414826600644,17,1.49097383367565,0.141993165391701,0.286687974516801,0.84043613954104,0.000100585810336397
0.734830014915999,0,0,0.979802032014986,0.995922793876031,2.61653039087265e-07,4.00501872226376,0.187020394388503,0.261399129966104,0.815070112578293,0.0416166302605128,-0.237219759606374,0.702174521434064,0.258196207235917,0.592982184177896,0.579149431279816,0.498441922319921,0.224504353597503,0.123887080483089,17,1.41134711844524,0.167725500588533,0.233472844958001,0.999772602228234,0.000215958248843757
0.744399352490616,0,0,0.977930803616523,0.984093344333435,1.59277058776697e-06,3.93661951797096,-0.632798746980719,0.45852658557045,0.796145774392559,0.261416333338937,-0.403976115189917,0.650040989976461,0.280910772921756,0.439577276196661,0.415230530597059,0.727197697659395,-1.17380193000531,0.146228922488572,17,1.27951359193013,0.243044243341156,0.296695844894223,0.9995104895348,0.000100017630897929
0.731587393553788,0,0,0.979577671356324,0.995411661527878,2.65115097803065e-07,4.0195741651464,0.111401539472125,0.481923549568069,0.808918839352332,0.367110472435448,-0.0738910145033829,0.672907652737436,0.455879777870241,0.359091744409116,1.17367767701867,0.500369157999645,0.383309689710926,0.0647043947449475,17,1.36772991761412,0.40963405066756,0.295641569565632,0.999899964161902,0.00077158626479861
0.743883927573804,0,0,0.977791869629486,0.983637848948593,7.7569689836061e-07,3.96967279540279,0.109990897456289,0.350251663333576,0.788952367529652,0.23134291251251,-0.0481002112678407,0.651997452606989,0.357944895970424,0.458288675998239,0.817114252746835,0.50686306091775,0.109052547255735,0.082302191441637,17,1.17153811045253,0.496691345784115,0.339612112336867,0.999899997403426,0.000100000366461946
0.810192533956076,0,0,0.962697625631406,0.884718070140591,7.28232884094036e-05,3.69931777302937,0.806041404039138,0.454793246649196,0.670672498005397,0.299990047364056,-0.141335716751224,0.484602593048826,0.36050959732176,0.309285637540269,1.67780672854433,0.578965660065504,-1.26494506021968,0.111521374642017,17,0.699278344539248,0.330517529368859,0.262061244040616,0.999891924828248,0.000100007321208384
0.766459614741877,0,0,0.972963354537583,0.959116026353566,1.58875853812218e-05,4.01681405664421,0.121580836167087,0.350278172263803,0.727288282126224,0.185020505679879,-0.191761638619019,0.545290545608157,0.259236783695445,0.434953312446168,2.23122463661372,0.42877293121148,0.0354122910679676,0.0780223863175727,17,0.933910091644683,0.19338436697977,0.191457242332313,0.999899989437127,0.000100117630522572
0.749420240546279,0,0,0.976829382609595,0.975588663218749,4.48879523435637e-06,4.02109232617273,0.131998620109519,0.399293327127994,0.780236544877649,0.188837409124015,-0.214194585447965,0.631524028274696,0.386474001420801,0.465731088691911,0.337212655108301,0.457706145459604,-0.00192310176386768,0.0596447323424981,17,1.1942244889414,0.376550609879914,0.238866077342612,0.999899994703431,0.0001000191491709
0.735440689489248,0,0,0.979914453520535,0.997051163024925,1.71588899242088e-08,4.00660148498076,0.0335592951207728,0.1487170230348,0.816296744990351,-0.0750757740506155,-0.263678728651901,0.700276540390418,0.26122844330838,0.392108549425538,0.370273451979522,0.38304767272681,-0.0268486431768417,0.0805559707019381,17,1.37999288405589,0.138967342518819,0.198797626054482,0.000100008384524778,0.000100000288883857
0.73287229045499,0,0,0.978379277752978,0.992128442388417,7.02254931752422e-07,3.97447024225402,-0.529420441984511,-0.103410478314341,0.792385461508331,-0.204252836088114,-0.631360016038139,0.648118963114849,0.256171106079705,1.09891617028221,0.0761385275537256,0.528228228200442,-1.19983515642749,0.174093575006194,17,1.29311207780171,0.23285615480564,0.735137111474194,0.674459884057287,0.000100000125201697
0.737172365869588,0,0,0.978278799017129,0.991943296436291,6.73925974266684e-07,3.99838624810258,-0.376046224187139,0.488402692679425,0.786418371246294,0.33419111752524,-0.36378696252264,0.632255583912016,0.156243031863327,0.191679172988322,3.18681849129865,0.735786407583911,-0.571227538965747,0.134746067858378,17,1.22070252762389,0.182767206417064,0.163506145603155,0.997351226193358,0.000100004864344443
0.730006304145585,0,0,0.979495572207115,0.995947382423248,6.70920110169892e-08,3.98151412052439,-0.272972220125883,0.0627377962776115,0.803729819549902,0.0389046015633303,-0.252358409175208,0.679394902813718,0.147905328407833,0.361833292552676,1.03387366641454,0.540163659104524,-0.438217644522546,0.160884477643875,17,1.4074528085688,0.138911324916198,0.36077161056343,0.870239040404567,0.000100001422635307
0.733886632889679,0,0,0.97787749941169,0.98280903274694,8.50800903785423e-07,3.89069216682296,-0.740521791778013,0.54824330908042,0.794652022936724,0.547931990981413,0.072589348118106,0.651917604262223,0.447272902959551,0.195841698448227,0.205149395468341,0.762274725544526,-1.38847303318614,0.148033314107923,17,1.34411895945994,0.575741311707012,0.192620862035465,0.999899989611827,0.000190761194431768
0.712020581305114,0,0,0.97733922157295,0.993949177790622,2.02681973112925e-07,3.83050679652198,-0.456412499459728,0.106195103151262,0.802567838632052,0.0596617492591316,-0.339668716401498,0.681538137882535,0.108144116985287,0.421755747597416,0.224155157887903,0.648630330384079,-0.767819008862018,0.161553298530229,16,1.32581406883644,0.0894878291918265,0.333074457117366,0.999899628929678,0.000116464133308601
0.733009299805403,0,0,0.980049397631248,0.992532971185213,3.75481761117703e-07,3.95942354627913,-0.144013635695123,0.408983007608168,0.828212007285054,0.232679500371577,-0.145852175976328,0.717253401412341,0.558755193926287,0.589239148023026,0.518673730763871,0.626643667716086,-0.212602412434731,0.0921919459497205,17,1.52729640569154,0.414087907448935,0.480484215770159,0.99989999797617,0.000100002120384797
0.733577265172996,0,0,0.97947139098405,0.99492326795469,3.98288852552639e-07,4.01394470659421,-0.0954424779396333,0.161919222109776,0.807234286040727,-0.0791073182062022,-0.361432478201952,0.680315099548016,0.369719660061322,0.775176767258132,0.494374227696536,0.242807720564207,-0.272772394828658,0.0820110321347237,17,1.37662838595524,0.166751450263672,0.285800895352247,0.0628486811482361,0.0628486677073823
0.740881217261754,0,0,0.977958708042488,0.977867619555319,3.92756545267709e-06,3.72870140495389,-1.00126584006918,0.669202195161145,0.820628753359901,0.718635638050767,0.314999094623861,0.715266294800151,0.800333044133221,0.249532500315065,4.12399674475487,0.842105434884165,-1.52732731105664,0.150396170628491,17,1.35717301344135,0.87678356822794,0.328593415333622,0.999899997213697,0.894437992228222
0.746987552740976,0,0,0.976811440601074,0.983536175439526,3.26052758472219e-06,3.99353916644997,0.127116541569388,0.35892475927919,0.766981542522541,0.227190707958216,-0.402492475628819,0.607304646031796,0.125175111785693,0.281017937510582,1.78683369347256,0.446487949466977,0.689091820574929,0.0767131646704578,17,1.16747340282515,0.135675526557731,0.202915072186357,0.999899978002194,0.000100005988495661
0.784366903968024,0,0,0.969093088496185,0.934423264601871,3.12664527820595e-05,3.58455165387785,-1.07755902242055,0.277387740020405,0.7223482217477,0.206609407402238,-0.332428679372133,0.551287629819068,0.103131928558618,0.219515983401875,1.60392355153422,0.716606835789572,-1.70067609331347,0.137804559154744,17,0.830011970292998,0.127976093121085,0.230815269984602,0.999899935500918,0.000346594014225494
0.757428483128598,0,0,0.973172196737776,0.955080873625836,1.51595369851394e-05,3.99713818945178,-0.0675086124292244,0.44991426275818,0.722383387199741,0.402182481743499,0.0842455184478949,0.530819231760465,0.517515127088749,0.341303089931199,3.87896079706019,0.400004623329599,-1.56157896133615,0.0607222539619559,17,1.03515623277839,0.519018847130923,0.25017279155437,0.000100077186943848,0.00010007632538292
0.754100410600454,0,0,0.973089400297497,0.96423595117806,8.87116178389943e-06,4.00549409186609,0.451035497149715,0.370522748555793,0.714286457789512,0.252650695547632,-0.113340085189497,0.513112386572518,0.289522213216991,0.273348953180378,4.44134249682194,0.43799849738566,0.693704558301118,0.111409974650473,17,0.957567918950375,0.186565232619121,0.181634499437627,0.999899995231156,0.000224004392034448
0.736799909635717,0,0,0.978240375845554,0.989168407029401,7.06637561821732e-07,4.04786831481075,0.212533790725687,0.504693158079719,0.787456853833054,0.390290849270919,-0.0490169526958966,0.636740307512649,0.448391400349553,0.39017451307174,1.26182535611449,0.550936285788738,0.429521777414421,0.0809074283575698,17,1.23016107699596,0.478174980194544,0.188208935721556,0.999899994058293,0.000100045749845979
0.733319560964176,0,0,0.979397031863147,0.994518980867763,1.96536517074921e-07,4.01835917306471,-0.0181730565783324,0.301122084313381,0.808538276539528,0.036928247753048,-0.559252436151109,0.677418708240314,0.324863499778802,0.561383288461988,2.81900025879425,0.547179323584793,0.264229214981463,0.0834008534430129,17,1.32667890598014,0.300995331571882,0.819003467250613,0.999899880705231,0.000100003166587627
0.728245321361803,0,0,0.980734957888657,0.998736702417945,2.02097343414894e-08,3.93308839674463,-0.414324397963398,0.245034977245791,0.838119809469899,0.322909567984915,-0.611389861474612,0.75393167620707,0.311023929481724,0.400081028093104,5.27317800521292,0.752750984261822,-0.616864059185242,0.168957178779421,17,1.53197860192487,0.352446016163715,0.475692059749463,0.665057934987343,0.59341239939832
0.732668649486409,0,0,0.979770832669279,0.995811262081942,1.36317218545549e-07,3.95770426645618,-0.491375563634894,0.249983666521302,0.819067959537351,0.116363178310162,-0.515200150414284,0.708300501387637,0.0629332798154146,0.417382207612369,2.67918411248383,0.73735183508326,-0.765174409403244,0.161267455301005,17,1.37879985467209,0.0633065492657255,0.277248802064566,0.999899925032544,0.00010015587117312
0.728924516799379,0,0,0.9807725805177,0.998121877542606,3.11675046790634e-08,3.96551491876014,-0.0630696013907572,0.16892640529669,0.837236256788365,-0.0823008738472384,-0.470851437647737,0.757683225288528,0.113885608657596,0.589786680654721,1.98613555967457,0.484219578554727,-0.186374725686055,0.0968951693754208,17,1.56325855055205,0.13156480169016,0.46697180520679,0.888861952118259,0.000100011843511716
0.73326436442338,0,0,0.978905986414892,0.992806159334401,3.11887712523432e-07,3.96580033639332,-0.603698843610992,0.446819164988711,0.79991032886256,0.476210753481667,-0.0313556115892175,0.657393317766613,0.416731812785567,0.421657763987063,0.455601269747101,0.720222163194155,-1.08420744057412,0.161563600347413,17,1.33570482569512,0.310015947013362,0.282226740523962,0.999899990845765,0.000576360175596955
0.710013328576621,0,0,0.978398432998338,0.995068152901073,1.6590636454495e-07,3.8168870404639,-0.335842285330681,0.212173437131667,0.827016962101236,-0.0390247441584011,-0.64663678890588,0.743168200385149,0.134603674978284,0.45429224428539,5.2712438646045,0.670345079479487,-0.42909692786972,0.14607206777017,16,1.38565319751093,0.165740365632791,0.804811176256316,0.952392633649716,0.000100001153452958
0.726658068122033,0,0,0.979681517906469,0.998411940324408,2.27157544251992e-08,4.02512781861587,0.107003418081564,0.341966530159937,0.804094587030347,0.263228638506291,-0.319720233932239,0.667696036676204,0.149860086937412,0.163556030037569,6.36119871792623,0.52967550906984,0.022275334915107,0.117813408811761,17,1.37084820191961,0.179903667569661,0.140691017424477,0.999899987656027,0.00125646368258445
0.725296944515257,0,0,0.980504709172003,0.998699049456326,2.23971629294381e-08,3.97418994711794,-0.118987037724609,-0.107116257655356,0.827220991749626,-0.32879531030695,-0.561761742025938,0.726346791290419,0.292751902728352,0.585527438073201,1.01916660143319,0.534269069118271,-0.113579483110897,0.137321014795352,17,1.51365150014013,0.316594081252537,0.532911168041804,0.687142967623425,0.000100000396182226
0.72557797595657,0,0,0.979906487815699,0.990257324662879,4.83209444326358e-07,3.93419212535135,-0.584645431185558,0.452351350108735,0.833705835177732,0.329178189240075,-0.23098942953559,0.778954256135645,0.228502793552103,0.278681790047716,1.68318384311713,0.774231774530797,-0.84355291015178,0.142247828249845,17,1.59059078107119,0.20397200821429,0.367473731323331,0.998892046674263,0.000100000299290597
0.726638816949519,0,0,0.980982197762838,0.998793076555565,9.0970687061912e-09,3.94886002431733,0.0666564915032905,0.334548633155355,0.84183112268611,0.120243678364339,-0.53606441171961,0.761007365266854,0.280279212684518,0.601417490176054,5.38292962740792,0.541751202089149,0.0190376342956543,0.104721093371307,17,1.56198915748175,0.16800235601356,0.735605983628851,0.999899931619712,0.000100973522630347
0.729940831691701,0,0,0.980831158263099,0.997330226950636,4.56731584854829e-08,3.9334414181978,-0.22672878874454,0.472245560134844,0.842339903821623,0.331849515596721,-0.249842771174327,0.762837867193958,0.134354109975948,0.199247788298393,4.804808503374,0.727208375918069,-0.30982501067253,0.130768474175098,17,1.57049560408525,0.148394683083157,0.0990703642522325,0.999899993418794,0.175217649884395
0.725664574788109,0,0,0.977353789689545,0.993819112909028,1.15553138613629e-07,4.05947832597888,0.132465321575019,0.0696361581955449,0.75587542110126,-0.0666348342990914,-0.68489142096437,0.579983719262668,0.262370662857332,0.712150642744525,7.46363374197949,0.402580940137827,-0.00902270371548454,0.110816678255329,17,1.15631329874547,0.19697410578194,0.866766047326914,0.774295311153527,0.000100008866993364
0.743996901554947,0,0,0.977397040872065,0.987199528351036,2.20006542649297e-06,3.92717224081307,-0.775198623675791,0.127206471415505,0.786362065302624,0.128333767458132,-0.358913578236183,0.643738124389232,0.127808670499421,0.572809118818999,1.78253743895088,0.638699053172685,-1.57605954907772,0.162338240201376,17,1.18796552693888,0.0969108946256605,0.388046841370086,0.999898935097632,0.000100005168237224
0.749527922308745,0,0,0.973701969645062,0.984669691239981,1.71227836586717e-06,3.58729455223353,1.66116426253043,0.277261262951232,0.742040045978175,0.608374505039982,-0.333991038300596,0.564321658054924,0.399785951647903,0.233183285285721,2.13543413472609,0.593457282922069,4.53608229643369,0.180972435806192,17,0.993145293441799,0.512485747172549,0.182813315868659,0.911852718257338,0.903896288404743
0.812753231812384,0,0,0.964930970232456,0.895234157871622,0.000153351653125891,3.72227665109186,0.50671261044802,0.0316524981752829,0.738716469043012,-0.129807239239363,-0.222452265447338,0.688540810355836,0.512603851463524,0.634899097052835,1.32535707405461,0.206016183336345,-0.955473296832417,0.10271444727119,17,1.13982762435819,0.348191217297753,0.396215687480789,0.00363632190302115,0.000100000701944021
0.91174465886406,0,0,0.926443338188422,0.783856921425121,0.000157049562906103,2.94856870720367,-1.72170116209473,0.282931451914364,0.465303734790766,0.183711058971141,-0.388788455060718,0.272841633979019,0.0741077767449884,0.226738671367716,0.554469841798286,0.456442866908553,-7.17904497444634,0.140877597351951,17,0.240462977836203,0.0629508280005194,0.154756338982157,0.747285748559179,0.000100000223396248
0.769243997673486,0,0,0.974961262403079,0.952826336410865,4.13956494374459e-05,3.88659482371461,-0.273860624132876,0.272915605171001,0.781652687278363,0.0407997204201372,-0.35990859795999,0.623028953904538,0.390734596070412,0.503249700563298,3.30055966778205,0.401982795663762,-0.661726780143012,0.0803178173806222,17,1.29968895892664,0.365731323851048,0.276711663433706,0.00010264411235292,0.000102641903301458
0.881410558608262,0,0,0.925988148448684,0.752094353267889,0.000324520314922505,2.61021224612081,-2.15240654908336,0.35764122635502,0.513579135350444,0.265739666119759,-0.316053573364089,0.363843078222169,0.194440201578181,0.299072707822874,1.5104521250928,0.525864518851787,-6.81867732049651,0.129056469707869,17,0.311666658184312,0.250414734879214,0.177803404318155,0.999899983541915,0.0197127636091621
0.892215753196759,0,0,0.862519558894439,0.442271946333582,0.00131132444105237,1.56243918707425,0.718286763483596,0.450519579711371,0.595606565687015,0.369341708956766,0.0709193483097861,0.620846305401959,0.718182592135449,0.413754601826678,0.765787406847843,0.588865565739941,-7.9309129180132,0.0675875956557134,17,0.616823407948313,0.660547948150892,0.2979185118481,0.000100581659821729,0.000100577468550347
0.960878737560919,0,0,0.559934049583479,0.262241831449022,0.00487771979945309,0.363898760224701,-1.09287105410787,0.261190262763425,0.350166671373491,0.100649964186561,-0.295446996908374,0.504949318578491,0.329995358892812,0.425693983553129,4.389509866383,0.358016163824118,-10.4307671749434,0.0843840807215712,16,0.43321271799784,0.218321845771304,0.209878078969888,0.0529953380319415,0.0529953119320155
0.876592070064433,0,0,0.933481626902121,0.695929893874994,0.000677943506385356,3.06464619610629,-0.0496479985189951,0.343954626235165,0.646658436517906,0.138433926411218,-0.104240108883806,0.576920159388403,0.867543515368494,0.80457115548853,0.603484921614076,0.384769292845552,-3.92541848092496,0.0550837913007118,17,0.553353368966212,0.398434596398127,0.495275708876681,0.00068670494195641,0.000100005559444471
0.788237820891192,0,0,0.971341448223051,0.9356740731608,6.08938108244817e-05,3.93627965396101,0.0723203503113915,0.33239215095242,0.731063420903385,0.0837691827636447,-0.299006434223433,0.596835503640684,0.401949678880133,0.549167019821497,1.49943686981754,0.347582353961303,-0.767266808944094,0.0547428102938876,17,1.04508085419343,0.269543284075843,0.27108848242574,0.000156180341357264,0.00010000025253189
0.912534282837253,0,0,0.776093564075542,0.442020132017058,0.00119643962325856,1.09961003422755,0.869026784783396,0.504849933538115,0.476800079101465,0.366339437644,-0.145396173065077,0.7622772406831,0.428936773503276,0.228336144484261,0.204529385809249,0.498476842631592,-8.02595739811501,0.0589475672490035,17,1.04003690341629,0.616630335994676,0.13723243145676,0.999899997975158,0.0001000026044386
0.886587051103714,0,0,0.930743795277565,0.801940031698195,0.000144013657991797,3.21798255011351,-1.1000776851848,-0.11431558152628,0.528080649689124,-0.337256041725045,-0.506449080020069,0.399268583653168,0.16982465849093,0.426097450974497,5.96921795463717,0.315806882252107,-4.24055061261629,0.121192622433344,17,0.492668915084434,0.184270306930733,0.335350254029783,0.465053877016735,0.000100000409994889
0.932607489704924,0,0,0.889527224785437,0.696470729112741,0.000410197544746245,2.35150578572642,1.38551722241537,0.217749215051918,0.499910147620311,0.109444441199957,-0.203248399888362,0.517446872060547,0.219229104841109,0.52042292907461,0.865352819771962,0.520777988726537,-4.60796985954617,0.109565818770272,17,0.359756805309655,0.21705054440113,0.421449201376897,0.999483819001895,0.000100002672819845
0.824401066177586,0,0,0.945771553296019,0.767141902131547,0.000289802803353981,2.06582881636917,2.19959895441723,0.560751364296203,0.678762199857998,0.570375350899553,0.248371721340184,0.572517673705271,0.69548895686246,0.462123710453505,1.25621550442998,0.728797509830813,-2.77149530220435,0.139297890540555,17,0.604494934812462,0.696689805484951,0.358650276539304,0.999899873388729,0.000100013824258203
0.895438881830441,0,0,0.912173631441572,0.704255400895638,0.00111699606124854,2.4400077745006,1.42973849061094,0.359333352418024,0.547590247721577,0.213071910330364,-0.272177575566557,0.513871543535798,0.137515482162057,0.435179542642933,1.58502432116081,0.570768281318936,-4.25798385953814,0.100012816771685,17,0.575755428515545,0.155542887645225,0.13681225496842,0.999899994669823,0.000100032848956295
0.833886692237624,0,0,0.956849174647684,0.812331930011097,0.00017342464378518,3.57073141477085,0.167966528943011,0.418377148730809,0.68750009871345,0.267338337192789,-0.0673610271184504,0.652869442173481,0.626090885632613,0.476865414078527,0.0873321592581958,0.465404303508714,-2.91678616908511,0.052944412424058,17,0.667111477318056,0.648870518987648,0.246895903917075,0.000100063777669625,0.000100037893209835
0.778611159971616,0,0,0.972272362631296,0.955599160822027,2.41235926277579e-05,3.91315835281103,0.641239068606994,0.117355528929107,0.73576340757275,-0.110291359280012,-0.499724253717948,0.579867833758958,0.113085397114756,0.58379540088747,0.116424947122471,0.376919749308165,1.08265153178781,0.112776003952993,17,1.01008933467844,0.0993788437306585,0.389070850548756,0.847093224799573,0.000100039446814841
0.744117824097374,0,0,0.980265810386384,0.992148209406241,3.4847018560718e-07,3.97125177757378,0.108211107649519,-0.184754355288823,0.843535896665714,-0.32002817066034,-0.486039468889821,0.759634678409037,0.154017883535176,0.320770288445717,2.46939875244076,0.116177763398479,-0.23522385143893,0.0958444930815044,17,1.53740883812262,0.120068500649571,0.295945879726006,0.000100002914308378,0.000100002195990612
0.751343681823602,0,0,0.976760336495569,0.975033896081621,3.54784360864743e-06,3.95314933191534,0.699461296646436,0.327546620208589,0.790456602570323,0.20951885626404,-0.197592648494589,0.668123575867219,0.252994543151672,0.535980233373057,0.339975019468903,0.565427350334169,0.992059565016666,0.133667833123988,17,1.21660433323936,0.203376224851721,0.227677810818998,0.988787781402886,0.000100000284214294
0.742034144207743,0,0,0.979457085037597,0.990415533899451,2.63773773613952e-07,3.9703597907397,-0.453308231130446,0.0682812244554479,0.825353291691507,0.0364479262453771,-0.323543372639614,0.711319958390878,0.0932902042160623,0.411894082915471,0.82494201626335,0.424276432246311,-1.08456712871568,0.164813814883689,17,1.42863267541581,0.110135798082373,0.190674881949406,0.999899647710306,0.000100000011472767
0.755504362705757,0,0,0.978633920850634,0.986526229412808,2.22588977956033e-06,3.96599875281076,0.228182860050434,-0.113712638587301,0.813171119723983,-0.289604029676241,-0.408242606233755,0.698035943646947,0.412696199812455,0.541594108378256,0.498544092540462,0.133275742356031,0.11827649043944,0.129124652310398,17,1.34605194965344,0.27785703561585,0.248415462832501,0.140820810662728,0.000100000362928476
0.752331552839713,0,0,0.973546464670085,0.963696983039023,1.25774629562971e-05,3.77379590174517,-0.513396188539676,0.259526000800122,0.780918739988635,0.0350109486053618,-0.262609024772777,0.694641944997694,0.161350358998862,0.50904782166486,0.541066515518096,0.527670436634569,-1.01668250441567,0.123693969897874,16,1.16209124540955,0.136270403039373,0.16922581138915,0.8235448021662,0.000100018766864843
0.759634092915608,0,0,0.977401107354495,0.976363479638279,7.83566630815094e-06,3.9277185766565,-0.329865996147409,0.0983549043060317,0.807456532685082,-0.285674422219748,-0.651914598926622,0.669939661096046,0.325679905194132,0.83216821080922,0.86768969426243,0.451081311937802,-0.692215196004554,0.113249414956663,17,1.36196520890503,0.275783116252181,0.686863932287133,0.69889690632204,0.00010082345596637
0.750434727687672,0,0,0.979587246934771,0.982797726091613,1.7550607717939e-06,3.95500148256627,0.346187578217653,-0.0682611023255542,0.845147362262717,-0.0969858593795468,-0.18044443677752,0.77920388039593,0.275387180663818,0.339119549283265,3.77274588368326,0.355354708912858,-0.0889571807285166,0.147560822551654,17,1.50137159985968,0.354333941821073,0.328493893390542,0.523895773721871,0.000100002218066724
0.862164592573581,0,0,0.957928517757163,0.889029337779869,0.000437558010226957,3.88697871030575,-0.291475612983644,-0.115221607627023,0.643700179992485,-0.383722650937615,-0.590153509351844,0.42098618400633,0.293741738858751,0.999673565041914,0.597087784487632,0.159238558581144,-2.15737012173704,0.112841729047198,17,0.709065682469969,0.211013389068466,0.377381992341982,0.000100009222763315,0.000100003697282178
0.748815593233084,0,0,0.978586728415716,0.984795476946063,1.5800530195716e-06,3.92578583056766,-0.0053224953715053,0.305074445409698,0.806769214421179,0.0179093363591139,-0.249643756168816,0.691340838303996,0.249618566762758,0.304919629754807,0.139100918966644,0.430460399932159,0.116856135581638,0.0685801345277618,17,1.26937791447554,0.146961652766092,0.109558790297654,0.999356219850307,0.000100004463999905
0.754328766314965,0,0,0.976167991124195,0.969987932256793,5.38726386334271e-06,3.92031951402552,0.448409966146144,0.266564850386055,0.785287714674628,0.0861483673527098,-0.270398473500297,0.653586102837779,0.250920927688761,0.634570880703253,0.759446019265007,0.577908686175344,0.175878460954725,0.128418531724872,17,1.14624419804917,0.294446043149168,0.322710771363932,0.980266307110109,0.000100015440027699
0.763810780609873,0,0,0.976885103140601,0.968925198610373,8.14083866978284e-06,3.88897630641986,0.061475865627409,0.22813076463323,0.798903058575097,0.0206572941908347,-0.121145261920778,0.701162055051293,0.631086263126245,0.6239104780879,0.24961292170672,0.275289907463771,-0.0621370744736673,0.0665157007360204,17,1.32806064029869,0.523262342747577,0.584156753742995,0.00010006750658364,0.000100003230589795
0.750713736456418,0,0,0.976439912958546,0.980020078909083,1.59103218636143e-06,4.00378272561758,-0.239231106314684,0.282278720878792,0.769356672137172,0.0330473737215033,-0.396953948860781,0.605956555371562,0.288249483890665,0.615838636102396,1.61655082749173,0.561171298072915,-0.335507110985349,0.104171723599773,17,1.12956082071594,0.240070891552061,0.68180410739189,0.892016149320759,0.000100018996514737
0.768859596149962,0,0,0.974836011374565,0.945786712075076,1.61494882584912e-05,3.68979930143462,-0.880437523266482,0.375430380069749,0.80332381303335,0.278743422914928,-0.0742314319097518,0.707791697064149,0.302022043935449,0.28204177567148,1.95431752611286,0.67887800076776,-1.55140857444677,0.136715461487082,17,1.24080145879136,0.337037823077382,0.14295021836249,0.999899995936695,0.0203649071966606
0.827370208549105,0,0,0.965383461865633,0.909229409071427,8.90952699691033e-05,3.79227721520145,0.174369331885876,-0.240682755564997,0.755048241675044,-0.378828043399476,-0.513467709948678,0.586511972494587,0.584714220650475,0.670768936438332,0.123043464123885,-0.164574237620759,-0.8483012125936,0.0902815100215475,17,1.0721132116576,0.291059993354599,0.317178516295653,0.000100011010689042,0.00010000070877085
0.760047332585102,0,0,0.977686095668147,0.974373035929736,4.13865694621957e-06,3.92485715652085,-0.143462447287527,0.111077432072656,0.809458371187996,-0.124330365779006,-0.274398075052017,0.689823689332173,0.468634548800299,0.487398497259838,0.136975001090746,0.159404245426987,-0.542926886212271,0.0880886757906271,17,1.33456657837616,0.317714259741312,0.245684430294143,0.000137429050098725,0.000100000520284984
0.773267911365381,0,0,0.973616039288044,0.96029527163121,1.70577968205249e-05,3.9689818395761,0.287662013871757,0.204882808203279,0.746526829606564,-0.0539547081753437,-0.430142811636513,0.583597194275179,0.18418212987691,0.565400569758065,0.170219311078311,0.295360316513387,0.283804175883859,0.0744750255200147,17,1.04735287806255,0.155471234094971,0.251455002405922,0.000100002801025853,0.000100001119483944
0.741453466052399,0,0,0.978466673332943,0.981605588163189,2.85643486680321e-06,3.96141453120441,-0.15217998450948,0.453373141017733,0.806730990252713,0.260224097104029,-0.135174518587702,0.672041649744835,0.50144758983433,0.442883380759629,0.0156954419250742,0.580554493640289,-0.416834252456898,0.0776513135418604,17,1.41533234514905,0.452445589225175,0.268712316553455,0.99989999689238,0.000142258210409173
0.796303383635312,0,0,0.964461766833022,0.931153375192727,0.000110440837178634,3.83338321155746,-0.147976030803566,-0.0631536258355681,0.680056277780863,-0.316438763955021,-0.53197101279038,0.508600206551489,0.290405974491744,0.61602945051064,1.96309876324072,0.0382118558476171,-0.767553967057295,0.0853701806562526,16,0.860697005487817,0.14208573330347,0.343217167258882,0.0377188819217241,0.0377188733079929
0.78809592470919,0,0,0.972281071053897,0.943409917070709,2.37880252085969e-05,3.96174359464906,0.177341410316199,0.14316661659515,0.759512941004352,-0.180398650445698,-0.478249568695372,0.610521664294104,0.438226293784657,0.723194605444699,0.221139169470755,0.21039092013087,-0.371771997858466,0.0617938704767263,17,1.14434076592784,0.139894266700853,0.275924161003441,0.000100005032524178,0.000100003436893365
0.802099223538746,0,0,0.968747527223582,0.928637442999148,3.45758378643785e-05,3.80433578718876,-1.00173368654456,0.0590442302733347,0.7434822209019,-0.148265202288459,-0.490743595378551,0.59829193502929,0.401900371097566,0.957607016532758,0.536779465772287,0.390205149097984,-2.36283868850504,0.138098923322923,17,1.01726941692463,0.374913398865133,0.857620650860499,0.557956485472559,0.000100005693793249
0.893790481740823,0,0,0.940586924355501,0.810333807326849,0.00120911643977148,3.5965919002894,-0.413908947272376,-0.0262915204721912,0.598298187580556,-0.347856411954286,-0.572684415349461,0.36350757213377,0.256411702673109,0.823011376194264,2.46566328998394,0.215066372805434,-3.05284547493559,0.106343615426963,17,0.57167114996246,0.19686237275949,0.381983634549956,0.000100431510677702,0.000100422154296715
0.806690110293089,0,0,0.965031418177424,0.918953262275021,7.91194081656054e-05,3.6854450336828,-0.0706042420859793,0.336966162118344,0.675084233849554,0.143814182670747,-0.346885605663782,0.496254730896203,0.0717294121309328,0.283177225931301,1.38215431022092,0.572386323155352,-0.846584001821282,0.090974768539653,17,0.656080700688877,0.0723364063622955,0.183382589068933,0.999899973608518,0.000100006140752419
0.845893409841022,0,0,0.96153839428268,0.894898582064893,4.28928072300385e-05,3.75177080784209,0.202639373020836,0.0810781067490642,0.675323134017525,-0.191115969843881,-0.488622889277339,0.495918547115682,0.221557351877332,0.640609524772556,2.04096970985101,0.314688106277297,-0.197525600395639,0.0887893222117811,17,0.663289863187805,0.217556822218396,0.590715686675689,0.622153809257169,0.000100002757374806
0.768068902916667,0,0,0.97382444815617,0.94604063698897,2.39270028834039e-05,3.86592860936214,0.498530353669413,0.393329866882488,0.771921056946964,0.163519797684665,-0.281580845979696,0.606650277358743,0.34570333133244,0.409623669451154,0.88126037061608,0.50508777585492,0.233416230900942,0.0885080015403433,17,1.23123361680355,0.298780865528121,0.180763708851684,0.999096421762407,0.000100001374121501
0.772935258848842,0,0,0.971612052015401,0.952964394605266,1.46358855136527e-05,3.99772514384286,0.456338694702872,0.313117770962831,0.71610548600246,0.124330486947746,-0.271999025596638,0.541841175515133,0.181317701734469,0.544614421495729,1.12094867969428,0.489878932261992,0.179146775181712,0.104639494403844,17,0.857813730698378,0.162051252756779,0.30977448442695,0.999422731936943,0.000100002967712627
0.767931401091116,0,0,0.972305078223884,0.954014261060011,1.13066763167926e-05,3.84892253763475,1.09400159531167,0.351470852968469,0.744299441782838,0.253236745369286,-0.288580896755117,0.608971010971364,0.166832475301471,0.443502106879488,2.30277466373993,0.618324066936656,1.58601313769406,0.135368998262594,17,0.896363161347982,0.170092194345346,0.223572156272398,0.999899988443213,0.000100059604432026
0.624412110976958,0.257031555676392,0.441545760863131,0.989910801867903,0.981216326897899,1.70528080691381e-06,4.72078487627402,3.42737234865006,0.237428180379822,0.736385432180724,0.523423650302943,-0.298717161019639,0.557653975344652,0.374771350124286,0.297949848716149,0.761267156420568,0.691702283908268,12.7909696450091,0.212212451230774,41,1.20676223792276,0.556967078371999,0.257812213302544,0.999899941129845,0.593395745197755
0.611745027644542,0.214851359123528,0.531226923483593,0.990912495244266,0.986943266133667,7.9332162833286e-07,4.90713422325459,3.41526687155969,0.192589342597901,0.769265098729737,0.535627676199117,-0.253297575706543,0.605615326143872,0.383297557458773,0.167753418440607,1.65896913813764,0.722625680486786,10.7758160011944,0.226297162027971,41,1.45279297311906,0.683139729582966,0.129494765124781,0.999899532751995,0.637239376172734
0.622422029294428,0.248353285528719,0.432792081482618,0.989799328699366,0.980339063556433,2.01174626025302e-06,4.68661311164087,3.46163043020061,0.225912273316311,0.729886225980638,0.52227685392646,-0.255380582237674,0.547555919260757,0.372116635599645,0.206902891097707,1.2158676366878,0.685191390281404,13.3359117790979,0.21411886887556,41,1.18845563938656,0.551969702639708,0.178150646073813,0.999899886277066,0.657496300873513
0.608347919334068,0.204221421263043,0.522869295706021,0.990803679482642,0.986401237315929,9.69163503720471e-07,4.86613112302946,3.48093259311479,0.173767158755948,0.763138760363294,0.53317156918844,-0.166623006792535,0.594914441156743,0.373031429872789,0.0971864119255692,3.30006405131196,0.716647696622878,11.2726163772675,0.229836946637995,41,1.43763963399839,0.678997677612417,0.0833256091366472,0.99989936061901,0.785276837339445
0.618231604879098,0.102317041423295,0.863759649881646,0.992813281233045,0.981936888500703,6.61266538224376e-07,5.87924681498523,2.01385157870743,0.132974223765831,0.872301978023297,0.0604219649199182,-0.337278779926655,0.791119331522521,0.25852116195415,0.668757507473705,0.443630674841696,0.774042034451031,3.24056144615739,0.207012262004886,41,2.19574603867439,0.235940021275558,0.402695479866241,0.274201735786531,0.274201641663555
0.574570112782254,0.0839643140789032,1.09756231700708,0.993177450256674,0.996651435806235,6.76151998922725e-08,5.73688445364498,2.46917278914562,0.090494249382388,0.861046370853477,0.535357327773998,-0.146684105234494,0.747770101747793,0.378370389710414,0.0818660753639994,6.36976534901034,0.771791128610892,5.0027100279318,0.263660366303794,40,2.35182963062155,0.753922143629705,0.0955933997140914,0.999899832726255,0.763887595374666
0.970538665580944,0.489772486503981,0.35485986825764,0.72986648055369,0.306917347300275,0.00196978755842566,2.54404330475852,1.02091454265128,0.0633242538971487,0.345351703916041,-0.214041495696242,-0.464553021921648,0.194465839457633,0.42053595730155,0.820801083888875,0.738964770855747,0.206934262067693,-23.0955298815027,0.11730069172306,41,0.189624491787869,0.202498094773844,0.267206660678676,0.000100016050754056,0.000100000416879609
0.954689539621789,0.168106003435604,0.235222669466798,0.895924364185781,0.530451912312503,0.000355168481544172,-1.7180477709164,2.89206388374,0.118403383902186,0.513397067559779,-0.123033374868531,-0.377485175097688,0.34782096040233,0.2048812542514,0.694551717692035,0.387526611762897,0.468382600363408,-16.3403092962591,0.132085151953861,41,0.305690192445713,0.192390975146793,0.297265085439217,0.563921278146946,0.000100003643925379
0.716483763037575,0.153982311784437,1.00911131807471,0.985596347614848,0.885979540334503,5.09635098255286e-05,5.19502086799043,0.196204928376361,0.396187708511391,0.886967480551219,0.237499743012454,-0.177683815782554,0.895756551758807,0.225356222454664,0.377221879168841,0.798948778148413,0.657527499453608,-4.80375202938627,0.0651795951221385,41,2.19114450703218,0.172572830261021,0.207953518664946,0.999899973582869,0.000100013220355796
0.68527039167777,0.096057168561329,1.0679962994497,0.988052623022213,0.909627042485133,2.39398823867857e-05,5.35159188413168,-0.0523366433643244,0.460155085032289,0.910259088292884,0.297337571286475,-0.200481023241232,0.902746256200463,0.163247554260693,0.322072594364275,0.380618073344477,0.678993894975577,-4.29223352821518,0.0647778113108177,41,2.48841045653404,0.164252403269632,0.127839977150207,0.999899996430178,0.000100009277272192
0.698089181757608,0.0022845493714426,0.661660901905925,0.987923562218237,0.945542749013033,6.440143947004e-06,5.56641806866527,1.24047290511742,0.375022869946983,0.794840138370311,0.254809166603574,-0.204940357809919,0.664871758572102,0.198827269592483,0.453326796923705,0.763914579050184,0.487086690801198,2.69708637020875,0.117772073905834,35,1.68166870041028,0.15915610488816,0.294064757851892,0.999899981083592,0.000100732375843715
0.717819597511395,0.311927503793619,1.01902558508308,0.98133821814016,0.926069810362439,4.22814378520689e-05,3.7603631107346,-0.905688946943731,0.534190161534593,0.900266084695865,0.4666520866759,-0.143040631953454,0.976405095353834,0.313560435533414,0.188236565906299,0.925940385887243,0.679138618886112,-3.40749054214416,0.0877929316798206,25,1.88209448368036,0.299648968722091,0.0983095094965,0.999899989962963,0.591327173566065
0.719795041378831,0.363024714716712,1.02993926268078,0.980850594762764,0.921636872093262,4.84814116497468e-05,3.69044665143655,-0.886115012418137,0.543379078503061,0.899987514000606,0.488805538592498,-0.0892131182486609,0.993204112477845,0.351506422716664,0.205665406077318,0.908307709597206,0.683528767691823,-3.49297370851551,0.0881176451427573,25,1.86166036944556,0.317976639723802,0.11121112874145,0.99989998624634,0.678359594963831
0.860228899629389,0,0,0.918210830385813,0.673985933243664,0.000520380236239692,1.56137825614429,-1.91703776478006,0.287134914658386,0.710360936094371,0.206525944840935,-0.153412436348998,0.767627501623403,0.257404406793161,0.356610177204465,1.0540323471635,0.619950446686751,-5.63955893722067,0.113121167765763,18,0.643574025321705,0.149317793746876,0.236970501117518,0.999899967406506,0.000100019362802694
0.712713865781017,0.0963795038830864,1.04107866359279,0.985503014260491,0.88198564236835,3.58145573093866e-05,5.37376214929264,-0.2134760090844,0.368762392333786,0.884609337380195,0.143908373584979,-0.264531595247814,0.835359056369347,0.124032154989326,0.403600050218882,0.590939930430057,0.609229026694528,-4.61224194011797,0.0573276308979392,41,2.31457964987782,0.102061307020555,0.200892672829601,0.999899995503234,0.000100036823088639
0.631744378593382,0.00415649259572346,0.171281393901097,0.990812912011601,0.999673880049073,1.95562888504665e-10,4.98972456147715,1.73818901364282,0.620982659415576,0.881230493389897,0.906782226239129,-0.0790457305628706,0.788081387442744,0.850328987745852,0.126054269187471,11.0702253703225,0.848202776462626,2.47508418286509,0.270029932867321,29,2.24095100062525,2.54135756755827,0.125049000233753,0.999899994447162,0.893434255617528
0.632881070644307,0.0034931406169366,0.157523055691289,0.990757718667629,0.99962400563166,2.16116434449358e-10,4.96659896402978,1.80581860391184,0.618788801777362,0.880142313299185,0.917927920390864,-0.0707037158989439,0.786761521314836,0.940991778885555,0.164554478235215,14.9378018490094,0.85042011831976,2.55372128779727,0.268493293994935,29,2.20753926417253,2.54848796950207,0.161420943981984,0.99988432245992,0.999874301657722
0.630912980990564,0.0047728979368554,0.194729732446688,0.990861086073344,0.999753180568824,4.08443255782704e-10,5.01599379108928,1.66453472668886,0.244538080729259,0.881562531943656,0.852471439586509,-0.0721540170440109,0.787485170807524,0.813115721345898,0.447621235849468,8.42301559117215,0.831307462153464,2.48953475392354,0.273881728119041,29,2.29501168534503,2.2942095528676,0.507755540173613,0.999899976668359,0.997177214779464
0.722089045280445,0,0,0.981046623029477,0.997885894763164,1.79288404787643e-08,3.91787860411082,1.14102906539839,0.162292417271444,0.827601539874222,0.591097568689596,-0.678722580693418,0.722163289758774,0.499435458592406,0.885399313116904,3.93301058357914,0.750587962984045,2.01188648203057,0.190480234739512,18,1.48042945181795,1.00641260005474,0.789537842870001,0.660518462962488,0.55950114047423
0.803803716293169,0,0,0.968999800181799,0.953480746118274,6.46216879042083e-05,3.28562168374365,0.326004037107343,0.403496559955017,0.81600921673132,0.233454935342297,-0.217400937543606,0.764718523984534,0.194706281417688,0.328903682110936,11.6063393310677,0.525556774505282,0.0252938000685011,0.0906163437944643,14,1.2317202274547,0.202624082200478,0.133358445895727,0.000380095094943513,0.000238416252336085
0.845724389922819,0.0481648662577371,0.31588515560089,0.957141223458589,0.795692041223687,0.000135629643622713,4.33210236047454,0.714788355237254,-0.0835160181006779,0.640874004938774,-0.393008502799106,-0.532111794232906,0.630204224952534,0.509647682096507,0.766367493821823,0.550757854875327,0.121590098735193,-2.965147911331,0.14669014840362,26,1.12149226819069,0.438774124789108,0.618712519654601,0.211699183765154,0.000100003780748982
0.859828038746333,0.28124170857708,0.131219719802064,0.868553108620272,0.427641724364603,0.000830628133935226,-0.158541694383453,-2.33630075407405,0.248714581339557,0.561739155166675,-0.0234415953277099,-0.325628896582641,0.464449485111309,0.186169266805237,0.210181703738885,0.158916950034196,0.553547010146377,-12.1249763498581,0.113520584937256,26,0.533923889114108,0.139986793374942,0.162736380348465,0.992409130925997,0.000207450259224157
0.873283431161405,0.00994120721540411,0.0817440409038617,0.879421300684904,0.554354305975501,0.00141844833212834,-1.61290211710825,-2.18219514330224,0.0818557014785462,0.473951351868542,-0.143189840249922,-0.375792874309996,0.350171224057866,0.277771751017877,0.74323828794665,9.96006587844404,0.429928259821869,-9.31713267552473,0.172165502151075,26,0.331375836189022,0.217642049979074,0.32452048060493,0.461411586426942,0.000100000363815884
0.727321943454506,0.255715098546896,0.893916647180841,0.979409963048505,0.919635722179708,2.9097931278753e-05,4.20278477286271,-0.450836417490368,0.0306239191656905,0.871925811207992,-0.000915743371923786,-0.307070831538003,0.877620750295339,0.357315745445059,0.52419075469168,4.35241799095124,0.50139826631536,-2.72984466440748,0.11140068432681,26,2.23543935363906,0.262930115095383,0.389494452769589,0.999898700417309,0.000100000964089768
0.727843272594441,0.147045101300552,0.572047536853762,0.98410093524363,0.945125211556379,1.11762366137506e-05,4.61987121940478,0.49151191528727,0.0382219232956935,0.861842817897402,-0.233975826809045,-0.519319860409931,0.787296958123505,0.1603957220317,0.648186246691049,5.97537669993682,0.512099902450144,-0.936103161601202,0.116801244906139,26,2.18065360728275,0.169168778267272,0.502139006592639,0.672368460285494,0.000100008871965895
0.726549372443403,0.156298363740905,0.340567591130961,0.983780030420828,0.944416868956306,1.50039176319474e-05,4.50464675878159,1.05446367169763,-0.044365372045128,0.872240801259819,-0.214576350502714,-0.526611663296182,0.774181352127553,0.156286089976879,0.692370525103358,6.23966697187662,0.599998476365938,-1.00199826450624,0.173651938617526,26,2.18176947098963,0.131232919516348,0.461143725862337,0.656572272068006,0.00192506701845185
0.869722994534037,0.039357852700526,0.149911565168046,0.939115931288164,0.534868119561816,0.00106795241092427,2.63331821407434,0.916512478914561,0.455800993889883,0.641245768487113,0.249618252646372,-0.0510036867393864,0.69031292953627,0.490644067562825,0.424525220819667,2.60028996122777,0.560894043024073,-8.43490504455428,0.0805831791371998,26,0.526342310898091,0.397876159519732,0.233046464603357,0.99989998971537,0.000107369585453971
0.793291628213727,0.00270135734345644,0.973022410226719,0.970868296853108,0.894123764493459,6.87504038672671e-05,4.2531111800067,0.0266563706496184,-0.0515190469028314,0.745069664147229,-0.3836517741424,-0.66961917121604,0.668932598893991,0.366042619665527,0.75379362033611,2.14512969637669,0.184723293087406,-0.889633978700023,0.0689651016399767,22,1.42846033991783,0.363781441235335,0.705041361854305,0.00422603842154001,0.000100001007323083
0.931273129598994,0.0344721906352522,0.335336973838489,0.83670214550809,0.511590902947769,0.00119124703946988,0.90769278597926,0.764408403052166,0.302302477620504,0.504285806821448,0.0266267680898218,-0.380460777317858,0.440569088387909,0.243048627275612,0.557816323628297,0.884391130612196,0.516320707637787,-10.0977823021211,0.082055592516093,22,0.583425072412601,0.175012492130865,0.292347204342133,0.992568431765215,0.000100004002539114
0.855366339498217,0.00479288292881144,0.871758349935946,0.930883346863067,0.711493632256158,0.000491374693207141,3.2120044966843,-0.493689349897561,0.0875328908004626,0.687187640313485,-0.125770571379264,-0.383330624012671,0.546111715141278,0.330997966126997,0.476806742916397,0.341459224277798,0.22577081139038,-5.60522917887101,0.0731618500521726,22,0.768368990823434,0.303386738522019,0.432665721713724,0.000100198360781739,0.000100195339290713
0.627984440099997,0.0416772132142764,1.14445470234129,0.992056546259607,0.962621657358106,3.65517534793983e-06,5.66474835707244,0.693663071663972,0.461955872127766,0.94324734197202,0.339941046220486,-0.170750726566659,0.970039315696773,0.248947573950473,0.301417937695129,1.29823578624123,0.735218685189628,-2.1294213177207,0.117174337168576,41,3.05653846146378,0.226538459943028,0.21362518859024,0.999899997594416,0.000100026952562304
0.623632709147365,0.0359742199659594,1.15309928894508,0.992236481386594,0.965602025811545,3.19377157703321e-06,5.69481382365525,0.632034771891864,0.435858419561025,0.943604374428229,0.310825382760786,-0.179746141561164,0.96750039872062,0.263606018269228,0.339956557060155,1.31065435795041,0.729587204213758,-2.02136515454432,0.114096864012438,41,3.09347373130047,0.224394351565122,0.307750355707931,0.999899946096138,0.000100002078043631
0.625535908873938,0.03891967673388,1.1496543261379,0.992134512699627,0.9641915771635,3.40149580626555e-06,5.68376722021016,0.662003568398853,0.444412873208173,0.943322615037324,0.314856715649544,-0.188825167017404,0.968823809156146,0.243912882914062,0.322486692563781,1.3654994838441,0.728240955810686,-2.07398936580129,0.115497782391772,41,3.07253794535165,0.208423653032803,0.262673908397893,0.999899992329034,0.000100024402888761
0.634275452570727,0.0471365601399656,1.13293167873657,0.991769215754378,0.957906279362579,4.59833773468219e-06,5.6329649617905,0.721782976539046,0.465292493309858,0.941007003538894,0.347177414311571,-0.157313232022283,0.960424352694673,0.231196393806001,0.274299469265248,1.24867622530497,0.734942420347522,-2.23105338700434,0.118659830105509,41,3.01452302136546,0.225337113933995,0.142084215975978,0.999899955822108,0.000100001783359723
0.620293739284747,0.00553078343595158,0.679651250294405,0.99140463333537,0.979452692983274,1.08915283288662e-06,5.65920151066547,1.59161977456361,0.497287962151154,0.869365201262267,0.502260314054423,-0.0394476240368476,0.789852358272525,0.434739912586397,0.268833307689755,0.00503258495379193,0.719315988961049,2.25224948443908,0.176683022841864,36,2.19088130390877,0.347812661955651,0.223482345600097,0.999899996371365,0.84534469519922
0.658079881729939,0.089527579263357,1.06512708741236,0.99020940177369,0.938574227683186,1.02335790854001e-05,5.50879578635894,0.897606095972864,0.407899914932416,0.920276921187293,0.261930890888919,-0.1458238336367,0.904539416939311,0.318719513778223,0.449141940687143,1.18263545601248,0.702670648883344,-2.61265124392442,0.118575376946377,41,2.70865846224378,0.243360196108393,0.308836955496179,0.999899435138353,0.000100000050028377
0.661993095769022,0.0977277471292337,1.05534881901802,0.990116243424691,0.93825662320124,9.79291864416695e-06,5.50453622998561,0.877437799689349,0.418352798812399,0.918704066503348,0.269468530790639,-0.163686204345638,0.903558371733394,0.273576077189408,0.402814867300185,1.22697609997626,0.706885478590559,-2.69947741145927,0.113665947412125,41,2.6357041123243,0.235192267315014,0.249061150399251,0.999899982805264,0.000100015275189634
0.624482149036916,0.0427927490043494,1.14814701579638,0.99192442146758,0.967296160513938,3.10062289582506e-06,5.62368772070574,0.883814411001594,0.315607905254251,0.937399511044803,0.21143935118299,-0.205436662871364,0.971550621841569,0.315934260602149,0.427379673423127,1.92201430797284,0.740790785335257,-1.95939660906559,0.13056548419667,41,3.00233557331272,0.239524945704444,0.560789006659273,0.999887137527431,0.000100013482272477
0.737728685972337,0.0511734441458312,0.842384238339302,0.982643918986853,0.877236404571439,1.53430425594775e-05,-1.73353487368713,3.30057264043905,0.196106228451248,0.85176403762074,0.0372046517198189,-0.424253396616344,0.905668148902924,0.128815135587634,0.68170347806067,0.473177064212563,0.856284302095814,-5.10300469403595,0.206982801987533,41,1.80660336488167,0.140724012788992,0.30874004859208,0.940037998092729,0.000100006353788526
0.736808610932945,0.0752602403920349,0.828883483379008,0.983575491461006,0.889272308972066,1.36165070290148e-05,-2.36279421390577,3.05083363188097,0.207034404776428,0.852508199515829,0.0773868448247615,-0.395323218374697,0.905488921336787,0.155291032590892,0.673036257129751,0.488516301534811,0.854504081588236,-4.78069908311435,0.1990088741129,41,1.73610492996949,0.161779725905374,0.330359128665535,0.952669312743373,0.000100011635515142
0.652994345538951,0.0742594963143041,0.998752276530292,0.989137354088802,0.941274512199082,9.09583264520922e-06,4.17884031640763,1.96325970131576,0.305935236445964,0.9332848440847,0.217237282027342,-0.350172374054473,0.920301160464076,0.077380835395491,0.343595959546013,0.298760546389956,0.866656704428125,-3.45637979387414,0.184102107834163,41,3.00766108222863,0.0637687620620591,0.20175099098922,0.999899952053757,0.000100053880574085
0.94246377236178,0.447849717827982,0.252181271701223,0.841924562057143,0.501468496023638,0.00144725903593858,0.935099198914388,-2.32064268412316,0.166554559241199,0.499331135819919,-0.0347081298685111,-0.246391930167469,0.588556305593444,0.377253610421105,0.706923754652966,0.77662298871658,0.482572234775356,-9.04341225243782,0.14865786361065,21,0.335819790535891,0.535539771194996,0.697776486594667,0.618707500009555,0.000100235733280653
0.753004265496056,0.238738390608472,0.905249330898335,0.97896310753768,0.855250656961906,5.15101932235414e-05,4.39660535788746,-0.0157149697709587,0.209109655490554,0.847762483244834,-0.114023069308966,-0.603088877423507,0.753626924168402,0.0745002311190429,0.608467567303436,0.341262927800734,0.622529199703487,-6.1305702463737,0.0784302879501408,40,2.01425914074297,0.0686632711645101,0.441166441864784,0.899980060912087,0.000103629089264826
0.654895748916374,0.0865259868053865,0.983162401387206,0.989871218110193,0.953203017050224,1.05689736162895e-05,5.1397896510634,-0.674449470531849,0.153275687401666,0.925178542508442,-0.0872796542386917,-0.601201167987104,0.877618834493833,0.0450638038794343,0.595005127124799,1.6691948573148,0.759035940638273,-3.09445819674611,0.104642168286223,40,3.05137280697899,0.0418105538362653,0.393747919489156,0.936211307245178,0.000100005434376611
0.849031081260804,0,0,0.946310642837791,0.777942021807621,0.000457814566190772,2.91051528927542,-0.42045456268111,0.348973808825991,0.751553299387353,0.210188059426356,-0.173215104750093,0.941642548403396,0.587513684174556,0.470454616411268,1.86577894755903,0.366895370341698,-2.81621845578649,0.0755747116132817,14,0.710348133508382,0.618425523885981,0.29674597215521,0.000100004741311297,0.00010000108356545
0.943179043290222,0,0,0.746482451098126,0.389889309870033,0.0101383164363159,0.232927624935799,-1.32609714167169,0.299541378870604,0.494388068023418,0.143423824993092,-0.112713285132338,0.567995379439743,0.350813326684259,0.522779237451035,2.64219006647263,0.499935095076348,-6.76334569118124,0.108552049768568,14,0.492420756204995,0.377247728148975,0.409540293675071,0.999899997809045,0.000100009672507351
0.766396988076598,0.0880498220309343,1.60659511019259,0.970925283404952,0.844933667162334,9.91194540902132e-05,3.4763694369058,-1.56998268302949,0.338063850718244,0.813025345498973,0.146014641526074,-0.304102245760736,0.764730212310062,0.39035309775606,0.70930430273622,0.315563426261206,0.565963663465859,-4.64251770552681,0.109746935517956,24,1.38263811065644,0.254118496889199,0.471755538954044,0.999899969295956,0.000100000580001467
0.855364968483283,0,0,0.96063631664538,0.87140757539014,0.000191763101456809,3.8352883859247,-0.16594276482879,-0.215379034639578,0.688572051132781,-0.461920395202188,-0.588217709800657,0.599978837070191,0.598398424604166,0.875628745872877,3.87633886595456,-0.079000960140567,-1.99859193371609,0.0829991491055933,19,0.973061811484264,0.325658030288083,0.450272328440771,0.00010000994674612,0.000100008739294621
0.822499037673675,0,0,0.945399077963151,0.750674360232025,0.000428226362177277,1.26600674248661,0.950544754087376,0.519571919011603,0.804670574352955,0.386998374937437,-0.249452886914313,1.06648743542816,0.367434437832451,0.322897755355497,0.303845654167438,0.754564577129689,-5.17296826662749,0.103434918848169,18,1.06718334830602,0.480006860429738,0.276099926573698,0.99989999800983,0.000100019441553245
0.808829918287879,0,0,0.965879960763266,0.859870587317897,0.000192600423798316,2.71146165547406,0.503624613620323,0.432214411711372,0.853613284448882,0.303038292469248,-0.321255701719585,1.02327381356406,0.347331139500019,0.313669283914276,2.36016810203293,0.740615525606989,-3.06453376340253,0.100426393911564,19,1.3796751033302,0.316440425584286,0.445504179111319,0.999899950306827,0.00010002914398452
0.811330121372166,0.936963307741107,0.380206711921968,0.959650647406455,0.798085286524149,0.000180306806026118,-2.14335412125281,-1.37500956731134,0.474129086298579,0.827105468657928,0.280879213372751,-0.339699418379867,0.856323572948801,0.183522721432882,0.254788892317235,2.59020314870746,0.753869093227003,-4.78416756450899,0.123770671172311,21,1.09745211070095,0.258482867232097,0.14464785769041,0.999899993933308,0.000409349954108218
0.796879179708609,0,0,0.969433466472672,0.907910540941748,8.40925308617061e-05,-3.51328379989131,1.37528885713031,0.420480022727576,0.748055680357416,0.276085446637852,-0.183249652479118,0.680264185629099,0.247133208968506,0.321164811502714,0.579241542704123,0.747156923240686,-3.57293255679477,0.139544595720942,19,0.812623205054721,0.183426443229022,0.27151789538315,0.999899999094207,0.000100110207135294
0.837592297889288,0,0,0.958750722637831,0.917822872065831,3.28656297245689e-05,3.48312792039239,1.19943309540877,0.186888607133634,0.669641555241018,0.0396578477169062,-0.467586605984306,0.532248432078789,0.229532329660169,0.566080278278702,1.34415712068557,0.532062978763573,1.20256143841174,0.139142509048705,15,0.664760645514377,0.199315847507389,0.439183450633788,0.999899894542388,0.000100011857717489
0.788415102721914,0,0,0.973357005786115,0.952394228658105,3.34051989105307e-05,3.46784049419244,1.41039985689387,0.0626879018107992,0.807492273043434,0.0223298999277653,-0.346280770437022,0.774814133159108,0.155175221777254,0.380378659286187,4.65385506872699,0.638468668363107,1.19569613232258,0.172047090299572,17,1.15568553460148,0.143281820879259,0.370590378134238,0.99989935189367,0.00015236061583303
0.789357274562398,0.0106441180952812,0.952669120598749,0.965501365825524,0.799847239908914,0.000215977512712719,3.41542687046685,-0.399511838156832,0.397146136093199,0.787334990041697,0.112804499537622,-0.155657372070786,0.873905242990726,0.301316944994526,0.227569106503955,1.39425945802291,0.508312295717084,-3.39306669391561,0.0595703244383925,20,0.850036569628174,0.308034249446312,0.188470710785831,0.999899980455815,0.00133442322316539
0.825164931157213,0,0,0.962055929099495,0.859744233532873,0.000196392837290936,-2.88606855598396,1.69642888271959,0.38306142478617,0.717946775207246,0.152798852305721,-0.335091884284973,0.651541232702305,0.0469023366941601,0.260997104644583,0.981912991781712,0.692776094348343,-4.0924054850571,0.129657119632745,18,0.690718162165716,0.0452806193535831,0.153728022569281,0.999899885672878,0.000100006361668011
0.790105310444216,0,0,0.961930354864457,0.847923980353473,0.00022542001091371,2.74768448397088,-0.604478469323461,0.548470575694495,0.830330281560532,0.425881100094491,-0.0639294289367491,0.918507878005413,0.415826682958474,0.280795896909807,1.91746119202272,0.603129684109451,-3.57982097357526,0.0754913339640741,17,1.08737863477903,0.506949675669955,0.145425764834655,0.999899993810337,0.747638815886698
0.807229595691491,0,0,0.965865187845643,0.849877387272503,0.000156678769998624,3.35890870788433,0.90956703375744,0.210710700812166,0.816136619938708,0.0976933592074599,-0.121713197310646,0.937638853689419,0.201345147351431,0.0674991416072611,6.47596710365262,0.529436587604204,-2.2330291580775,0.113517318397655,18,0.960490235192019,0.168184200668893,0.0727903353919909,0.999899889558732,0.000100005265002264
0.569769353409026,0.00203796458029365,1.22307123210426,0.994769319818315,0.999888340055975,1.36838127888212e-11,6.152495496852,0.83238741167909,0.650156973118459,0.93431051425707,0.868622195300406,-0.193835460421942,0.883890020939529,0.764663213868101,0.0826282566866172,12.4383284795353,0.90711880333648,0.747763233563163,0.266753466853986,40,3.21492474757537,2.34091304481879,0.0862983267684505,0.999899495145364,0.772869438921648
0.570233190973359,0.0023273757680098,1.22311416740473,0.99477107060612,0.99982962848544,3.74603829399845e-11,6.14314366225735,0.858030741225125,0.5570145570945,0.935072498957982,0.805313598641368,-0.199892379530775,0.886652369262735,0.666796822169509,0.125979957435351,9.45645770570432,0.902634271839397,0.766997490281937,0.265066190546138,40,3.22678201421298,1.87219905661919,0.0923373857980235,0.999899974106247,0.716526658727785
0.577564390183835,0.000842805873629548,1.13679738549384,0.994665993164236,0.997544377282753,1.0170935422994e-08,6.25507535341273,0.986820483159325,0.332063196824264,0.924666455266928,0.225965879358619,-0.295353404492079,0.857984384879434,0.105263449112894,0.40416099482404,0.108967287346352,0.844547836456042,1.06226131005589,0.275243998475327,41,3.11091299828401,0.0837640274990663,0.183355136950752,0.999899988728703,0.106902897975835
0.82058933417092,0.086653212967523,0.647215230153226,0.961060936147113,0.712857998587439,7.90260139115146e-05,3.8838607729468,1.02417768642377,0.240423103366521,0.743356159706513,-0.0439049225585862,-0.390896886560406,0.612445363967549,0.116024522605617,0.565012411049542,0.109385176931482,0.546385583292476,-9.48110416031883,0.0943393218381384,41,1.22417995873219,0.102389340314818,0.207160284549744,0.887904344910904,0.000100019469900925
0.832767253046458,0.0502915294929446,0.487588290005617,0.953264957761185,0.663861966883807,0.000122580265181516,2.81257107387265,2.15901200618055,0.240782296998983,0.711760412925565,-0.0284176549026424,-0.343576467546357,0.531951223986708,0.117068175521736,0.374824197271537,0.0224818422650367,0.615983180913607,-10.9056400950816,0.13799825515919,40,0.963062510282502,0.10707592791786,0.164891222014466,0.873456150142386,0.000100012777974289
0.829810315797647,0.149286949334035,0.563245967741935,0.952208260467689,0.690858880843084,9.87502786772024e-05,3.68319856597111,0.666171573946245,0.193363897625958,0.707661290322581,-0.0706514492523572,-0.390883543355472,0.532129429887369,0.115432410434439,0.408256870584988,0.612302931957245,0.495335413719601,-10.9383576953411,0.0787455829615496,40,1.14488926139199,0.0979961692170971,0.186385686185451,0.743421544934508,0.000135178248993618
0.774432307286335,0.0184372817693175,0.889333466810989,0.974815978936419,0.793790522225414,3.64610532046729e-05,4.78999869194565,-0.403324347068727,0.251272715161226,0.792136678071626,-0.0556456397840605,-0.385338306592171,0.637387607355491,0.116423122523294,0.367140983333939,0.314400008977956,0.480501557486587,-7.13687038331249,0.053262552328887,40,1.7155151959433,0.0974632298708668,0.18969873050141,0.830738837296125,0.000100006318094666
0.871852132079399,0.0980463155416961,0.855456097901657,0.947901892312917,0.654767625090945,0.000224571393070084,2.98910963907702,1.31385388770046,0.300981745307601,0.730308866135567,0.0188123470732166,-0.347368200758985,0.595420663780126,0.120740454413173,0.427212499573641,0.0323412790618214,0.562903669044622,-8.95330196770808,0.103576227374887,34,0.909272260733911,0.0995642842188717,0.235243196375626,0.999899824881695,0.000100203317006192
0.864306612476905,0,0,0.924620041805443,0.706928506215516,0.000593303496399815,1.90721872079491,-1.51840609979681,0.358377947857437,0.69051129028729,0.176674561970157,-0.255583443155323,0.662076246561815,0.271011969879998,0.383428620224524,0.290153485320745,0.508554110699459,-4.93863488815626,0.105300319474403,16,0.564970505020437,0.234697447174927,0.258672705448562,0.96252310141017,0.000100011686662465
0.977066235529442,0,0,0.714541712820882,0.433779949591487,0.00199441027032475,0.912343988897463,-1.3350611191147,0.278919356098963,0.404076196626039,0.0622652424798418,-0.358888937614085,0.431026958656521,0.1910596490377,0.436742143055679,0.298760701035341,0.356924742672388,-8.40170654459711,0.0841113176472349,15,0.387958221317838,0.154574279605078,0.219214279830723,0.00659144610277679,0.000100000165102813
0.789354948943971,0.164798283341689,0.786314955232832,0.968072216634408,0.85906294745678,6.45774891828191e-05,3.37207716375152,-1.47713634316887,0.334638455257662,0.778923017606991,0.164724133313457,-0.277343507661766,0.765666963793193,0.155920105636692,0.451633824728398,0.398321655095822,0.525871923318019,-4.07717269750021,0.131582012502869,20,1.03532538869658,0.188769732444783,0.221482326713463,0.999899977658368,0.0860079479643514
0.869025464223253,0.0474340068493019,0.360302515031285,0.919355415994655,0.580962617192499,0.000180446644070519,2.51413459000476,1.50806609310571,0.185427631365609,0.624444314784561,-0.0891147127711646,-0.377844607804317,0.409472527172691,0.137643720542018,0.389342429994856,0.0480139422202827,0.515389891434292,-14.5023128762821,0.104117952856011,40,0.65640325233696,0.111274590758209,0.175768566732625,0.675318464027531,0.000100002114448652
0.849199152270719,0.0691822651635021,0.274877626249706,0.937447785886058,0.573120282986833,0.000258095660541615,1.68242054178636,1.19932427526231,0.293901688369068,0.657565696661899,0.0459851110524992,-0.276174015682542,0.475188681944109,0.141607329833855,0.340198168776908,0.0313591846760272,0.607945829678268,-13.8604451686494,0.0886080205819098,40,0.578860067648591,0.165163253648181,0.187313930218386,0.99989929484204,0.000100007747034269
0.920006603079674,0.0759709538346851,0.277030842055884,0.842885491855228,0.456449311998045,0.000455751453533992,2.08658686949911,1.28081641096723,0.109511910954635,0.491136285022484,-0.216348731817456,-0.476176256738457,0.246211148301867,0.171704392540151,0.523584289247883,0.403457919915452,0.393012045131433,-19.9282901662854,0.0936910256414587,40,0.339571643902679,0.101181453899147,0.250215873851509,0.400849947666721,0.000100001229415146
0.798846434641141,0.0489407844693711,0.738080462532336,0.970234709978246,0.781621543420413,4.25820810134756e-05,4.01803906577181,1.60025201399484,0.178118305777523,0.772669314824501,-0.0824883926435197,-0.445257580211026,0.625916008252168,0.117630239543572,0.536411228475259,0.262094314596763,0.581425047715577,-7.78092432522848,0.139936129375264,40,1.46066265888847,0.0870871394433455,0.247040162401285,0.76019576871405,0.000100001155582253
0.579258957845005,0.000412521208205136,1.14582948311629,0.994608565241848,0.995759384683009,1.97683265002436e-08,6.27137022530088,0.875071511437383,0.411073790114183,0.926372983535889,0.248938313581265,-0.21460811479733,0.863598112861431,0.14241837860068,0.380133959731243,0.13110123956329,0.816398969506459,0.892749009853884,0.246658459629163,41,3.12113494557022,0.130305373448889,0.152280140823138,0.999899991676784,0.069707559284486
0.583190078432478,0.000972268791141234,1.12581887356087,0.994437207384935,0.993838510878586,4.76125759478038e-08,6.26498984339421,1.09572150163175,0.377674104867627,0.920927048611789,0.185699869483173,-0.266015903288906,0.854927407576218,0.105598801901034,0.426715795439405,0.0307314344475069,0.805701970439683,1.17356764037685,0.261968271351364,41,3.02696695461215,0.0965758415986089,0.167171692889942,0.996644822448641,0.000100010733292819
0.579258957845005,0.000412521208205136,1.14582948311629,0.994608565241848,0.995759384683009,1.97683265002436e-08,6.27137022530088,0.875071511437383,0.411073790114183,0.926372983535889,0.248938313581265,-0.21460811479733,0.863598112861431,0.14241837860068,0.380133959731243,0.13110123956329,0.816398969506459,0.892749009853884,0.246658459629163,41,3.12113494557022,0.130305373448889,0.152280140823138,0.999899991676784,0.069707559284486
0.583190078432478,0.000972268791141234,1.12581887356087,0.994437207384935,0.993838510878586,4.76125759478038e-08,6.26498984339421,1.09572150163175,0.377674104867627,0.920927048611789,0.185699869483173,-0.266015903288906,0.854927407576218,0.105598801901034,0.426715795439405,0.0307314344475069,0.805701970439683,1.17356764037685,0.261968271351364,41,3.02696695461215,0.0965758415986089,0.167171692889942,0.996644822448641,0.000100010733292819
0.576430009049772,0.00350551241648312,1.09791040505085,0.994563225995667,0.998153998979511,6.59697241951060e-09,6.1746185344972,1.45584466536858,0.447106113664864,0.918499616930638,0.536630284568051,-0.0872388687663169,0.846464138248611,0.395954580018133,0.35221330901361,0.0902541509142565,0.867895125965511,1.70020308604897,0.286913934748304,41,2.98841961620891,0.36528979425463,0.1895825430078,0.999894875738123,0.214219179210459
0.672371997577568,0.0523114430546059,0.952492075340035,0.988145156765697,0.944685316330488,1.03318038011325e-05,0.196308808645641,4.25551960816232,0.351925901025007,0.914292722920791,0.350092759383024,-0.296978816118316,1.10715767688333,0.230029771085585,0.376198511329367,0.444218449958576,0.908845874524414,-5.16789897696631,0.223879374487111,41,2.24608269203287,0.210766401838161,0.305127288953532,0.992544368720805,0.359429154110453
0.65812317828983,0.0403581752548811,0.996207273123532,0.991513863726344,0.967651618186977,1.28358378516678e-06,-5.48308558735554,0.793738400452437,-0.0566470685369628,0.869130885353895,-0.230705994767762,-0.54809715501282,0.833905353428758,0.159720013969291,0.682544573404944,0.317186580724202,0.814500601586131,-2.60441663220323,0.144091650038039,41,2.07634250277786,0.129285959732854,0.40118528837271,0.488858563061162,0.23164644990872
0.605477819826609,0.00505039358176278,1.21003065688105,0.9938162926701,0.984201919288853,2.95180002836002e-07,5.82792150693103,-1.78855065156808,0.397396170132617,0.939538889116776,0.269886643666831,-0.275609377861446,0.931729110157213,0.110094148282619,0.304750828973824,1.28059245831481,0.828477933640305,-2.01852934456407,0.217175378364301,41,3.14454168775876,0.0847956391543369,0.169867146131752,0.999899971295314,0.0848254947110503
0.610170087054301,0.00140713084968963,1.17117998636639,0.99359627689835,0.975831846760723,9.32897184412753e-07,6.19877457303267,0.448473275283202,0.296510485843876,0.930629240616242,0.0260400095483634,-0.316368931601126,0.877105748684236,0.207165187189974,0.598695060059685,1.09538197661725,0.637884758863786,0.0783977550419886,0.136340283972263,41,3.22206345954042,0.238866809214629,0.227576022096587,0.988754184082411,0.000100003542897969
0.80958032350551,0.498158371398539,0.390873010080959,0.971877392685331,0.792427504509277,4.79769997073243e-05,-0.0412676661488287,-2.61833520082787,0.0930606834906999,0.752591143015003,-0.126565791715093,-0.463676839824805,0.598901859584917,0.0893213184636071,0.629727829266871,0.219106122507579,0.750898769051555,-8.05582686655265,0.164289947151128,41,1.20347219455909,0.0803134544199741,0.312572407660661,0.789379503033067,0.000100005211303115
0.86579884386928,0.673329600891262,0.0806572701091121,0.958696700783436,0.664880625132287,0.000153179636879596,0.988293326635964,-1.8499462635522,0.307755966222992,0.674951532743136,-0.000352740272699865,-0.524527364937771,0.644799042307542,0.0554191307829153,0.43882320545727,1.05934928753924,0.678641934425159,-14.2093987430255,0.0648832716003572,41,0.847951455680751,0.0581369027058246,0.336874860852046,0.999899957282662,0.0590996763172888
0.609871761113745,0.0193051462164425,0.977464018652184,0.993160116029591,0.985598478257566,2.74151174940591e-07,6.0979052010098,0.226194397181748,0.500719330296194,0.881802306589943,0.482793482528465,-0.0561008120295362,0.790358242759605,0.334533400285923,0.271796886534734,0.830489188167575,0.786858462886268,1.03256116311596,0.0913715221374704,41,2.3088033701126,0.252705584631041,0.186244805790932,0.999899986127363,0.339974315904125
0.64432230064065,0.00268310797336136,0.848606495624995,0.988196807843602,0.997099625304998,3.57692090513504e-08,4.80919660954666,0.393983357090871,0.516412190163846,0.862109416692005,0.470905919952285,0.0490803752137612,0.750674915026665,0.41819064931914,0.3562915018653,0.369623461862614,0.676847904539013,0.646481379368219,0.168763067869114,24,2.01532004156519,0.405348229521323,0.236782165787223,0.99989999030484,0.150164431622998
0.575020810974317,0.00307564374824562,1.10003331095935,0.994564404610578,0.998405803273451,3.86796063695864e-09,6.25209967083745,1.06334558416824,0.616060806115575,0.914746190482949,0.688801664234889,0.215507143386771,0.838348864644002,0.830613098137281,0.355105901162315,0.26558327493331,0.835733461990635,1.41014273585655,0.276818745934467,41,2.93273156283023,0.55141191801282,0.390025576466236,0.999899975836389,0.999899957319938
0.650725338272217,0.00580462782630523,0.993482984205877,0.991517357848939,0.954857620239,3.09860206571151e-06,6.232402361813,0.462521173635403,0.405822329054001,0.860336331797541,0.244092374725277,-0.0959889276955775,0.798996676917845,0.335405320614708,0.432019942703356,0.102087389857339,0.550743868737096,-0.429948460855501,0.0707636772125283,41,2.19080333133053,0.328304291926378,0.225920086541312,0.991752234253409,0.000100002790969403
0.750001300982144,0.0126989026818484,0.943255890081172,0.982409685403733,0.84903611964629,2.43575160808338e-05,5.3166157027759,-1.69330845047805,0.262458594661911,0.843830030923759,-0.0461930431839049,-0.40072101715819,0.733568133282297,0.10842017383402,0.537410413681671,0.94029099835957,0.631774342683238,-4.5379705105057,0.146327916132336,41,2.01112455563,0.0875393791520163,0.198948336529662,0.882758141446887,0.000100000639507959
0.664632516005413,0.000346028302443797,1.05264947888097,0.98947571032385,0.926415856006377,4.94092102745832e-06,5.02310300095508,3.05829738956036,0.297503970076781,0.892351696575503,0.0578380706287683,-0.336344526481927,0.808158269577219,0.0768039844799823,0.508638439542823,0.201671307897569,0.767190595565693,-0.129383039268402,0.241834395002195,41,2.71513479854025,0.0950463516130932,0.193698350893819,0.99989998473224,0.0401233434904093
0.819336353959649,0,0,0.957493381958549,0.852900304146459,0.000243298105317125,-2.33999364684324,-2.15230135654681,0.333699291696669,0.779250296697792,0.33514720377689,0.0315085528410333,0.750300510456763,0.399836317360315,0.685644644090525,1.0335711177382,0.653178868784901,-1.94664262132626,0.152616143916119,17,0.959755366283128,0.336274908277806,0.714205972217931,0.997187785553265,0.00010003018395519
0.903327071833262,0,0,0.887139704121146,0.58431057656801,0.00115215331459086,1.32495907990502,-2.22878049161469,0.377892165114252,0.570349541838897,0.279925076358646,-0.0824993512623426,0.58794754912819,0.30758826534512,0.547955816389334,0.924240205334163,0.57001995755853,-7.4883973209106,0.115911223203788,17,0.606716483564797,0.39815311678152,0.323255409349174,0.986275942628492,0.000100015127017762
0.846971314224866,0,0,0.946408368356789,0.79808671525916,0.000451526645239318,-2.06393771280541,-2.1420133912577,0.314530655836048,0.737484262154621,0.2750646303617,-0.100978812214012,0.675211048803139,0.364489069239378,0.677612423641797,2.05280374894392,0.598736251800356,-3.33966390930503,0.147553288206396,17,0.76432048570394,0.397601349469952,0.650303524512223,0.999777832001812,0.000100009965723461
0.817274530659545,0,0,0.957859800957246,0.810159202239956,0.000273715608133341,-2.7220185693551,-1.1033145078457,0.460705227962006,0.802349245183864,0.400475602261901,0.0337550125162619,0.83739261056126,0.458845531039604,0.449001876325304,0.941966681844031,0.61755666312242,-2.37138700338552,0.0971845704050436,17,0.976521961798383,0.538305581882339,0.368168549232505,0.999228608043152,0.000100002180935915
0.80618940491617,0.0311572202615721,0.958741803683372,0.979373747302905,0.807152505515527,4.17464016624681e-05,4.87711017574159,2.61796809219085,0.33592579477892,0.756590479062531,0.10267410432992,-0.208553746276909,0.650659158451714,0.16648887008945,0.377272036601283,0.75738972924945,0.604475200521069,-1.65505795104602,0.185851735295256,40,1.21662792951307,0.195470090189942,0.200688941272186,0.999899927534502,0.000100350523146761
0.682406876042792,0.0082648115494486,1.0774641799136,0.988820469115798,0.927581372978693,1.55930685014363e-05,5.04609082325536,-3.01135739225284,0.102531783573646,0.875834791649009,-0.164963916932172,-0.48521000717194,0.774632928710574,0.0907337302028504,0.678485347040572,1.80507401896552,0.778696026235145,-3.36702175666632,0.254697027652527,41,2.48655473896334,0.0731381996250181,0.262463168600163,0.715622449407143,0.000100005307554901
0.58148925738829,0.00219950974421255,1.24356305220287,0.994589346240168,0.99514515505569,8.7872207843641e-08,6.06624697205069,-0.37449257904799,0.36787242402401,0.948582433250278,0.257272843061272,-0.295811593497412,0.925764845530698,0.0735827165662797,0.193037763355166,2.12804880843004,0.805370924044382,-0.62105585970401,0.148737934814275,40,3.44986113975473,0.0779924000453616,0.107648291117117,0.999899981647622,0.165173505543372
0.669962998955962,0.0296265390310854,0.264856365634256,0.989238798835284,0.980682218523721,6.96923455478702e-07,-1.83974638684399,-5.03505467373125,0.499250330041806,0.840977179210769,0.653042581867446,-0.192729940403218,0.75880256628491,0.475477746197971,0.124158781225658,1.64307079632095,0.856627520958002,2.1062404765879,0.22500069722713,35,1.57887556219652,1.03565781764979,0.112857710996915,0.999899889976795,0.581920868181501
0.616658010117201,0.0158181183343708,1.08011945970834,0.992090268673485,0.977297616442992,3.03677641403961e-06,-3.61613943863182,-4.20458217468984,0.160993540709223,0.939131480531423,0.160311392325011,-0.490161881654501,0.961671036178117,0.12415732910187,0.51927794061945,1.65752891696798,0.895108168010536,-0.967354636324087,0.262237858490892,40,3.15176485295191,0.186660222302254,0.247943298526952,0.900055241012271,0.196071198119501
0.776703678250184,0,0,0.967885698819838,0.979436571966631,7.12494146940044e-06,3.45626398605998,-0.552706244921344,-0.667423399546261,0.759952586546386,-0.608588256234193,-0.844554228620273,0.6817993145168,0.600756549305401,1.39171251753259,5.92265671160504,0.140574770460284,-1.40327474761234,0.163182593864045,14,1.09152619060195,0.571031013961548,1.01679126446225,0.297906915837578,0.29790690726278
0.891778844885704,0,0,0.926084714771165,0.7390227668415,0.000522329846074463,3.16963921768282,-0.542185283236485,0.104847219617643,0.631287528610292,-0.142878312913317,-0.465181251359086,0.497433264071133,0.185949973877993,0.578340671831614,0.206924457403794,0.11442676531072,-4.20415301540631,0.076197891948765,15,0.563211981911513,0.119954631321551,0.238519948825452,0.000238953937182134,0.000238949795356419
0.865465928377723,0,0,0.961492376215921,0.917795092039587,7.23168094735921e-05,3.55584163887023,0.50844826215991,0.0682461723563221,0.71117452218167,-0.236147341579225,-0.519191698555863,0.609585689638384,0.184412977383094,0.623996212037197,0.626822513929619,0.353109521325793,-0.0205651181390079,0.121091155543414,15,0.799637016014475,0.156018824969304,0.356262019287013,0.581288133779684,0.000100000100979931
0.803939380451725,0,0,0.97480534843116,0.992420279393905,5.15166947813419e-07,3.70137222188453,-0.172351503302218,0.108569219418957,0.789931264843951,0.0316140915313822,-0.110326419113848,0.685965657038829,0.569934102237335,0.930196681507609,0.283570854798661,0.337502579737239,-0.399775584793976,0.14167769010134,15,1.20709726750344,0.921850005182588,0.862749413996065,0.000100001704699976,0.000100000388254635
0.918692149086383,0,0,0.931901860854137,0.791116101900237,0.000282081673518916,3.07349744380196,-0.846696487888808,0.0235750266138607,0.629255985939892,-0.227834606353405,-0.457086780111816,0.443233162749677,0.281730460840319,0.610200374197573,2.74653916628638,0.148711493052041,-3.92748884364445,0.112219887743263,15,0.621522877656783,0.111113336977276,0.247351965332522,0.000100017877099833,0.000100000904664402
0.816907104807871,0,0,0.971573349889764,0.956557098244758,1.92966172886063e-05,3.59749319440736,-0.469642781367011,0.251110445252542,0.795122596448038,0.173843571942375,-0.0453416736234821,0.711293363440091,0.576573332859859,0.647426278370974,1.8852151034566,0.530971728895953,-0.731011641954325,0.126303153076308,15,1.18930242871908,0.523198444148135,0.404901758846194,0.958023398626187,0.000100001741089974
0.804909631731736,0,0,0.975236868341719,0.992254885613203,4.49088093166923e-07,3.68325417296074,-0.312596743668822,0.171767832870369,0.802718215964351,0.0400633877512963,-0.35767203795001,0.724899334408793,0.320294531709689,0.764201854060715,0.575530591002311,0.52824826307103,-0.773894590837373,0.153455230840955,15,1.27884699021663,0.332673209750966,0.517286315765369,0.99577006323334,0.000100005752225068
0.802610475468625,0,0,0.975674348262554,0.995739308780672,1.90834042161523e-07,3.71499748751044,-0.18729457824394,0.208061903353213,0.805501335625102,-0.0889008975652234,-0.546024498368858,0.702723358790555,0.18550947690447,0.430011970952584,2.55568172960447,0.542832353160831,-0.251798928215485,0.123217352091087,15,1.22498473647794,0.152102238636547,0.394785015598708,0.928004532105712,0.000100002942035402
0.810450428158577,0,0,0.974657224063527,0.980670472317868,2.37796769817358e-06,3.62317843133873,0.0666849399944236,0.264745080835597,0.812374311508311,-0.0427014998826202,-0.456826757156005,0.730570639616542,0.430346533163598,0.711383070886756,0.280043122482446,0.27035147737528,-0.0301320922505302,0.0595992768707855,15,1.24820673193563,0.314024005870387,0.326754350412185,0.000117984550755733,0.000100002247182409
0.809601471923019,0,0,0.973918278925002,0.977711112619574,7.98071774419027e-06,3.56202948408778,-0.764452678605211,0.423543366287117,0.812965826426294,0.386811892348635,-0.139851741287793,0.744088843881674,0.234413837103392,0.189345636640071,12.6693496042019,0.7335097266383,-1.21076661956676,0.143381128196718,15,1.1744041979498,0.223678443902826,0.11919345664052,0.999899995211347,0.17707241069581
0.804164617230873,0,0,0.974870394404833,0.994607882816065,2.3455342437758e-07,3.68231437635174,-0.455075232112047,0.421996529676519,0.793636393976276,0.364924739138956,-0.248213674224831,0.673364106747394,0.151129323446414,0.240051630878054,4.53891394878063,0.752144559838498,-0.80823133255933,0.148975638342886,15,1.13128228610109,0.16442013506888,0.212857989042788,0.999899979923919,0.321510954727334
0.863368166695663,0,0,0.95183313558928,0.836519270794763,0.000219693077601325,3.0711166152029,0.506913863391419,0.52723014279308,0.672726571836701,0.441300027158995,0.102037700200812,0.59213777167341,0.740884995427454,0.47834034591859,0.662571391332973,0.625226611407755,-1.42523808465399,0.0834608456618635,15,0.58727016137263,0.514228124572116,0.280634200204089,0.992116677946449,0.00286914525508272
0.962194376772776,0,0,0.54127125465394,0.204465074817012,0.0111704622515383,-0.0462968229077301,0.35293757427641,0.185402178552602,0.30921194466351,-0.11296493869357,-0.329058055858308,0.379714345979088,0.335268090695435,0.547084322024824,17.3242070907985,0.306117023661224,-9.21359898549417,0.0900685993686849,15,0.317772988437883,0.246882890346763,0.389108545378392,0.0027900349875083,0.00279002970731219
0.81686540022142,0,0,0.973798793370155,0.976511663795369,3.01639464568632e-06,3.62402577935186,0.148886925483944,0.234525607994093,0.802886716549492,0.0103040759887294,-0.251617563429875,0.69284357685832,0.418863975172791,0.531959423729134,0.671752027258075,0.318624530587118,-0.15114888773443,0.0789435510075095,15,1.18796311951766,0.42838056526636,0.289178222697141,0.000100016631136738,0.000100000524421441
0.868410643365449,0,0,0.944704475411882,0.823203691009935,0.000419647681241848,-2.03763778106557,2.03961235008519,0.457023273460529,0.749934085902138,0.292677232870693,-0.32342324114726,0.77009590898306,0.223063738085156,0.490043471492607,1.86929782404512,0.658433964451655,-4.77314223364969,0.126647931286716,15,0.971127726028262,0.236453207772344,0.33138484354116,0.999899988179002,0.389379057656481
0.879207631960095,0,0,0.928927090906566,0.729002381088993,0.000603607981828535,2.19742405207401,1.0683598609089,0.597587879378709,0.637074434614709,0.507623324096195,0.0669088774021212,0.806834094062069,0.576479087564028,0.3649361392039,1.67090125418222,0.671851424942156,-3.11235006156515,0.0890427107659713,15,1.04148390928837,0.706051522810992,0.240099301442968,0.99989999870037,0.000224047049656891
0.887076444855714,0,0,0.917883701911914,0.660167213460192,0.00110322315809694,-1.28636728171727,1.74901932466523,0.534723775303228,0.727748914141989,0.338400196726644,-0.223711556619719,0.870100696529922,0.438070411817006,0.532883662487553,0.440763408945635,0.674765248725159,-5.40616017006905,0.104123774237713,15,1.00042244561732,0.463279858719885,0.401718195843107,0.999899988312196,0.000100044487348268
0.996497934178024,0,0,0.500045830129239,0.188339972847398,0.00676884875381803,0.611850397088379,0.509163174651984,0.000729695656439056,0.150367838034168,-0.253405808457715,-0.483236279448289,0.371959899251501,0.386849292575724,0.397456299144975,0.933434020598364,0.089210436054431,-13.0978598944328,0.0726747808323477,15,0.399770531637682,0.21311120529736,0.310516389724658,0.000100500653272643,0.000100003057686135
0.911824797702759,0,0,0.923269774379529,0.774626297842585,0.000564385398484733,3.45624446343751,0.185747491874562,-0.0867155193601515,0.586171727145746,-0.286087364107242,-0.520238340328489,0.382220700406043,0.310738474099354,0.576330555746114,0.214906331801168,-0.0255572213567751,-1.64724793589571,0.0737584335398729,15,0.511910080485876,0.205968051515006,0.366448920724591,0.000861193629677153,0.000861192773336493
0.996407231366439,0,0,0.575763696759689,0.451309952853281,0.00222007587291554,2.16524911562161,-1.26072991678073,-0.427687546957636,0.0544202201942401,-0.593746646851708,-0.715572832864558,0.202044649638215,0.621869226766715,1.10860399962677,2.9997316821815,-0.0998102132209075,-11.5351788638951,0.144145360724474,15,0.147096272433426,0.502412745116521,0.711355636664565,0.0001000178570779,0.000100000731736608
0.839865633766156,0,0,0.963504806186065,0.952590119029788,3.31729255834168e-05,3.09765084181871,1.72974798932878,0.404599447182923,0.716837988170654,0.435421183437592,-0.265614881110011,0.593059014776176,0.394024696045881,0.338574196841485,1.76886442321757,0.724033973164248,2.38695806158181,0.156669473007852,15,0.745781697022289,0.317720272468707,0.394296154821576,0.999899880339896,0.419857265833812
0.86377834940184,0,0,0.951767040140912,0.877827833972507,0.000256611883648135,2.00787772893318,2.48524024050114,0.402488157733512,0.718775690614266,0.472317371768311,-0.102912064346846,0.667879696895823,0.307133338320652,0.268230601633135,1.03299117277485,0.733588907664633,-0.266655085581685,0.155320620422177,15,0.724213552019743,0.230642569855736,0.179319641207568,0.9998999452208,0.380365580912432
0.90834110174787,0,0,0.935032680436147,0.81961666433152,0.000153416386491837,3.1532837549983,0.993104351968191,-0.0682850882649113,0.636760884974226,-0.210861993592888,-0.520619107085336,0.514294242207711,0.128598443423051,0.459447766015205,0.98021822968635,0.254829110992386,-0.983108016837736,0.117475570904997,15,0.50184836786044,0.0832181252424338,0.368166594199539,0.589829592023135,0.000100001796838305
0.877150552824722,0,0,0.927526406416296,0.722722902769041,0.00053817560771995,0.809179034579656,2.22138110894025,0.553084747144457,0.69171889724362,0.45724912387955,0.0355215462455015,0.860118951348393,0.375586331095641,0.357859774186983,0.476128243464407,0.703147006357007,-4.01007950256778,0.121731474484958,15,1.11437213239061,0.45800526089768,0.330151664976023,0.978555259147731,0.978555253559102
0.865062631573127,0,0,0.948820466627677,0.840436198105595,0.000189251775102582,3.00078567508486,0.933007558241475,0.492752338155142,0.640358749431011,0.396896301820909,0.104190124342845,0.558561945268729,0.31548128244256,0.257356681250083,3.44355585583283,0.579234183676719,0.104151912254617,0.096240365808442,15,0.58272627174879,0.355195036073062,0.211639074049886,0.999899997031796,0.00010002061851513
0.87926711201976,0,0,0.929743224205294,0.712392005505578,0.000424102135007917,1.09502884296222,1.94743792329982,0.543764647166901,0.701808620805249,0.394552689458999,-0.0510058473453837,0.890795109182015,0.365837845651248,0.37124511171515,0.367237147397011,0.710341982133021,-3.70324403503348,0.119041942108986,15,1.09937461396529,0.43561723887422,0.331624722442195,0.999899985036204,0.000433284281275604
0.930596647661551,0,0,0.884173384283707,0.572269624156329,0.000838004922006523,2.17026296381235,-0.208208577068542,0.225050422467808,0.619852149949503,0.0490859731143422,-0.0688324738789219,0.72641481140032,0.343499519418357,0.165284024863465,1.24070156300954,0.392502107347424,-5.26232452861198,0.0747843054804738,15,0.64579581070926,0.211370057052062,0.131325386902246,0.000260768717441854,0.000260767987208182
0.917909642402099,0,0,0.864848770609306,0.578737231434589,0.000612173872207501,2.94083814546337,-0.0397121785795771,0.203264272046609,0.460521560654226,0.123141028253426,-0.0975504943747065,0.336933345607429,0.253261238181647,0.269657559487091,0.41418796271124,0.238879064376298,-3.42987990165439,0.0659805661226401,15,0.289650580387279,0.299278970851751,0.287839773577732,0.000100055083894429,0.000100049858096738
0.878434625478118,0,0,0.946057522509218,0.867966859522865,0.000634574431168237,3.56814721863564,-0.191607075314902,0.04929696536947,0.605883914022524,-0.252525420947274,-0.527310878495761,0.544951876357161,0.269777924149155,0.631154723225196,0.403160799621703,0.245251174204621,-2.59517821487801,0.0796038265819857,15,0.553208121711448,0.274723846703084,0.521442544821511,0.000100010810033391,0.000100000468806422
0.8191213275934,0,0,0.970872141230076,0.978226161563847,4.39881068111182e-06,3.37501834243755,1.34017993633228,0.537154425175604,0.777165955374754,0.542738408398564,-0.298715934997295,0.677503409240936,0.445156038838737,0.252654535683971,1.38179374114269,0.763777571325276,1.87600705267021,0.15727003650226,15,0.993007669037691,0.514065725936683,0.241396646724331,0.999899796793557,0.611045942062583
0.815545936165902,0,0,0.967732270421356,0.956121755400284,2.76156418297421e-05,3.4311684483257,1.02611789288533,0.430766469265159,0.735422282788152,0.410645401857689,-0.00912255623426067,0.579942696846205,0.360794691347703,0.399618544957818,0.277676717720537,0.622992248605658,1.78464153036494,0.137638060300335,15,0.8342353517627,0.280152152872822,0.298662524435108,0.99989999658869,0.306649216258114
0.826272331566212,0,0,0.967713861871518,0.959830557134847,1.34010812997107e-05,2.97354432585733,1.7409009658615,0.523834351981306,0.771879867178143,0.576362574801625,-0.272797665525936,0.70054607830154,0.552967563596844,0.265890198874534,1.87066782166191,0.779414339883356,1.66468367037847,0.156842565043064,15,0.935367367517544,0.535917656964925,0.348733736749071,0.999899626348307,0.686516915643737
0.89701560773523,0,0,0.935655351482265,0.796041005903841,0.000438752229035266,3.17623302473984,0.511387102761641,0.19409407989767,0.621307020246072,-0.0651469454007577,-0.362231686375739,0.461070798130029,0.188792741036282,0.480522000557627,0.102346880030557,0.393412461098637,-2.01779276994811,0.0948279912967258,15,0.491635103911103,0.112105385606873,0.193416107185131,0.000561301335846691,0.000561296060976727
0.825678820482425,0,0,0.973019880180531,0.962906262156047,1.23031846205234e-05,3.61818295729487,0.0739664210598559,0.219909729882851,0.819094317075414,0.0308243523030254,-0.256989520799732,0.761320649458123,0.3698331988179,0.481562365054515,1.44761338321941,0.308846157101652,-0.0716006265637215,0.0725900225397746,15,1.26428554150778,0.399558951657492,0.394309202258535,0.000140611365130485,0.000140609349378806
0.876351634885128,0,0,0.95976676591642,0.910802993571147,9.34255479281571e-05,3.18413968298075,1.05843459500352,-0.0206077872143229,0.73543130848346,-0.148992828059048,-0.422519236666883,0.743196865725703,0.0400491468615898,0.259165412849196,6.60863234593672,0.444814930526083,0.738350433540563,0.145767317512882,15,0.735718595554166,0.0394764597569227,0.218641806828071,0.782764254936889,0.000100000178783393
0.699116418080042,0.310007861084302,0.807086748539382,0.986176029902448,0.951962744018834,4.92125892622424e-06,-0.829679138547574,4.3237414829206,0.51958561938845,0.899424787359174,0.52338892690397,-0.29893827229194,0.995315348178193,0.324695710739034,0.221284546286257,0.0378739466879505,0.905909462885702,-4.11016503912299,0.250833269363521,30,1.81963767185952,0.423687214464578,0.164712320221863,0.999899993916191,0.56241312268594
0.643206756128875,0.0111361549035433,1.26098398365637,0.991103235686706,0.98811602912312,4.74939327257465e-07,4.91055830275041,1.55710410286371,0.382215525874584,0.924617792469182,0.269741525769327,-0.436607734341353,0.901217089401403,0.115423589864989,0.396924130338733,3.5336136575148,0.861386722705876,0.578902344844032,0.233751935470248,30,2.81331842635476,0.119606281263851,0.245219726264964,0.999899619858043,0.20237380190523
0.678242471800286,0.340853850343772,0.914697772169958,0.988359306650893,0.975791309477289,1.06071118604954e-06,-3.47236159373589,3.4752264431072,0.48606649007263,0.877555254710505,0.522986637110169,-0.333527744624693,0.847980071551315,0.325321585281613,0.240868977973336,2.55791526329012,0.902581838655418,-3.84860010406964,0.254715608776454,30,1.80569375096687,0.506432444312356,0.167995057331218,0.999899953308019,0.440418945444073
0.76541234380105,0.550159949458424,0.708071729031373,0.981800780593956,0.913658986792144,1.68867241590634e-05,-3.18484342045507,3.37125646040186,0.130157273064624,0.818610535682413,-0.139301361953073,-0.64636513128708,0.750945889453297,0.0603496648402635,0.636745005658075,1.23422985841975,0.810327147999042,-4.78687874027785,0.235071597030961,30,1.41910679081657,0.0623204452911543,0.499169552145023,0.901271399566476,0.000100035365175838
0.646925485232786,0.0144096258275169,1.28034877889538,0.991489325382871,0.991877428521201,1.33380540542911e-07,5.27493137173662,0.00551487412454137,-0.0869140189034489,0.913724061580387,-0.277329053191122,-0.553030303030303,0.876517040791683,0.171127178828737,0.854112934971071,0.719586406167491,0.577627205441861,-0.134712106143839,0.127413073970936,30,2.8137123910944,0.181158118431896,0.420357696280992,0.657432324184218,0.000128029575709653
0.645774588851605,0.00771925996433248,1.25341991429872,0.990923725031677,0.989496145335323,2.22888262732657e-07,5.05707297504779,-1.21683385915327,0.196110678084453,0.906991637474561,0.0360143693646553,-0.521068445684212,0.847390542478815,0.0480130093841232,0.522695580265354,1.72114775787349,0.877212873451543,-1.02272553667094,0.227020404380901,30,2.59802925753151,0.0536950104451631,0.328170318490714,0.999829562791685,0.000100011467935117
0.633983508894024,0.0177958021606471,1.29284128810105,0.992004371384668,0.996386373631974,2.96948049159313e-08,5.22711136002409,0.372483601338791,3.56809300329541e-05,0.925376506799255,-0.0825734119410162,-0.565746432801309,0.894698784445514,0.245981073172054,0.750167573894929,2.66246733678291,0.783191208314214,0.139080680363694,0.165942083485836,30,2.945544198152,0.18126622668548,0.476314932465009,0.358749275163133,0.35874845699869
0.745699328682788,0,0,0.978351476364958,0.994023916523175,3.4788076059447e-07,3.71262302712255,-1.96556263678439,0.384326427886043,0.757165038934665,0.726270724859409,0.169761945338175,0.591545541855585,0.566462140682829,0.213876135876299,14.0332845437014,0.716075035634575,-3.87903876030489,0.191569128035668,19,1.09054748874853,1.1906130252799,0.192954934165247,0.697014419985352,0.696534955744674
0.744404324329394,0,0,0.978660617714052,0.994074438044433,3.57164495157861e-07,3.76836238042479,-1.86938760734215,0.339819686229909,0.760453005419515,0.705483358903528,0.166932063664632,0.596686556692296,0.537308516646436,0.21387538049452,8.37534778934228,0.713945316631024,-3.72801277155597,0.191792783893955,19,1.12168546620943,1.13534741077148,0.200504750380363,0.999835509400848,0.999835491111991
0.743705353237853,0,0,0.98183842942202,0.995261359431122,1.58069207430627e-07,-3.80192090928374,-1.54971877625756,0.621511620773675,0.844618707284803,0.795617317396843,0.325283156740957,0.75615190997064,0.722541730277974,0.327304655191905,0.531351204770182,0.680120088720395,2.38349195764991,0.187255865558404,19,1.60158801101682,1.03262337291296,0.34864806414986,0.999581564618152,0.999581320414279
0.764368388060186,0,0,0.974400922294567,0.981231873290126,2.54109091344914e-06,-2.49525353692482,-2.92671555148573,0.663021218373349,0.791220227363725,0.802440588743053,0.55959980638739,0.672717797193246,0.753888177907778,0.46773416661726,0.879141037354497,0.678894997828902,-0.181007867046589,0.183999327652618,19,1.10512812739252,1.04627005649738,0.548432351962582,0.802088600749839,0.80208820111654
0.751496179459367,0,0,0.983213595374773,0.990483062007833,1.41592978992742e-06,-4.15031867850772,-0.123205044245093,0.123109529612593,0.856195435033979,-0.160333965872154,-0.546737542748772,0.767573232712541,0.054147528270739,0.583026252032308,1.00817870494107,0.49914969302363,0.0119545243536478,0.0960068328158517,19,1.81585791022357,0.038343806003827,0.304658634365195,0.799598137816109,0.000101728920340702
0.771423065316576,0,0,0.969298772461345,0.971482629607376,1.32940640324108e-05,-0.995390168946846,-3.7045251109288,0.0355555375815413,0.724527556684195,0.597840295722233,-0.0061916871165985,0.598814532495518,0.399941450981382,0.0264410844463666,3.87805060096815,0.696527811511729,-4.05626778395448,0.200339290509502,19,0.897030051089947,0.853321375822612,0.0244221469088101,0.699959778743284,0.699959622266071
0.889209967030446,0,0,0.948626444181776,0.785553687690561,0.000646275694500561,3.25278724612878,-0.626324066492686,0.248240092117775,0.678594832489629,-0.0578164022157201,-0.469957031858455,0.503177893304604,0.113675369475434,0.480480701842587,13.9310557692252,0.534222715171021,-4.02125515429782,0.091620950092841,19,0.650141748307683,0.0693540817951585,0.225483456498443,0.869187912675499,0.000100001523229316
0.753092954250739,0,0,0.979657504299968,0.9926955010224,3.69291876681e-07,3.33283678069465,-2.3760264167643,0.763888856412,0.819522476044525,0.874124827650286,-0.0816210700501039,0.74163751310348,1.02632296318363,0.298679716332148,7.81542437400607,0.81124180273112,-3.40174701639175,0.192582070822464,19,1.26486378078997,1.73846409005544,0.201262444346204,0.941360792393936,0.94136034706676
0.75225609612568,0,0,0.979964221166518,0.9928505537651,3.6114121480169e-07,3.40758827242371,-2.28343821005777,0.756435987035909,0.821800955265243,0.870302719800415,-0.0919778711211073,0.743201949611527,1.0151073719655,0.281005306387306,10.2474621299169,0.812636348957079,-3.27352958993686,0.192354444389555,19,1.28755698158283,1.71213149359003,0.197386792495842,0.907028269191032,0.907026503094952
0.739833604279109,0,0,0.984094715569111,0.99865665812247,1.95633804858386e-08,4.18361078019493,0.0834950189877784,0.158924560721852,0.858389636512537,-0.108326650760926,-0.68812580160639,0.783194057630882,0.161536172648434,0.677733935019211,3.24182752328541,0.543123034486622,0.13480161145186,0.111349447322487,19,1.79615010523172,0.12343250286999,0.610468678973194,0.890083294167736,0.000100007091194593
0.786872355333391,0,0,0.971651159209558,0.879585706829867,0.000147722704646471,3.29371793424772,-1.72827789809266,0.500671684565024,0.824430103077854,0.425099895497454,0.00483790540666688,0.769956167133747,0.320220791527394,0.223260115784528,0.734851116582213,0.73459065281713,-3.72113915343569,0.15129582077107,19,1.23301841241137,0.235277235400309,0.160582960695298,0.999899993907622,0.152440034505059
0.73941190633033,0,0,0.984081215011645,0.998759606738558,1.25149588723341e-08,4.18680336972259,0.100083029570337,0.166987498395145,0.857554145633779,-0.0769907505554644,-0.664883346887215,0.780010839686388,0.117297959475771,0.637729015218825,3.13080054901867,0.548880646838805,0.172805481006979,0.11672842956334,19,1.7902313777378,0.0925749654237254,0.55316445070208,0.899742454752242,0.000100007770743906
0.789341758274518,0,0,0.978632579496304,0.953707260972946,4.70425420459304e-05,3.89408010371267,-0.270676184986766,0.04298687435661,0.851718536670872,-0.230940410534018,-0.603091872313571,0.818375529174138,0.086695237460661,0.621739933263072,9.04368459253963,0.24143451471051,-1.45314920922386,0.0751213442440561,19,1.71699489986606,0.0692779740675753,0.448615439052567,0.00033928106885229,0.000339253389834586
0.741395196648322,0,0,0.984190051745944,0.995104071800484,1.64070892716487e-07,4.09161308689442,-0.343583766919702,0.584623790273353,0.87821092701051,0.546171736796875,-0.199649903193507,0.837768150575945,0.430044519599659,0.105408434292831,8.59570240539768,0.767479426500341,-0.461203773350331,0.125324224155701,19,1.92276448149502,0.474777216332647,0.118834323763598,0.999899922180786,0.497048920688235
0.738377643365044,0,0,0.984055348140567,0.997616143479387,4.2048714260467e-08,4.18826319420681,0.0157178617418481,0.565579417172195,0.859597548682498,0.48504312848093,-0.181599293257296,0.779387265988815,0.426984054242529,0.176588400434769,4.6980038261576,0.727129514267275,0.105530803202099,0.0934916939012025,19,1.82707463728376,0.429667039295294,0.176060321006753,0.999899821401417,0.583321302989518
0.742091185117246,0,0,0.984109751175515,0.994406799569371,2.39118523031555e-07,4.06553496855363,-0.493008777199459,0.576366456578567,0.879085755785055,0.566001063761125,-0.210513051080907,0.842269690262574,0.493304093953647,0.149180938609403,8.94043295197733,0.787313412295806,-0.645691762765425,0.139145130683496,19,1.91927506119058,0.506187363434564,0.219904382921815,0.996981972889988,0.764654370670609
0.738070053733149,0,0,0.984156455617967,0.996893813603532,3.22768190527471e-08,4.13537432006937,0.244484673780955,0.5454664921305,0.868545527350785,0.566170052404805,0.0360377245404251,0.805079397890554,0.490872429672365,0.109956231056466,7.42131308799471,0.707515860070543,0.431759245224639,0.12223278994193,19,1.88361082289157,0.446887273551903,0.104318425751268,0.999899998594318,0.44110085944104
0.747350712823935,0,0,0.983254592048518,0.989386578228968,3.95773767183388e-07,3.88899765165421,-0.847540637931202,0.538180588410932,0.881913192911939,0.379774411726744,-0.623918732311886,0.888757066701937,0.636299911246869,0.507229746037057,7.78330452527162,0.813459088038933,-1.22043285532363,0.151140333259842,19,1.94158336795349,0.527010572661104,0.854234953740522,0.752092834129047,0.752092738983463
0.738517480335937,0,0,0.983188084312148,0.997283056945245,3.18550396079807e-08,4.10494836322542,0.850452316670414,0.518933035478475,0.842883978705426,0.739308411317896,-0.00542606356473882,0.739398075676701,0.616571230431506,0.28946496419171,9.21262618375839,0.725409075921438,1.55373607241587,0.187866212945171,19,1.71216734922184,0.803334014093759,0.267415874011942,0.999899314306344,0.967915870254697
0.737711394522366,0,0,0.984060375266761,0.997893522527191,1.80379673964205e-08,4.17345181714703,0.32852357259448,0.690919246962647,0.862180164579375,0.676530976583401,-0.229744051111926,0.786627947115087,0.651237155558464,0.301443922308072,10.658800882221,0.72809223715204,0.554593939521324,0.128167233099607,19,1.85186041790267,0.721668206677814,0.330744134444194,0.926994741672423,0.926994424661052
0.738688690468116,0,0,0.984169614705265,0.996582617444153,7.66675047586015e-08,4.13592735528819,0.103645058982495,0.593068384470852,0.86902485840729,0.557185031799916,-0.0832420188920133,0.808608665166892,0.385049866651848,0.112445460635616,6.00794877592865,0.733258642424176,0.125196142213814,0.101872047695087,19,1.89077758710937,0.406024636190956,0.0673292658547403,0.99989994292673,0.956553613096556
0.737576906120633,0,0,0.983877352036112,0.99804085951706,2.37649121535387e-08,4.20292523943376,0.288364660530517,0.492189441051735,0.852977705989034,0.51419046296633,-0.0488249708810898,0.761739943578086,0.413531442703973,0.24705032124221,3.56717144541057,0.654942314312034,0.551211733203065,0.144700882218316,19,1.77481685097126,0.325204484236922,0.177039764370433,0.999899995356191,0.959292493563966
0.737640730431496,0,0,0.983966284784855,0.997407216909434,4.31097835415452e-08,4.18448197616285,0.390942658465813,0.560361920335456,0.859762666625629,0.583937591022681,-0.0369610421394106,0.78146482817584,0.419299630541182,0.149636312007758,5.60583323578308,0.708527990204092,0.620055185329069,0.145108120307783,19,1.82783168525584,0.375201586170176,0.0950260465163394,0.999899987285285,0.999896859507574
0.739460894409932,0,0,0.984165880677401,0.996217965717454,8.99982484455769e-08,4.12549556183723,0.141962106217879,0.579024885657007,0.870972362774007,0.511392291691161,-0.183542863234201,0.815632213578443,0.309161187900244,0.135983813303319,6.267138268253,0.732523754058158,0.142064339018344,0.104947492786374,19,1.90263817115611,0.35961285243178,0.0829152476496223,0.999899973207991,0.69711769452241
0.738518836849548,0,0,0.98431468105767,0.996384210361446,6.39111798081713e-08,4.09540768567998,0.153117682018617,0.703791374959783,0.87775161191802,0.69133681126384,0.0176637462382308,0.840078294069722,0.62503945042671,0.0463473855340798,10.7353684103696,0.761698091562834,0.091652138143658,0.107923568739471,19,1.95013077506273,0.693312238983543,0.0396318287209152,0.99989997878889,0.999894603480254
0.729838600410797,0,0,0.972135954999581,0.971406775620518,8.20423994924413e-06,3.39210478444674,-1.57119772879972,0.269037539236901,0.779106117079838,0.33244484758013,-0.235348690770895,0.733333383681756,0.20525975901554,0.339299111917694,6.56306031825334,0.698497331529248,-2.98804694835937,0.168239809453201,16,1.21723599833028,0.215863986150719,0.230162131208673,0.999899856290892,0.323974267493586
0.763295457709466,0,0,0.977844007291499,0.96486575717284,1.27053271145873e-05,2.95038820257256,-2.46079810123168,0.705584297509512,0.837137606671975,0.809822605597942,0.389883838208522,0.846573449269112,1.02081659947299,0.418702064612692,3.57703824079227,0.85028252535952,-3.51282200176037,0.180575724523382,19,1.26965518471957,0.925609859950154,0.360030214834253,0.999899892261164,0.999899458234103
0.79205343940655,0,0,0.968853360292254,0.921017707678563,6.27798172168078e-05,2.83872154921285,-1.71390897174029,0.735905085516257,0.732530152671667,0.746146728633251,0.274500172975017,0.702622168452172,0.770107655238316,0.165138636912842,0.375843045184221,0.809083680031709,-5.02751254422305,0.13463594625589,19,0.886020493097126,0.802449054925167,0.187578044805805,0.999899989398946,0.998199347848627
0.743118160355888,0,0,0.977358133446385,0.986015816871919,1.43842112826443e-06,3.52926266887059,-1.61341333530089,0.332820646590578,0.823769070769482,0.484101300821159,-0.225486832435371,0.769005273400322,0.27172075741509,0.280890864705636,8.18497982833081,0.716649435406259,-2.64130992186854,0.178933345137227,17,1.37214650835192,0.474862546711148,0.114472914612497,0.999866341584905,0.567197432571947
0.813266737689085,0,0,0.967712996500355,0.898956742905236,0.00027419954835167,-2.4528176200104,-1.8642212227629,0.44091120837823,0.840722784277297,0.389886439522626,-0.305822539755339,0.857421180704012,0.271154348997138,0.337019857768983,2.76038456659813,0.690214102148197,-2.5226764607033,0.126506696463006,19,1.2374387993669,0.244453291623223,0.335191462949411,0.999899962301691,0.0674779168059774
0.82121120341104,0,0,0.970060610041797,0.889943217774801,6.28278340022389e-05,3.71419043544063,-1.17880816503931,0.244737279347443,0.756168682533788,0.0196220982037816,-0.395803013767531,0.598437388736169,0.274301956696244,0.593213380927904,0.890347863880067,0.585899456932828,-2.78286219387685,0.149100505724169,19,1.16170512888816,0.290827964382403,0.471676514523913,0.999899941985104,0.000191780470626834
0.793432998515902,0,0,0.971885990156666,0.955187759435653,8.02436264243512e-06,0.341364049191447,-3.56831659441182,0.398603109114706,0.81330787440639,0.521897116038349,-0.578020154482424,0.902136249259197,0.651915939174891,0.523734740360526,0.0820801762879872,0.816415202041363,-4.16088655946233,0.185775758341798,19,1.11121838515473,0.753614269637005,0.430757124856321,0.710728394435582,0.710728381482167
0.773295375688899,0,0,0.97973167929314,0.983522963930948,1.03098609757932e-06,4.02503366814567,-1.19285528452804,-0.209732144109417,0.801406456655346,-0.206039210550226,-0.784614251336819,0.665682474503111,0.305755897290762,0.896606538323483,0.94382428238414,0.594521022592085,-2.29809822101527,0.174323635028414,19,1.30929487787493,0.205227321635156,0.848441477539798,0.636863495361903,0.321376603497766
0.767870298489255,0,0,0.98098781153298,0.986945524647845,5.77841858920815e-07,4.09533150567427,-0.905051667800403,-0.332123598171493,0.818208969631896,-0.351784466460125,-0.790897171756318,0.696364070013429,0.288820264612829,0.947683059437717,0.850269032926822,0.509788955451523,-1.75790676917837,0.177523255350028,19,1.46738804746042,0.271873369084317,0.86734191875531,0.55994319678767,0.240396245831077
0.767299890311745,0,0,0.97866199295043,0.958239490742821,1.66258964910683e-05,-3.28958247614282,-1.12882608942072,0.477039701940863,0.897067473747742,0.395749726668158,-0.409079003143599,1.0018966790254,0.245272577863791,0.238089175789382,1.17798271937887,0.704928309884278,-0.568857388359437,0.122275412796721,19,1.86683244721578,0.29086449900457,0.204530115930876,0.999899966144122,0.0480324042190442
0.772933219706047,0,0,0.964454456406593,0.932433237490912,3.36298407802295e-05,3.59231047231254,-0.609569542433701,-0.27527495975952,0.68247825283566,-0.308841511012858,-0.50644520003491,0.583920205656786,0.142910839329014,0.345831162961705,4.85325040807471,0.0403000456464889,-3.03335906217136,0.135892444405461,16,1.09076260370779,0.133044758621703,0.287341175523333,0.0528349722706854,0.0528349687515436
0.765423328415094,0,0,0.973809233897866,0.956586103094822,7.19733642382064e-06,3.66775130283259,-0.524173245258485,-0.0748362641570733,0.830611638684929,-0.370529334841904,-0.724711819914219,0.839340695649455,0.234447521926408,0.679674860958058,1.97947173467938,0.276935464109545,-1.13348490879659,0.130823647025975,16,1.35547655710474,0.293192473539626,0.766716617417412,0.530130749238724,0.000100000790893065
0.785989674856556,0,0,0.974751163197836,0.954400142516934,1.07378896708773e-05,3.0414100648219,-2.1334879633924,-0.0847332700786799,0.844153251201054,-0.0448677458809396,-0.607977866913952,0.840727763278105,0.179122162363462,0.850802085215795,1.18493341215976,0.700058933254373,-2.76933213236196,0.175245897047866,19,1.57234297580935,0.135951346295594,0.385766097980894,0.440343333663687,0.440343304328156
0.764084575603853,0,0,0.981851713428885,0.964132195616101,8.54408573078398e-06,3.81878192809637,-0.666670380797821,0.438737097510243,0.896085238454654,0.309126047993984,-0.170482349852019,0.975606925941861,0.233867066035778,0.301722237358257,1.58626918509336,0.641731313617597,-1.08074819352618,0.138530779468223,19,1.85412864760403,0.160980297302353,0.308827729584735,0.999899979856632,0.123314726064819
0.74685417599092,0,0,0.982819785324981,0.995403043043377,1.40286617115168e-07,4.17125670625784,-0.4792514205927,0.185001367558546,0.830837743298924,-0.0126552933103257,-0.604550258104109,0.715143376351901,0.219356456814886,0.654693212629914,1.19583608919828,0.724236140451468,-0.852729318088645,0.167170602202725,19,1.51634331607806,0.194151451908332,0.819010609700019,0.903388633261774,0.168988689268031
0.749654720237247,0,0,0.983281810820741,0.990891764943902,4.89498132311485e-07,4.15152488396708,0.089816453202729,0.074204209409327,0.853874406409347,-0.240163013972787,-0.537132454236769,0.77374173882006,0.384571890405174,0.934684165815812,0.420535088020964,0.336370447057549,0.0673839060283827,0.0945063137543942,19,1.79348014871829,0.422048415673084,0.828541863156818,0.535125190623226,0.000100001025179091
0.816983405370407,0,0,0.968918470907142,0.914086966440859,5.37885927496365e-05,2.43555389508817,-2.8423355356532,-0.0134672423058789,0.808700470003373,-0.0325768667642752,-0.618837160243408,0.903373114091626,0.179092485934255,0.663361941083939,0.23402579607433,0.706987800508955,-3.22568169020815,0.188732564472505,19,1.24606950562267,0.190991440848552,0.713742849462487,0.538040570979729,0.367402726462674
0.755770451256224,0,0,0.983004554478712,0.980988079839963,1.10953931433469e-06,4.16341482483321,-0.556902449094187,0.188128861037544,0.875620578232895,0.0700785903217825,-0.445622128952466,0.856444475973133,0.120279063876151,0.311578886363286,2.12610552794173,0.562484811463106,-0.898820885660221,0.147018156027594,19,1.69924852588765,0.127408761394121,0.408792684292724,0.970049460314918,0.000100004009930533
0.750910344269832,0,0,0.982437793491971,0.992503199647958,2.18375107371272e-07,4.03190468057916,-1.04849141368384,0.256774799808042,0.845461682329912,0.302641372125573,-0.702741760277136,0.758828537107354,0.430652604044441,0.758062231756895,1.59100255114005,0.655911514667234,-1.87649811312328,0.17763158281368,19,1.57163044012019,0.28805675902037,0.860302224723197,0.774753848304835,0.774753807128771
0.749186374982406,0,0,0.981951966723511,0.980513286474039,2.63155114020623e-06,3.99091412431144,0.801892280808697,0.616551564117447,0.852696941489791,0.615364873753211,0.0295134554579059,0.763293928444634,0.623460061616028,0.332569051381687,7.16923578393657,0.700930438110558,1.06421961869402,0.129043272148272,19,1.74973087061032,0.633999369236144,0.303744117696253,0.999899742448159,0.932861625454998
0.767837826786481,0,0,0.980989725792864,0.986971554934812,5.73192291648276e-07,4.09554578029797,-0.904845256992482,-0.331818870245086,0.818161683789844,-0.35093281982847,-0.790737251117648,0.696252385553843,0.287252904359031,0.94764600165489,0.842788183145314,0.509990799981277,-1.75861426568084,0.177555852912263,19,1.46714736482401,0.271051599407189,0.867291565044686,0.756518704384533,0.000100003979529256
0.944979732872467,0,0,0.839419531625725,0.688446360557708,0.00059777919921314,0.0813836651242576,-2.28137575960153,0.182693460876641,0.424700131313698,0.161731824930383,-0.430813349172173,0.456744420914002,0.186819015103125,0.559247860255814,2.09437647006314,0.408501346704187,-6.91501390896605,0.132194858574529,16,0.294063416670465,0.121209481224006,0.446911349738265,0.999899999880751,0.0545028126671581
0.881465487996279,0,0,0.954578382716026,0.883436230125939,0.000109186136044519,3.84856785787386,-0.951501538104099,-0.444466796773255,0.620604098293162,-0.579853517498037,-0.774836747696209,0.469495160981312,0.409997519293498,0.960301680657042,0.838419351594245,0.099029828265716,-4.41819993925551,0.121008438519234,19,0.710655243897215,0.540121938324383,1.04461925834901,0.000100010795655073,0.000100000138957082
0.830648540808233,0,0,0.956909324348253,0.884063577051918,0.000146011298790496,2.51129277191988,-1.66181163820805,0.452035142161873,0.782078660690149,0.397915855797573,-0.178738799073559,0.869314421429367,0.27061583946944,0.141920480159081,4.42102652304519,0.726475279272891,-3.08927503140978,0.1417082777682,14,0.909129220470851,0.275043117626339,0.110112196311032,0.996136243937607,0.000100014054872037
0.805483119257889,0,0,0.97279339248189,0.892033808806404,4.14758874604175e-05,4.01432171337559,-0.525278297276328,0.297938885485425,0.795011384512738,0.119828798395665,-0.100915679752343,0.700190146811068,0.542254130816222,0.588878583098287,0.283157322545673,0.441054152497482,-2.09201854249942,0.101200700931341,19,1.47318782960295,0.763644888815721,0.507597719279478,0.000100269880858488,0.000100000561054714
0.796768905895403,0,0,0.971008094519061,0.874260404097024,5.17822158129997e-05,3.61383241589462,-0.517193320815783,0.410854755137129,0.827395839828049,0.326122632391034,0.198465279304879,0.754106482259869,0.450363257309658,0.490648578714272,1.37415381338531,0.479511407223038,-3.27226931896134,0.0719494418135816,19,1.45946706884728,0.454075701163141,0.424720710177761,0.000100006502372195,0.000100002737108905
0.79827992178218,0,0,0.965564819124311,0.905486247042567,6.64981065334974e-05,3.43039706389539,-0.427153559915064,0.139319489139723,0.78261805694462,-0.101106171045038,-0.310950234178979,0.719617829669094,0.234551574116854,0.403140371083526,1.90095393565328,0.317147004213127,-1.65150513708775,0.0980270647051507,16,1.09894844427882,0.167009405309856,0.268712799446081,0.000100003368189651,0.000100003059355718
0.769864500611296,0,0,0.977182166420164,0.969267305090296,8.11539227252422e-06,3.77377577502515,0.627788539128328,-0.127353216836021,0.837699519339964,-0.309469642840299,-0.603057480343806,0.779106555388728,0.222630621379825,0.844072027037052,1.66802056140372,0.313144697382658,0.375830127474522,0.149128601986984,17,1.48260937744861,0.205081793451949,0.491148769005565,0.515405507619952,0.000100001702098438
0.838134957084229,0,0,0.969025794206986,0.941236043803524,4.16740380079491e-05,-3.30239365505056,0.40027460645987,0.155702697980481,0.817300440911622,-0.186141737320512,-0.509730548678462,0.923373248457456,0.162695946224347,0.513689160352727,0.68196234436123,0.486262382775696,-1.22791995664351,0.103417976347183,15,1.37262616062196,0.118757129474631,0.289987735031647,0.834027310966245,0.00146486574456357
0.913976971536792,0,0,0.91582088536476,0.670436464625922,0.001428035537246,-2.38303431240208,1.84676228418831,0.368141001846406,0.56270057498732,0.281299173522267,-0.0868829046052106,0.573390769928641,0.311193556043042,0.572780034027458,1.27885608615916,0.561776822545167,-7.6017880149346,0.0966779153068971,19,0.599526661680768,0.261085060756112,0.319650701821813,0.99941329308791,0.000100000453446265
0.800744818864635,0,0,0.974901301775084,0.913005648038445,7.50989587522492e-05,3.98785762743776,-0.637516349886728,0.385676256365983,0.791013630994486,0.207788811625466,-0.0761082595640828,0.703207666335194,0.476351274070785,0.560105788596685,0.516556371282484,0.535944798756674,-2.07797477664578,0.0994664165411355,19,1.27100877744539,0.342670800823864,0.29998474748003,0.9998999503239,0.0219817709402866
0.797606023187323,0,0,0.973142555238254,0.996042118092627,3.75145329374353e-07,-3.6180586213332,0.873943790402817,0.127692461135891,0.763829703717366,0.621733642387199,0.0127209058206139,0.61377741652768,0.402227624054782,0.0768814021870625,7.95179718443108,0.601068688153411,-2.08386392981291,0.172717742811741,15,1.09105216494858,0.649866586955293,0.0748017232448629,0.999899480018957,0.999899387725967
0.705986394977552,0.357167812425157,0.280844250952631,0.972340750775314,0.970459759181402,1.0372415691722e-05,1.98362446735329,-3.60152050030707,0.292209086218894,0.702986693654274,0.70130817750175,0.454576534576535,0.517181522662105,0.513200167794867,0.449703677775445,2.76763296959343,0.705697228944962,-7.00191938226032,0.205190124065547,20,0.834424776365847,0.880371701483083,0.310400135175194,0.999899916034104,0.999877878930894
0.671331726748279,0.272042246948621,1.1580199656386,0.98232017808149,0.996608386699345,1.28513932628217e-07,4.16305404291694,-1.34910028863934,0.349928909695501,0.795311100664416,0.732463673791579,0.397078050372924,0.642458016192055,0.561879566221484,0.296530321650574,2.80646938488133,0.708299115906754,-2.7284894574816,0.20142204549259,20,1.40394028619323,1.06249996381511,0.26805886463174,0.999898943428041,0.999898570059353
0.668601614938784,0.0603661572778033,1.50306335280242,0.984906611007712,0.997957335210408,2.06448579762791e-08,4.18534042123625,0.89640815486519,0.738238015859206,0.866594185884997,0.817299925424674,0.310136344006416,0.793990357543625,0.797632026239683,0.323189626329719,19.1256570487725,0.786438781978106,1.27088790233143,0.181978707157838,20,1.92545055946321,1.28859588822185,0.323886808077782,0.959162640253667,0.959161961114012
0.744989070423669,0,0,0.983532810896496,0.991261875693488,6.93073804103973e-07,-4.10538297541071,-0.647165160035748,0.541906676750872,0.869746687592975,0.519316848239306,0.0978098747152295,0.811098113540481,0.309843466991571,0.233314871436329,2.64559895235493,0.787885016779538,0.589656560291656,0.159342822586552,19,1.80481080914283,0.299910743365494,0.222280270888474,0.999899900521254,0.999899814799379
0.738537408775348,0,0,0.983203022462979,0.997059686334818,4.96930644946042e-08,4.2354067175453,-0.0438828416084257,0.495977060672166,0.831818086642703,0.423125872748667,-0.00861819763191193,0.715291128786903,0.365547292760071,0.161324842980954,5.99955974147178,0.65194981983065,0.188454345434963,0.0873790891678901,19,1.60378806948921,0.392097408359029,0.155055915897444,0.999899994989056,0.000266182706199032
0.745802191154099,0,0,0.981923836703319,0.991085606797344,7.26303992820344e-07,3.95867267552806,-1.25484926061671,0.669454456952127,0.831055353508403,0.75664390222725,0.192707955337885,0.736911008760568,0.751804827861332,0.222646954250332,4.94112571810057,0.837944924404208,-1.88982217224722,0.181652313524235,19,1.46908834394495,0.812292184158857,0.219348731618393,0.999739975367348,0.999078896109573
0.772571606120871,0,0,0.972632459294273,0.970355804275854,8.39599124840322e-06,-0.483657843838732,-3.60517057121435,0.645643308932886,0.799113481247713,0.784681133412406,0.181164956282411,0.808160945958603,0.627656473979999,0.176309989464547,1.1386975162192,0.787381455700617,-4.03186634931106,0.189410676515853,19,1.10717200381363,1.28292597765868,0.219200707366534,0.999899618461214,0.999899594024777
0.742124019996307,0,0,0.983899379926309,0.995611208739131,2.25519589314199e-07,-4.15620749366541,-0.637727909324161,0.204615849088252,0.868827613410128,0.428223238184553,-0.0225923772257762,0.818086694720961,0.227351769006061,0.00670420022587995,6.44392657773134,0.700550008256724,0.942101096864939,0.18770528397187,19,1.75081326967277,0.328274309104352,0.00684477364148134,0.999899796737037,0.744379589507069
0.740233356712894,0,0,0.98180295415597,0.997722286380561,3.27242622988977e-08,4.11556863445002,-1.0721917763202,0.68815056674437,0.80514354655057,0.815460734416822,0.214282158932901,0.666806818872153,0.780143032729315,0.323766929948467,4.29307627525765,0.786133605326336,-1.89842679157358,0.187328974714748,19,1.38427856280072,1.45504253673206,0.213556749638945,0.999899902153898,0.999899743207637
0.765214426000849,0,0,0.979940419566091,0.952191926250698,2.26883023781087e-05,-3.65732598328947,-0.767890792012654,0.515995687690752,0.891527198407931,0.350425261697674,-0.151517320421524,1.01984203303605,0.232695897321725,0.168338168737551,5.50079683394417,0.715969683571094,-0.93938780145374,0.125301559860762,19,1.6960400664159,0.290455581708186,0.17914459007516,0.99989999882146,0.00010195484948069
0.762021988422122,0,0,0.97883996797563,0.940375661379315,1.98882451619608e-05,3.52363620038164,0.244252953625207,0.667315938365081,0.910197149319371,0.63484301958894,0.211128600791981,1.08611566593571,0.562177172298953,0.110172582582168,1.31984684508241,0.79321397064801,-1.80489414032459,0.10433926105786,19,1.95462062613147,0.656559347809315,0.137608344168272,0.999899954929422,0.999899901287613
0.774604265333018,0,0,0.970167553452869,0.99546406268812,2.03409934273151e-07,3.38354769700068,-1.08585444758579,0.722654949502302,0.774055587733198,0.840871289005426,0.430685223853981,0.657190759104774,0.920291458915616,0.598358346447811,19.5342898915257,0.718379756253001,-2.06721038043952,0.160632315570898,14,1.00718726356898,1.21658519309999,0.521859309526193,0.999899995871811,0.99989995922446
0.791257798795832,0,0,0.966869128791797,0.93433593780729,3.15482416433922e-05,-1.61492300004908,-2.91369266476209,0.487965402556287,0.80162752293616,0.598620953138047,-0.247707373377611,0.827434908019513,0.382839478400306,0.119289488922449,0.36531549680115,0.776089127822337,-1.86715284196203,0.172815420855999,17,0.999815842316898,0.559431198577006,0.0819064418171321,0.999551757122832,0.702065632846991
0.738365618631192,0,0,0.983841520604252,0.999254362231517,2.2703336183253e-09,4.16213494726219,-0.589049522481862,0.47577892284565,0.853595893575062,0.686234866094077,-0.325875765787101,0.76890729588268,0.723102811033786,0.317707792708475,10.0258982445476,0.80947481859519,-0.844121919655497,0.190798781958238,19,1.72432922830433,1.17358083503145,0.292312998361851,0.667671826106221,0.667671123366483
0.738214338324278,0,0,0.983901195672907,0.999256700853143,2.66896144889436e-09,4.17005435636689,-0.511375919189518,0.363847498969903,0.854213416843302,0.563018962809401,-0.403354509754513,0.770034120119662,0.588849468852936,0.462244083366062,7.01711809111258,0.797318413983991,-0.740539523732094,0.188800676357788,19,1.73846928860622,0.874731625529369,0.341858937138234,0.570714343227329,0.570714177869498
0.803447695892471,0,0,0.965278897745189,0.914972001977903,4.43452747087332e-05,-2.03716051394769,-2.24420250511403,0.471765499061715,0.836145861715859,0.467458210330787,-0.292329124793785,0.927289625796796,0.34532162252785,0.212210275795243,1.55757777764008,0.751153561481704,-2.23501021992815,0.14657505648698,17,1.16240844533608,0.389779922599504,0.216453891185911,0.979504982215203,0.530451016882813
0.740541753606399,0,0,0.983331595249335,0.998030195281642,2.14115547985962e-08,4.07144927825278,-0.982304765207476,0.737151797799968,0.850118166074949,0.881001424331417,0.242720940399497,0.766783123966757,1.0064449267098,0.279847049346246,25.3090276264544,0.830116646574733,-1.38066516820383,0.19153136480992,19,1.63903743784494,1.63842857723213,0.283717375774692,0.999897939851793,0.999897107121414
0.837181511919293,0,0,0.962814238097047,0.827308712759696,0.00012422665785431,-2.55888856629584,-1.79855218086709,0.460162021197693,0.821641324530663,0.260653400527833,-0.306048706263092,0.814411029724969,0.172019534499401,0.300381609761708,0.27426147923808,0.751751022212735,-2.88349605204328,0.133887055800137,19,1.10891036738507,0.188268748777998,0.180791393397784,0.96380845286467,0.000100033091499658
0.92540936256064,0,0,0.854232326340258,0.550158433713648,0.00118282652710464,1.96564241642679,-0.970975410510134,0.157273660582897,0.553202344353737,-0.188151262945308,-0.598399452125966,0.413370643334271,0.317766606581525,0.735386549989993,1.43846408749652,0.409815510135252,-8.15325682055016,0.102652557997491,19,0.389897982028595,0.248618044782151,0.549025312160173,0.000100003281891215,0.000100000977812903
0.845004233424729,0,0,0.955962064760048,0.786499954034736,0.000249407635485832,-1.03608055939225,-2.85686577146356,0.466988839994476,0.790295275786609,0.405935689368099,-0.00415855182497656,0.863624301850997,0.394176757516292,0.507775302621613,0.216249052815834,0.776144177232269,-4.32843917934956,0.161823166079749,19,0.912887371090248,0.243287416230204,0.266401743915975,0.997087457736668,0.00010001815932689
0.971419879233999,0,0,0.631831664278665,0.258624191728073,0.00593805684084384,-1.35388656809122,0.115991494198393,0.12971936741467,0.322564617531815,-0.0411413740641828,-0.300422122939971,0.373856535281742,0.29329110445036,0.466485564633769,2.40808125354628,0.273402679134202,-12.1606578491576,0.0742582382341406,19,0.241411407236598,0.298918321464139,0.469983419747415,0.000100006405646732,0.000100000995714527
0.926740436048837,0,0,0.909659332212013,0.710040534023316,0.000913077492854407,3.28130301287435,0.749735735096429,0.232029706682058,0.393781941704077,0.165889710704602,-0.184221844459639,0.266341048215267,0.392794500936589,0.353684902724522,5.32467128627774,0.290677401607333,1.08864056630833,0.102361590705835,17,0.223973003794601,0.283485457840171,0.379069671118743,0.999899896206794,0.000100001278400403
0.77834301843409,0,0,0.974013119060383,0.955408884856187,9.53509917793836e-06,3.07516572962214,-2.16512008464257,0.0728633971070309,0.798860403475638,0.150236096487056,-0.439125201442597,0.752577032789297,0.113329910110368,0.470563825484039,0.497887007464385,0.59921452486465,-3.84738174165061,0.180707351773342,19,1.34371996835245,0.125839891501307,0.28481501575656,0.6976359871597,0.392689437232636
0.750207860150376,0,0,0.982779073125684,0.980559477909432,1.57327726833298e-06,4.05260882235853,-0.288634970782639,0.224065707670519,0.877475303824242,0.124615331172546,-0.361492067326677,0.849969397580058,0.220512348938129,0.501026386253391,2.72854799892643,0.418601910793566,-1.06547552937478,0.103847998011474,19,1.87063865486329,0.218081047704105,0.402988960377925,0.999876753510429,0.000100004628173134
0.755437126433622,0,0,0.980919775481281,0.976164695328637,3.43597823907004e-06,4.00907170763133,-0.957721543396896,0.114980829007294,0.837889872875227,0.0285380398786805,-0.362430181710494,0.745186770199614,0.0663977627601684,0.545168858637645,2.60451264314034,0.613673626673715,-1.64247208782067,0.167651758210668,19,1.65639901788676,0.0534048347080522,0.205556627963666,0.999872129286184,0.000100000171329595
0.750015283517564,0,0,0.983235016027033,0.983383512783371,1.78070275947006e-06,3.94304638797394,0.796328585363457,0.388158366386385,0.892735819332977,0.396154943614152,-0.285378769904812,0.92436646818493,0.205354813289103,0.280724301825089,7.01996719839095,0.76116785912854,-0.036667000331757,0.156362986562392,19,1.84933035124502,0.187001417995252,0.374720158061493,0.999863483629646,0.685282254369476
0.772764028054728,0,0,0.977742923049435,0.9598132561975,7.40360853618294e-06,3.36920005776924,1.93980378605337,0.473215063154122,0.82649097839088,0.594946967788945,0.241796662791614,0.821206031776247,0.573983269495544,0.297856823064886,5.86152907563196,0.851633687607189,0.694761379654735,0.17274348546515,19,1.15138878209475,0.382492149045777,0.345865075759423,0.969113542441631,0.969113516683367
0.794759133457964,0,0,0.975112694026463,0.96072278859821,1.4542438348946e-05,3.28439156028366,2.15729761549865,0.382848732118468,0.774995484446663,0.373307661730969,-0.488199870992458,0.728340805107218,0.24538883919976,0.375600744333537,2.09955765300799,0.795359412545725,1.99916441661139,0.174044939435948,19,0.97914688758303,0.291359313792635,0.420448856537004,0.999868910833782,0.352597967369403
0.933964757629004,0,0,0.917089116396575,0.724457348947691,0.000519975971714598,-2.55687405073551,1.88029849152767,-0.00343240252470986,0.602675144819175,-0.130286451685666,-0.390422252392737,0.627373893816159,0.203342656557354,0.789125569288777,0.695011356507572,0.356177033723265,-5.96915452971384,0.14719089423334,19,0.753460417645601,0.247088263765822,0.355899312996953,0.601190222242185,0.000100001030951517
0.809525015563967,0,0,0.966455969584591,0.857564000604578,9.12756695572332e-05,3.22380034386204,0.572300753147773,0.326634932190356,0.853193702066271,0.283666715114782,-0.0503199581012557,1.02335663484715,0.319276332112183,0.275820896431224,2.73382370253503,0.577009705466645,-3.24623253538399,0.10118227477575,19,1.38085403367543,0.204288229299954,0.311702634391547,0.999899844885392,0.000100011939010636
0.755998017093955,0,0,0.976990419629806,0.993055932791697,4.52802188870504e-07,3.12461817770408,-2.70018302880028,0.388215646481214,0.766276513364292,0.814275011529311,0.020101660567304,0.617426866321634,0.80455906588524,0.244306871309348,0.674294862238546,0.734343637763372,-4.54123555046733,0.198924179723597,19,1.07996303306733,1.36011515550483,0.278927970759435,0.994801159235178,0.994801044105951
0.741913075765908,0,0,0.983966766350966,0.992943167959589,2.30180833785445e-07,4.09352748492803,0.298069296095038,0.336442499647896,0.874010288750496,0.264557202132256,-0.0962946573614255,0.840480772638016,0.22559735429404,0.416514191995593,3.49263536315856,0.537681487596667,0.342234149282347,0.128594704621459,19,1.86414148536933,0.24389716005564,0.376052073740023,0.999899949542868,0.000100005704354945
0.742619067626804,0,0,0.982971632742928,0.984962656134937,1.1096495202409e-06,4.11268454760454,0.362026522347362,0.221478645845912,0.863183032111255,0.0598203044617354,-0.261834898730817,0.823124978753412,0.144478175678509,0.454754283268696,2.24333001278023,0.474336057959529,0.487681607643168,0.114556269186099,19,1.872641590181,0.184256985287402,0.237251300184106,0.931550948403252,0.000100003422929075
0.745629147311903,0,0,0.983949902539361,0.992269293485351,3.12760856227571e-07,4.11012333314873,0.28447897075228,0.284381398059198,0.875837287292706,0.170028279058919,-0.213460609575805,0.850168010738197,0.0818217913884343,0.262458369410115,3.12781287986193,0.496007263859938,0.20176061459741,0.130544885717188,19,1.83437259353171,0.0838926262641805,0.209867369525593,0.999899994713255,0.000100026024692098
0.796445767255028,0,0,0.961844236871057,0.942251563816095,3.56232470084621e-05,-2.68893372950371,2.72909811819323,0.38912716688533,0.56988952370683,0.621094531170289,0.169390566617442,0.340122078483374,0.477420685697629,0.19721658073207,1.8927768096942,0.602497659640224,-7.94012159829295,0.174068992779565,19,0.426762914574522,0.562490148911706,0.157434819638407,0.99989990340085,0.00010005214851099
0.878716982162937,0,0,0.961637906225504,0.90297653385894,7.95134135345947e-05,-3.63750674702139,1.62755116410548,0.16281157913594,0.613006856715591,0.087294023389349,-0.429037610308378,0.460642602737813,0.127736584792806,0.492613217653057,7.39636507954791,0.511840473028499,-4.71008072167204,0.137815819253709,19,0.480300430978027,0.0863835288753634,0.495203673379068,0.999899986764395,0.00010000500503976
0.833580848823344,0,0,0.960438978585266,0.888786088261641,0.00011569806168308,0.950549879377271,3.34569331325838,0.0130851991639166,0.75778577615658,-0.118310133104581,-0.745351958451966,0.829025534357862,0.253382278786606,0.700174104438038,1.18089859658411,0.751811531994957,-3.28721976861428,0.181153187516571,19,0.984642197073683,0.219627977082129,0.785907967881526,0.715245721892205,0.306177508501948
0.833051789109561,0,0,0.967360171621715,0.928875552127666,6.1375120764461e-05,2.68663830070564,-2.73236446241913,0.26638750995813,0.740823681470711,0.394315876753858,-0.446962332754342,0.650309561461685,0.169194917325542,0.351741957816373,1.10648138231549,0.59208548466714,-4.89058610797681,0.177929403823033,19,0.815756413403577,0.175417287387111,0.223640748916331,0.980193265488164,0.500018457842466
0.843098604495108,0,0,0.965571476100185,0.924839915601894,7.01635922039231e-05,2.50381819310028,-2.88166392249191,0.217790960560718,0.726796243832673,0.35149320202906,-0.459584569192012,0.640628678113113,0.133751927549516,0.390272593861656,1.42188013026136,0.598011070214874,-5.01553312448333,0.180057966713027,19,0.760370992455307,0.143710014589096,0.230214589745543,0.976914534208112,0.366383089230881
0.867806345278997,0,0,0.948856666456643,0.804487734802837,0.000296169584785808,1.30452225434654,-2.94689031964533,0.250773824454849,0.687796170263962,0.0354205119265996,-0.500012801703859,0.726642653971551,0.0626327420823521,0.419574697815105,1.74535234882148,0.624061460535067,-5.16112935809686,0.167746071819866,19,0.745963210492801,0.0543079182977584,0.274378608921819,0.995518512564081,0.000100012982988977
0.756196336620402,0,0,0.98270103157776,0.988056720459198,1.14947827483816e-06,-4.03085797835464,-0.901173431948802,-0.111074747206092,0.869632865996314,0.0235251844352184,-0.407692026397302,0.825636729031671,0.195066647130103,0.507838064352622,1.16536763676501,0.546677511451031,1.15778270753162,0.181267847014427,19,1.77559213790522,0.162591757675236,0.594128043840481,0.99989911927513,0.00010002306002849
0.768608755758798,0,0,0.976363856857514,0.97636162945131,1.33994271023007e-06,-3.29577791843928,2.30675983716491,0.465058478455572,0.795396475259849,0.677553906409004,-0.215631156964936,0.661833955329759,0.573906583672299,0.270499868823883,0.403102448453473,0.636078410085529,-4.20995464873533,0.181062014722033,19,1.18771283193608,0.568322577908775,0.133257096372695,0.999899856217608,0.807699201343451
0.765781347626576,0,0,0.98060348765352,0.962203278126111,1.04049362062847e-05,-3.93492004009114,-0.344869473649067,0.335630323680431,0.871251512741752,0.289238585294472,-0.306912571589727,0.826623141576536,0.202402144138114,0.206703745325017,0.154682245045239,0.365585218054069,0.440383516321184,0.081256412739462,19,1.73676153294347,0.167425271028107,0.21855789883317,0.000118578179578216,0.000118505122725031
0.745940616678874,0,0,0.982191378673797,0.988278007536454,9.37820706937079e-07,4.00243305106646,1.04693473236647,0.423147812151844,0.839648454914882,0.495789697334699,-0.105862725536339,0.756911782275937,0.271254973433836,0.115617742768295,12.1299277956199,0.848855426290529,0.862865407178532,0.175900736388706,19,1.45626983881274,0.308576723288655,0.123630057271633,0.893495031113954,0.868374077161964
0.742229625860667,0,0,0.983269921430045,0.993098744145074,3.22401789623199e-07,4.16177601603746,-0.0261052569159619,0.410766739538883,0.849887823061689,0.193490729505091,-0.514411758950043,0.763424513988916,0.207183659496538,0.377269757485118,4.88427847550513,0.592776688922469,-0.728261606256097,0.0753872737579803,19,1.72551398413266,0.265222899814954,0.320569528791825,0.996352817323383,0.000100000147142339
0.768497944748802,0,0,0.978831947026269,0.949584415414492,4.60312151983354e-05,4.0141400419129,-0.526004785910313,0.00554670780729692,0.859254924470366,0.114162407351538,-0.0841701671312938,0.810716791106425,0.0496118334462037,0.0802755927924227,3.05872651918896,0.136841269561252,-2.44969474909185,0.102441885803218,19,1.58391236868112,0.0521369200385953,0.0892495810913246,0.837854798558183,0.83785477224452
0.834531912225642,0,0,0.947544448953225,0.846527040680073,0.000311126819431665,-1.76923292625908,-1.94012616263716,0.396256995590288,0.691821631548445,0.524423190941652,-0.189490102562715,0.575995387434795,0.485546244833454,0.103477860330825,2.03043886724906,0.490901935763987,-7.56125500594392,0.126601500364903,19,0.686036379692097,0.277298158593605,0.100874707245199,0.944392398113971,0.944392312846483
0.742392092254834,0,0,0.981675110564573,0.993117376732294,1.63636286292969e-07,-3.96281721138011,-1.30732927267942,0.483763896491125,0.826357389911454,0.659487869430477,-0.274922439756558,0.702761895147912,0.488606509534089,0.122757328859497,0.401199083982923,0.694510017406738,2.38088996716727,0.178983633876891,19,1.57112958084142,0.667195804140077,0.110163303997856,0.836003537112014,0.836003501722487
0.750827233339866,0,0,0.9744625918243,0.967609264013478,1.45935121795505e-05,-3.96493671772821,1.46797796373853,0.281201391449341,0.683852732862908,0.517937087056669,0.485262411500682,0.473006982257284,0.310628298769959,0.381777816449479,10.1261375338812,0.492705842573602,-4.90704463531073,0.178973726319393,19,0.9423644755012,0.288072735806323,0.247804186271254,0.991689660697551,0.000100004689245716
0.849460280797902,0,0,0.965510457641888,0.917773177514193,9.95451028132089e-05,2.67430451569699,-2.65650676255497,0.128284842684232,0.74722016765338,0.20397189602505,-0.477159199811099,0.658724908023434,0.0449403959220807,0.422834534988633,2.64190696833154,0.580980349194157,-4.5092261493657,0.178513652914068,19,0.875569887954707,0.0488411576867373,0.23258559954942,0.760703053827355,0.405866425073742
0.825468644686901,0,0,0.957013367667798,0.923175146816418,1.84182572052099e-05,0.172043399602697,-3.72390286504392,0.300806371034734,0.618921050525442,0.411181910470991,-0.537160809570324,0.467909916391858,0.376434451225895,0.469706178134539,0.568538625985077,0.619125038858043,-6.67169064709746,0.174846061564868,19,0.585162423928165,0.38395453160175,0.593670920538316,0.764760371182142,0.764759973966062
0.810003589099046,0,0,0.96540801562661,0.905226803466171,4.68710542200736e-05,3.4090683300501,-0.957859687589361,0.40877624208679,0.646229711760078,0.375702198383655,0.0762498291421901,0.464273139613197,0.168775812634463,0.0611973342199336,0.566414594092814,0.598621728806045,-6.49158665756528,0.106374093092779,19,0.549342151570458,0.203981801005235,0.0708585592642152,0.999888678764155,0.000100013340506724
0.86368247004598,0,0,0.951602409900051,0.817778197531764,0.000240621707754254,1.54485800121327,-2.86427711298354,0.232564969274054,0.697344421977662,0.0154630374494891,-0.507093743502223,0.759120141154328,0.0689042546872062,0.421357002103566,0.46548179851276,0.621588903257422,-5.05244770328983,0.168653510621227,19,0.772087132914807,0.0589030356469251,0.292127518992053,0.999899963693104,0.000100067948457506
0.740136901052579,0,0,0.982931781566705,0.99438354375764,1.38809037552408e-07,-4.17904354886167,-0.403394883775756,0.248709321016688,0.834269843473626,0.129282270285163,-0.329295789433495,0.73084918041985,0.0945053250958303,0.247591138722095,0.107698849173819,0.56959943252298,0.743326477785056,0.119336543734878,19,1.63729749906833,0.113426002715191,0.202641089310082,0.990101997341409,0.000100014013689202
0.795106972949561,0,0,0.968381324486413,0.916436362251856,8.85738919469764e-05,-2.99401471242834,-1.66606584957053,0.417022455707447,0.797937484744197,0.542662840490584,-0.167075088905508,0.695794070781274,0.518209354456197,0.0882043722112987,0.915577072174834,0.467366989016271,-1.81243232186069,0.132851030718029,19,1.19740060864795,0.316844577051728,0.0972161001997913,0.999899968281828,0.99989988511048
0.742706093050603,0,0,0.982276964597087,0.994339914396453,1.6470413284218e-07,-4.04753655485652,-1.14257103877994,0.410417480555611,0.832041315128579,0.618825943889146,-0.207073182910078,0.722620113297468,0.413732043660785,0.203784204120252,1.22635041245623,0.73731015546063,1.88122883658139,0.180684146199842,19,1.51808751330929,0.544940820452335,0.0969787995265639,0.999899794779432,0.651463635990811
0.745133609685101,0,0,0.976193274641353,0.973267399519461,1.02607254213015e-05,-4.11795996793598,0.96051316008752,0.186664019583876,0.702740826331977,0.411121961755793,0.364263300482984,0.502368293209471,0.198950407562026,0.237334674765547,14.4964661559599,0.405905178466585,-4.02437480184742,0.161820628520685,19,1.02230824896117,0.178607086611668,0.166164099261028,0.833534726138093,0.000100012762574055
0.803509963384277,0,0,0.97239918663924,0.931803465611893,3.08513025151306e-05,-3.28861666352918,-2.30562568166605,0.16664172108651,0.761608265983183,0.0994205248401315,-0.481147779116465,0.6050065985368,0.19743704851853,0.57437683084254,1.55771855038548,0.753331004724621,1.26202160182707,0.179279825954427,19,1.0436963944843,0.150532525940266,0.685912827908108,0.99989945263014,0.00010000429830767
0.748008252094126,0,0,0.982983090739998,0.985327152740223,5.48399390832718e-06,4.26980798114445,-0.0830862868893368,-0.00845313569785442,0.858349665622475,0.0973606899967517,-0.150880226728343,0.785811516853228,0.0381538152298731,0.0896586376558827,5.57674362063056,0.129087498339256,-1.24051382916327,0.0709398487748985,19,1.66675728736926,0.0418223349969776,0.103748757109897,0.000207771976430388,0.000100001153878133
0.98650775294058,0,0,0.500045830129239,0.269776137272844,0.0179892587974631,2.18057524545872,-0.0109537574667263,-0.427661220377681,-0.131801098154606,-0.611387494696337,-0.680316914553528,0.0668312444838355,0.751475922594121,1.08943321318322,4.91716911762255,-0.375967062485759,-19.5607543797173,0.0656545921269708,19,0.0545939276518273,0.385432638225093,0.492644107493346,0.000152079653551201,0.000100000652852858
0.80628183532581,0,0,0.973972501640317,0.915530840741618,6.16421633681029e-05,3.95313668357631,0.947297528465903,0.0245276788921446,0.824306413837558,-0.042161510712976,-0.370480715341852,0.782220038916317,0.0495220592360398,0.181224783207376,3.77961115852186,0.602473216189548,-2.13934424033513,0.129417175334301,19,1.25953345780582,0.0443668747414967,0.159603651932487,0.891670612539422,0.000395638396692203
0.754382185844353,0,0,0.982267811169885,0.975822108047325,8.60305446944291e-06,4.15469113406787,0.104550638145323,0.0765285151546402,0.869162030254254,0.122838108642777,-0.0795325200588993,0.836505859487903,0.0962254972830734,0.150741337121896,7.34592042006206,0.30253613191704,-1.27725472968588,0.0775463694760693,19,1.65582476868064,0.109613740917516,0.159060245176774,0.000100002853419679,0.000100001163186804
0.738226650503229,0,0,0.981920396956245,0.992307429289794,1.95720260664376e-07,4.20749982717801,0.177692585698385,0.397856962456573,0.806499033128164,0.375346969068514,-0.0368437735945524,0.664905161706603,0.211169780138459,0.0351117602680017,9.27836149935074,0.686809539509333,-0.481233470347325,0.117090733631366,19,1.38656093423124,0.188634961441736,0.0368996365252867,0.999899827645201,0.000100003114706478
0.785184765544363,0,0,0.977030491878215,0.952161709540693,6.47038037906377e-06,3.18191550991228,2.29431746815467,0.193528626029863,0.841486644132711,0.219132837756155,-0.419972708793147,0.900786848799469,0.197488583322246,0.372390743002615,2.87202245919397,0.830974287211669,0.415195569258027,0.181693532777644,19,1.30139349112349,0.182958509819028,0.425588346530768,0.999898415204793,0.199965969174105
0.854047216369524,0,0,0.964314238031171,0.895274530402521,0.000275887472591777,2.86135946926326,2.24370129368683,-0.0917885990187674,0.754523890081504,-0.270370786375585,-0.669106438120673,0.652216638586705,0.127999771991219,0.712526602857874,9.55037638755971,0.700875214723958,-0.938156033106096,0.173852782684167,19,1.00961078547905,0.141435344552374,0.607131382202974,0.796830956912905,0.000100024976471528
0.748033130951792,0,0,0.982202257344561,0.986047744461763,1.23016486674606e-06,4.01105776845378,1.03275843004167,0.353916590302765,0.845425887127203,0.431789608107382,-0.0917048520312694,0.776010630471559,0.223899198560784,0.104987731627186,13.8436516491913,0.845745507268278,0.628675788615095,0.17325729804937,19,1.47213206927421,0.238686677050104,0.11480583790303,0.888216677270509,0.888216623788886
0.738532120027427,0,0,0.983705484621392,0.997462515944567,2.57731746097636e-08,4.18556595005032,0.267000128213014,0.289564987785131,0.848809144090699,0.0931918927893382,-0.54306614588968,0.758527705009602,0.120208717901483,0.402189389405794,4.34966695920488,0.781466700952384,0.108287166108237,0.146274316516322,19,1.75010667142948,0.0936005810010692,0.474885472154685,0.999898956337423,0.000100022828768344
0.933863796765401,0,0,0.866357760297116,0.601522748583621,0.00137752573504317,-0.415915832131539,1.25008931081179,0.237878299756444,0.598268453466301,-0.12508801945962,-0.636025422322328,0.557366445126734,0.154430205597008,0.500837415425998,5.58839605608301,0.578245085088644,-8.48682415423157,0.106187968524136,19,0.730183505973825,0.171857003807113,0.616040414334839,0.901530073639987,0.00268508714902373
0.913394872769187,0,0,0.893000052347297,0.627492419546541,0.00108526156530523,-0.429372051152331,1.18277351429134,0.34915513247913,0.655405106424325,0.058613810841263,-0.507661839965767,0.632926203447781,0.151895565580942,0.370256291195405,2.51460328819833,0.633394457212075,-7.88989439499923,0.105423432182227,19,0.780186626572992,0.162298009646761,0.395718221473476,0.999899963182255,0.000621100188946814
0.742984775926424,0,0,0.983243435812514,0.993090120347938,3.25095918166408e-07,4.16336486629332,-0.0352514797400562,0.42060853353422,0.850613869088119,0.205953065100671,-0.487234023998589,0.765162876393381,0.193623082697363,0.346050597366296,4.45260300697349,0.591629512970068,-0.716986611148449,0.0741938821750767,19,1.72222042018397,0.255070022056525,0.278567501473467,0.999899996972014,0.0211214762486796
0.771393013126894,0,0,0.978398195498303,0.949786691993568,4.58982912310959e-05,3.98625989788235,-0.694767153486074,-0.0519277299559598,0.853643732024089,0.0607998105582797,-0.203096414302607,0.795148431291431,0.0291969705157854,0.091157187804734,2.7002891848384,0.150851239618871,-2.5436211015708,0.129663492180179,19,1.57995908499363,0.0274460856293369,0.109200838046848,0.752146114263815,0.752145957177243
0.787744189128801,0,0,0.970974658622828,0.899216424568462,0.000171634405438088,3.80483637658192,-0.686224540721553,0.0943053792040658,0.810091762310744,0.210279667837154,0.0545268208894858,0.714825890698373,0.10132419795332,0.0890932734421887,1.08677433757268,0.226548029506643,-3.83952168593116,0.0825265086965831,19,1.23470077178605,0.126225337180351,0.0861177147276224,0.998782809690095,0.865822278012735
0.80043475708383,0,0,0.973847957944154,0.909124774151199,0.000155706915804644,4.17834518695089,-0.114727649065643,-0.104917573221981,0.822328784914634,-0.104282942255948,-0.331752778287129,0.743538638470299,0.0308942734481163,0.137557942226388,3.55071533209838,0.0790109422513359,-2.79440757161334,0.0662021866357368,19,1.34558775047234,0.02722799594745,0.147395685704639,0.000100000367334486,0.000100000194514528
0.807095746025053,0,0,0.972599917382634,0.910838295775344,0.000120668635094237,3.8422258967371,-0.556546970205836,-0.0860198005991893,0.832245014574653,-0.203866129019493,-0.498824809605714,0.841753098977202,0.0606458283784093,0.342767458890119,5.58478496102487,0.0610075706532938,-2.36709179169768,0.11104264754374,19,1.4694797571122,0.055073426911593,0.281703308640681,0.0600548895914139,0.0600548851740905
0.759099862450011,0,0,0.981062896006028,0.984253538149276,5.90033512994182e-07,-4.09763652707435,0.856759886838543,0.266464252213872,0.821958716014759,0.276232310213161,-0.492953720322345,0.699361421189415,0.113951390453237,0.495430438520733,0.811229768617111,0.470883484296548,-2.25758926936008,0.153801418260762,19,1.48835460552306,0.1101771696525,0.281810517270512,0.982388496200217,0.000100000832308792
0.826390620780556,0,0,0.962193593371976,0.939839795973769,8.19630781043258e-06,-1.22952623269424,3.59058379281746,0.126584598830117,0.678064572170629,0.38457607739339,-0.480641458817632,0.489722862612284,0.200044321240199,0.538053153045627,0.440791587197932,0.640878063056358,-5.61825049121552,0.186517430330758,19,0.634367482589537,0.265347552758139,0.309865571057456,0.708841967704291,0.509190032762143
0.812793545476007,0,0,0.966879752181327,0.924915830467047,4.31818061695756e-05,-1.45717880682186,3.1924145373582,0.452976925492689,0.736388253452903,0.592331442998505,-0.20007402365854,0.657921184346767,0.403179268887081,0.16499920736249,0.0792472223533457,0.669368532744147,-4.77358293017045,0.185148060828844,19,0.723705660235193,0.431879455959197,0.111191622561028,0.999899979247729,0.631204547419192
0.744412860388,0,0,0.983102318346942,0.994477403489457,2.16309123760717e-07,-4.1355929505816,0.659831507172232,0.385651675959569,0.848894731089467,0.464178385497229,-0.175523050247171,0.75346852373435,0.346292801233147,0.353734228167791,2.24106192584687,0.588408529562894,-1.43833301503595,0.156675665692661,19,1.69150224167464,0.245385197744354,0.325089686093655,0.999899950784589,0.479066702539992
0.749957826517185,0,0,0.981667493165024,0.988699813048031,2.53211981161489e-07,-4.08297754762558,0.878156706058157,0.490956390822992,0.829691513080331,0.553337944582244,-0.324636236445828,0.711299811815792,0.370585975937069,0.193456839182981,1.3235117750563,0.532041088658494,-2.29315153684031,0.143929344928686,19,1.53976301592047,0.41246420702363,0.165540824139112,0.889808041320123,0.889801173804561
0.754201814918044,0,0,0.982432347094568,0.980619944633306,2.00869867559743e-06,-4.0897778517614,0.059530959757851,0.261298622851645,0.86118677734679,0.147155919926953,-0.204026039003447,0.808047347886334,0.247423539404078,0.450961751833002,1.29674954980687,0.473550789203333,0.203246310031052,0.0914111546697702,19,1.78767184449039,0.207338818665064,0.480851390859329,0.999899998391151,0.0199274385314553
0.761978124199761,0,0,0.979998207090426,0.984265454351549,1.33375755636662e-06,4.05237308930051,-0.840197786411384,0.422268961381984,0.790083986462894,0.338887091847862,-0.206182543947508,0.660862010899466,0.186012395049365,0.208951789183891,0.322744734770463,0.732682214347636,-1.99110440240568,0.134011499388513,19,1.11472397897004,0.194125934612247,0.229092892068958,0.999899962851853,0.000163329966865638
0.74221319650616,0,0,0.981075168068453,0.98826346455343,8.13888327352864e-07,4.21999789297252,0.093555129840445,0.209086348940816,0.793170995350567,0.123803958241577,-0.376170298476378,0.648105623665394,0.147091805709031,0.169429511491247,7.40003502660891,0.393747030759873,0.828638095461185,0.0704032667285227,19,1.45956044482052,0.158876416234114,0.201305715740875,0.680467756496215,0.680467603817332
0.918912694678392,0,0,0.840878340480027,0.528000105909948,0.00193799283579486,0.501151932101573,2.01597953773654,0.454654841985017,0.453376079913578,0.47104365495198,-0.00941193677253028,0.497446990216143,0.471038204860698,0.199704823562797,0.276350743594857,0.427977372183012,-12.4273778874475,0.0876925432500729,19,0.510479101927039,0.494188002803231,0.180215886692275,0.99989995917605,0.000847639527070646
0.765019984588717,0,0,0.98011069094307,0.976879478220422,1.05611093376344e-06,3.97935701655507,-1.11827199368906,0.232491071552008,0.807390579307344,0.137226659591736,-0.293560029118572,0.675468780611952,0.173636537933445,0.647247113831995,1.4246127660355,0.726577624381391,-1.89514497429881,0.179063672133112,19,1.34870838402281,0.109018139029585,0.37460261203904,0.999899818902947,0.162790028693437
0.802216431539842,0,0,0.971634107724275,0.935517675082116,1.63655428764652e-05,3.55700390901577,-1.35290224777063,0.364889108762584,0.736278936043194,0.378737418227272,-0.141400055078897,0.648029506644705,0.239014890993811,0.261554106504364,0.989864263648749,0.680873168535514,-4.67390463188652,0.120749442269007,19,0.774510698155225,0.261312538741866,0.283132940435303,0.999899997259938,0.137223046812691
0.931278315854125,0,0,0.874708081729609,0.685528009648786,0.000797874810981467,3.10381188615261,-1.37634893949892,-0.359109615025686,0.469108935185621,-0.336091463942423,-0.345078643066304,0.236598348487926,0.294515469907375,0.362962313360053,5.23108100016022,-0.00603844512677211,-6.55829466100185,0.158667802411107,19,0.351468449489801,0.285174428808556,0.308567866579003,0.112684470481751,0.112684470325143
0.747794264720494,0,0,0.978430127728983,0.985931375755558,1.62176973966046e-06,3.8235854543897,1.00024851020673,0.250445925150189,0.81950726736511,0.294364061713013,-0.244806586263123,0.739239762733828,0.224981280055717,0.703715683923281,0.484271858204034,0.713464358000178,1.5057144414723,0.174839184072112,17,1.40438956590378,0.241843362053921,0.406092529385483,0.999899940831012,0.253430697153169
0.738770442981138,0,0,0.979282048022817,0.99631624879015,1.02291751940332e-07,3.85301872743155,0.930048759518516,0.0956237310827071,0.818040565878198,0.323840431050976,-0.726780883254881,0.711591560747404,0.371911592332201,0.749235668080414,1.66336081471323,0.732673608056574,1.66912936886005,0.181334360813459,17,1.37839125616139,0.489057470759514,0.7480923416495,0.65862977752902,0.568359627077592
0.769454356416061,0,0,0.975564327555921,0.95479670759468,1.6797680936316e-05,3.74166024974106,0.996101358100646,0.319553090195607,0.809952238610365,0.255967266784219,-0.0357633939340775,0.75321117701405,0.427324060796549,0.817379829584897,0.834386427652222,0.649013357768488,1.04739561752979,0.162469169462399,17,1.34973963062083,0.533227671700244,0.759162086125869,0.999899980890499,0.000100010727812385
0.766996818408953,0,0,0.975984350790498,0.970160325690538,7.06061624650333e-06,3.66814081154619,1.13887000791894,0.162005863114633,0.801532310532105,0.110716279839475,-0.324752803778083,0.709237796024467,0.226901865317385,0.868523298787521,0.319583266710534,0.649960681555944,1.49460472685572,0.170935837239683,17,1.29095156032676,0.25282846554224,0.4678361000376,0.99853013217504,0.000100003674156118
0.747811202091487,0,0,0.978423755864012,0.985950400836531,1.6149543237965e-06,3.82331610259629,1.00057197921016,0.249643642084041,0.819400084821505,0.293916508434444,-0.246039798926746,0.738941570795209,0.223744698151038,0.705418056441305,0.481086359645899,0.713326820535586,1.50903017482474,0.174889967848975,17,1.4038423661465,0.241507015960724,0.404684249971169,0.999899964023002,0.242838303278002
0.754534179801331,0,0,0.977814596450118,0.980794248238948,3.18938775208363e-06,3.84629249178881,0.828215369049685,0.217093347697392,0.807981558935009,0.125289684170533,-0.259615614373269,0.721503116959172,0.234737266101435,0.803447090778265,0.514752624018826,0.665849884745047,1.17725594534661,0.16853973686399,17,1.37132429416638,0.244207562104184,0.457585838673814,0.999899955835028,0.000100018441248269
0.761743523021954,0,0,0.977123265714977,0.972249225529371,6.46243807017952e-06,3.68265259736829,1.05992421471613,0.333530113080237,0.825437075267944,0.22221388115635,-0.260023860505058,0.773376311113147,0.411907147370143,0.603310200659359,1.63671837242654,0.750519943989419,0.735683049123172,0.159502014168866,17,1.36617954706488,0.205735273343003,0.582589207294319,0.99989998697636,0.000100043371045982
0.739039886577436,0,0,0.978716450633146,0.987608501221861,1.48524210952928e-06,3.9419396919534,-0.016174071723918,0.13049053481293,0.807820035521238,-0.0714643561034931,-0.376667541214402,0.692323624078293,0.148523449350797,0.389467308739586,3.08826106945489,0.321793990688846,0.388773810547393,0.07456872207195,17,1.39075885606473,0.120523830002822,0.312994463016581,0.826661784963623,0.000100000437947107
0.753660930466594,0,0,0.97524409407075,0.964837786901286,5.4803968502706e-06,3.84478922221972,-0.285526542140306,0.250848765018524,0.776661810490751,0.0567244329847851,-0.3734295325789,0.649411341166759,0.0963125849949902,0.191439814000723,7.02574841607745,0.547630563623161,0.0249828964761735,0.100575459183657,17,1.2008638249871,0.0956098234516183,0.14568205949891,0.999876191355078,0.000100010264167356
0.770420296255611,0,0,0.972640035774835,0.96147263723548,1.03445222799253e-05,3.82000689486086,0.928165149501542,-0.0551888497131083,0.73034392629444,-0.0553596059851871,-0.345153185095452,0.564729465142676,0.0609195335665364,0.188095043285113,5.43799783400926,0.539686348824606,0.634588935355016,0.158740323263192,17,1.09155674006017,0.0636390250734189,0.16943690302946,0.254836277252209,0.254836266829843
0.973161939242322,0,0,0.792075213897914,0.587493117435693,0.00407888074342039,-2.66788876564478,0.935793839148071,-0.188111316021192,0.141552497267397,-0.115304854799471,-0.168370442506375,0.0878200629536177,0.153074553363777,0.285606948955832,2.47702239612714,-0.0303327908296081,-13.4411939668043,0.145002146206571,17,0.0908331001726134,0.17349476831119,0.286137964454391,0.289512295042718,0.000100000081121571
0.76069544275807,0,0,0.976742197276176,0.982779253812549,1.81199657121464e-06,3.51254359322143,1.49845235475678,-0.0374493068894408,0.822524645626766,0.198773776613849,-0.457980913803778,0.746027979266982,0.106740515096308,0.448940293193446,1.07194894575182,0.687961048298617,1.81748526766248,0.178751036209241,17,1.36522389975105,0.129257250370177,0.267573856727796,0.326289063021018,0.326288990027732
0.966254046333215,0,0,0.862570349157484,0.656779409242583,0.00136447937801307,2.9641874786539,0.145800650543269,-0.158819151777449,0.423741045954766,-0.360583437120393,-0.539316635000902,0.194717622237131,0.227110105114061,0.347833221801059,0.259685244922817,0.0851271996858365,-8.30998844107823,0.0888606530003728,17,0.194332093459679,0.166414924769336,0.368369978365282,0.000100607046652123,0.000100000411854794
0.892552430005538,0,0,0.937661425952154,0.789241761241767,0.000257738339387317,3.45960366757016,0.125077687156214,-0.0328718127125791,0.643419005291765,-0.315808396438851,-0.404179113960126,0.442144475731261,0.574154141244251,0.44554569941676,0.529366920837551,-0.00301969978577603,-2.91505351862178,0.0700453890117981,16,0.688453030438784,0.191275246380879,0.199588463373814,0.000386103150972784,0.000386092839711434
0.991768974301763,0,0,0.532781486197715,0.307647448795706,0.0053449216951564,1.24006653106124,1.0805637472907,-0.197730259829533,0.151397663882059,-0.405557682142281,-0.528224922540372,0.106066049277502,0.346469241380499,0.371819004273111,2.76639960937476,0.0808456088233124,-14.048767120325,0.10679212909219,16,0.103237211651128,0.280817878781964,0.471961412675273,0.000118195381677309,0.000118188463770512
0.831206478953735,0,0,0.944151874682063,0.819936536001687,0.000152217613533293,-1.98682384202654,1.51213323353939,0.343528433815084,0.792915497402694,0.187631998335613,-0.437501606870821,0.816721323383427,0.135351273622828,0.314253937437423,0.100263402438154,0.590719710081891,-3.95490111207155,0.109065088050702,16,0.936187677374339,0.150125594525262,0.373786177443783,0.999899940124219,0.000100004902711771
0.976056310038575,0,0,0.700400177122336,0.417605978007477,0.00322852275893564,-2.40588799055702,0.581464490821748,-0.184112053075377,0.293298854486198,-0.329883276159959,-0.399383190436584,0.118482575781041,0.605775998882634,0.365452280079791,0.182311282852146,-0.0624692643360624,-9.30874693526578,0.0927933937456984,16,0.0955284643278424,0.194355297136299,0.244374447183318,0.00750045814985901,0.000100000804351912
0.935650864030142,0,0,0.831727223769886,0.590748860425758,0.00149555298303785,1.70281686359862,1.26352068409003,-0.100543284088029,0.51733473815687,-0.319887819869937,-0.544375921190802,0.505426135318698,0.348791452009614,0.63422139775978,1.12448190403943,0.351662923328908,-7.2897888281913,0.124062487913115,16,0.568542099787432,0.292046614828987,0.467780529440557,0.535034889930073,0.000100000341063158
0.966039613370131,0,0,0.856105289569344,0.681552662393987,0.0023500279237279,2.98057952010499,-0.0978979422902354,-0.388813847154661,0.408612882988898,-0.569212050268926,-0.580731459547937,0.203445075606489,0.49951400515508,0.433217970052127,0.877241682851427,-0.245234074470691,-7.81754405167567,0.0792250605928378,16,0.274140484544718,0.471286499409469,0.518981535286755,0.000994954018628683,0.000994952448225422
0.991784044751052,0.0784427673411219,0.00980217285552132,0.500045830129239,0.193190918306798,0.000735382297781311,0.50575976561423,-0.693183486180332,-0.204611342054439,-0.0202390977994215,-0.438844417521238,-0.539419938365032,0.223662607668439,0.592859259474828,0.991461537060292,0.228655591650508,-0.0237256749975873,-29.3570660059047,0.0758185286108596,31,0.212116638253908,0.724159369476321,1.01033966444587,0.000106109025286711,0.000106095380448163
0.992114008785447,0.159346098365737,0.154983503618561,0.500045830129239,0.105728787476996,0.00113247570245476,0.614212102231741,-0.938602860207141,-0.271479371001257,-0.134195745615842,-0.523695042252575,-0.699294551709509,0.0234214140762695,0.444962920151479,0.710252054531364,0.235916122346165,-0.212871280930501,-35.2930309514882,0.0691351195428245,31,0.0234054644452483,0.341433687403194,0.681154693735505,0.00522710188394021,0.00010000049007492
0.99199078991643,0.118293390746422,0.20504657098346,0.614265805423666,0.270572413019444,0.000802301048466218,0.894160231027734,-1.28765189520907,-0.0586208916396333,0.208979202107697,-0.377332202173133,-0.531012516084294,0.0715066449061393,0.37591300415453,0.647722070732594,0.287547666056101,0.167635827778643,-22.978744022038,0.103976444870772,31,0.068558136930141,0.203077249936603,0.32664882754263,0.000100015571882301,0.000100001004523895
0.993743443521891,0.0691845969100599,0.394723968704432,0.574186091382572,0.272883917610636,0.00135223608060826,-1.32250377783253,2.09178790216126,-0.245300324636125,0.0413519668977908,-0.483195666166059,-0.567946423021355,0.0813543703268088,0.515092381169917,0.790859889903347,0.66669341166313,-0.00645815742690777,-27.7389029898132,0.193781978239492,31,0.0857135380220256,0.290508174165225,0.379696335327888,0.0374178832990651,0.037417862171129
0.988865916520408,0.261921555912137,0.0281371580808893,0.500045830129239,0.145549484833055,0.00173146205057695,-0.896333254010793,-1.34475027606269,-0.0424510964394152,0.0653326379067264,-0.301691407351785,-0.527960307788872,0.0758429044814794,0.323358700604526,0.531409953750742,0.953702805095464,0.0594729899070413,-26.8050258868019,0.116191507184044,31,0.0954662811368832,0.160743848885866,0.308897356236484,0.0379846321260166,0.0379846299515066
0.951170582891261,0.200855726547751,0.0992331688025017,0.500045830129239,0.083967911711979,0.00195970792960056,1.58661681647066,-0.642629513425784,-0.501706845549861,-0.393611087485833,-0.710073741142961,-0.785008685967563,0.224412458566844,0.907038109219739,1.3387383024047,0.700205949619821,-0.479913245280419,-42.6190815882901,0.0611370457958946,31,0.217976581232366,0.611691164797274,0.815385911478499,0.000471248724616597,0.000471247743144645
0.994955075760472,0.129958254366078,0.015944927444271,0.500045830129239,0.109828934637349,0.00097156606403383,0.152508682488755,0.563509367475946,-0.24601726125926,-0.158010181721362,-0.558633942163755,-0.710008461386905,0.145083582172023,0.486614039194374,0.908067261997531,0.0330607098129459,-0.184703058379912,-32.9844313162021,0.0478563282298061,30,0.089019832167918,0.341110317007989,0.568153783545838,0.000101391520202238,0.00010137081538641
0.986790827772579,0.0451188196265299,0.0151608946149263,0.500045830129239,0.0106184348562741,0.00141929090767458,-0.392252781543875,0.233890230078463,-0.100762011585227,-0.0801986731089975,-0.441523641203623,-0.668149429893707,0.402240357509193,0.643673741521684,0.876276512015142,0.0328630697317938,-0.0872277243569778,-30.0122407801115,0.0381560981764125,30,0.176342853079985,0.302834177355931,0.699491331064617,0.00187990979752557,0.000100000671030696
0.967371236542652,0.0313586146094,0.204676617506077,0.557917200097591,0.215529200113316,0.00130888575683581,0.763799013394063,1.47875865833393,-0.0104592685500261,0.18283554402638,-0.285607059842135,-0.38764147736706,0.0690524594280213,0.433107545422756,0.513551017063773,0.761779115776478,0.150701702554956,-22.8137706439563,0.104265607259254,30,0.0613327604338249,0.18822774100526,0.22004149721625,0.000111877968517022,0.000111851089391267
0.99512846544658,0.103900518606446,0.00123773351890013,0.500045830129239,0.147664596831515,0.00271653955629556,-0.472915827072204,-1.1874192244047,-0.205408250620648,-0.0286556397463721,-0.475295025072851,-0.635318441024885,0.0519989452603077,0.537515488558033,1.00004517814603,0.385358385252297,-0.0286584843272066,-28.9839093322263,0.100536982103096,30,0.048959121970939,0.378672974768537,0.615539265618379,0.0253731552060261,0.025373129391875
0.992068442549666,0.0174161481657158,0.177235688373333,0.500045830129239,0.178262884176868,0.00138635549301495,0.42215060488395,-1.04536433817098,-0.213437276977537,-0.0239871109733707,-0.544753782607242,-0.687922524608126,0.152609219015349,0.555022946259546,0.85388958214277,1.05526920243064,-0.0362753993158276,-31.6632089789001,0.0557964722203241,32,0.149108514517125,0.540169464269813,0.790994783158834,0.00220383363246472,0.00010000305550751
